split,profile,condition,role,level,pair_id,schedule_seed,query_seed,payload_seed,arrival_schedule_sha256,query_schedule_sha256,decisions,fragments_total,benign_fragments_total,attack_fragments_total,measurement_start_seconds,measurement_end_seconds,samples_mean,samples_p95,entropy_mean,unique_ratio_mean,blocks_no_defense,blocks_legacy,blocks_combined,blocks_volume,blocks_entropy,blocks_unique,rate_no_defense,rate_legacy,rate_combined,rate_volume,rate_entropy,rate_unique,raw_file,raw_sha256
calibration,bursty,benign_bursty,benign,24,0,4639347248214153384,10955617663979575976,10328589402834722599,89d494263d206a0f44d3c6fdd2e2e7a347cd7a250b27e7699c7d617f01a0380e,32a23dd8f773b48249a22fb77c40a81d6519c00dac73b2681437b9233f280bf3,150,576,576,0,6.154271892487829,43.40427189248783,25.186666666666667,42.099999999999966,4.545581926488256,0.994419912687801,0,150,81,81,126,150,0.0,1.0,0.54,0.54,0.84,1.0,raw_runs/calibration/benign_bursty/level_24/pair_00.jsonl.gz,5060eb9488ad65c09ab52e00a0a56099c69e7e2e943e738750a2c634bbbfa94b
calibration,bursty,benign_bursty,benign,24,1,5144653013124106122,2087096722690212531,12041893660834023887,2ce0d2b5cbb7e677aed8722f63db6909e61f37acaaa81b5202971eed2cef218b,47f338fbb52dce1d2e38c919017920584ae33ee652b14a771f858c49eaad9460,150,499,499,0,6.089194468599376,43.33919446859937,22.973333333333333,37.54999999999998,4.409091046510865,0.9919406450600686,0,150,67,67,116,150,0.0,1.0,0.44666666666666666,0.44666666666666666,0.7733333333333333,1.0,raw_runs/calibration/benign_bursty/level_24/pair_01.jsonl.gz,7d457313935cbbd44b06d006ada49300c24db4b07103e86a783e1242d3d43395
calibration,bursty,benign_bursty,benign,24,2,17128380560582995228,17068362342282950830,5150769653838757423,20556fca9e1c3abc873164a40d027211fefe05885157ce93dbf694ffc23e33d2,bfdc50642643aed65b5d9f9d4da335a66f7e642903904982bf7989a1be24f69d,150,513,513,0,6.123644765415644,43.37364476541565,24.426666666666666,38.0,4.503111820368394,0.9928485036218658,0,150,81,81,122,150,0.0,1.0,0.54,0.54,0.8133333333333334,1.0,raw_runs/calibration/benign_bursty/level_24/pair_02.jsonl.gz,2630d15825f7127af93049b5f50feb30b167a35e490a6b6dc94d359a3018444a
calibration,bursty,benign_bursty,benign,24,3,9134571109027334264,3383211158514900336,2180020405072772108,d0d44092c61f6b5a9ca62a4abcabdce1deb4542969416e2301ca4460810d53ae,fa870ccc3e440abafdee75a8995258f4ecf43653f1305e565f5227137dce8cdb,150,462,462,0,6.131721869441461,43.38172186944146,22.093333333333334,36.54999999999998,4.3344690668663866,0.9909659624780287,0,150,60,60,111,150,0.0,1.0,0.4,0.4,0.74,1.0,raw_runs/calibration/benign_bursty/level_24/pair_03.jsonl.gz,a5b50ddcb616e0420b84c30741137862c0fa2726ac0e825660d1a9b2ea3b3ab3
calibration,bursty,benign_bursty,benign,24,4,881858630062861589,15596871933087481293,9394310618662435560,d64328bfbfb163745620ea3b58b22963a8b7fc430e09a0c0172374fa31e14226,bffff94c6595010627632587e985cd7568fd1864b749971f7de39e5af7acbecf,150,536,536,0,6.195249192307558,43.44524919230756,24.986666666666668,37.0,4.566458705794698,0.9988214285714285,0,150,83,83,133,150,0.0,1.0,0.5533333333333333,0.5533333333333333,0.8866666666666667,1.0,raw_runs/calibration/benign_bursty/level_24/pair_04.jsonl.gz,80ebe1934ef7f7e39f0a61589b57ecf671f4a0ea30fedc400e9bac876d86d64b
calibration,bursty,benign_bursty,benign,24,5,8813645735851680996,7876064372487069723,5766916010013949353,77be85a18b41a97c202c49d9cdf250de15b9da0d86ff5134a94bba40dbbb5f79,d53f8808476610d699647ae7d9a456ae5dff202b13cb3176c1ae75c759866aa8,150,504,504,0,6.245146290606113,43.495146290606115,23.133333333333333,38.0,4.428858805113523,0.9971340048112751,0,150,65,65,119,150,0.0,1.0,0.43333333333333335,0.43333333333333335,0.7933333333333333,1.0,raw_runs/calibration/benign_bursty/level_24/pair_05.jsonl.gz,fec42db2f2952d75e512ff6a4548736dad46a4bcbcfee5fd82a2bc46477f152b
calibration,bursty,benign_bursty,benign,24,6,16450988029564330801,3148178103103781391,12886935041450253287,c76c58af2e22202b941f1c3edf6b296b862c1dbc76583ead8f5258747df31fc1,a51eeee6d4581d4a5d5f4ee37bb10e9e371c14c3c67483505d88e8d5f27278b5,150,514,514,0,6.0886973581614745,43.338697358161475,24.393333333333334,37.54999999999998,4.507010786331646,0.9919070015368745,0,150,81,81,127,150,0.0,1.0,0.54,0.54,0.8466666666666667,1.0,raw_runs/calibration/benign_bursty/level_24/pair_06.jsonl.gz,e9c83e89ea7638bc7086540bc7a7fe1260680a2fb39cf6d52ded2d127bec8b27
calibration,bursty,benign_bursty,benign,24,7,10436558862221912636,10779866620663370561,18038027353040387722,e02ab137a3b58656a29f246f2ce83cd16168d874139ad2877dcc58a6c7751f85,a33198bdf4d0a3599ad38988781acfbce609b246900412cfb6ecc785d64f9046,150,530,530,0,6.218726207878652,43.46872620787865,24.58,37.0,4.540332496709064,0.9998095238095239,0,150,82,82,129,150,0.0,1.0,0.5466666666666666,0.5466666666666666,0.86,1.0,raw_runs/calibration/benign_bursty/level_24/pair_07.jsonl.gz,0e6186d464449bb6ea7a175eb6fb6a5e6872c44ee5b98f4a0541f57c771844fc
calibration,bursty,benign_bursty,benign,24,8,14491253036515472692,17687843615610548673,5703945832311465690,47c5de70b6cea6be22b33930510a1725be6c54ce8fe1cf5bed1f3e2bcb0016e8,7dc0b3001c16def9ea37c9a871be1811d6f965395a32f2b4c841a1d9c7a88b73,150,512,512,0,6.166207106504732,43.41620710650473,23.913333333333334,42.54999999999998,4.427176773102609,0.9866385706312815,0,150,71,71,113,150,0.0,1.0,0.47333333333333333,0.47333333333333333,0.7533333333333333,1.0,raw_runs/calibration/benign_bursty/level_24/pair_08.jsonl.gz,b2bdfeab024a5c65a572bf5e49ec6861c25cff777f76e4f533c55fc8469e742d
calibration,bursty,benign_bursty,benign,24,9,5305121391958987885,18021529853778432119,6614257685305091143,ccaabe3c34de5b3709870113aaf273cc6b5f61b16feaf0d5a3420acdd201f7ab,4783a00a8ad70aea25df1da75cbe12b6bf73dcd4fb33d3eb4398f97719bfbe5b,150,548,548,0,6.117895189030931,43.36789518903093,25.093333333333334,41.0,4.528105210741651,0.9882056609846457,0,150,81,81,129,150,0.0,1.0,0.54,0.54,0.86,1.0,raw_runs/calibration/benign_bursty/level_24/pair_09.jsonl.gz,ab415603c09def13ebc64ddfd10876e0d97f8176b7d84c8ad1639967e1219bb8
calibration,bursty,benign_bursty,benign,60,0,7535764254784489874,14887011713379673532,2602227253724334827,40823fe29842574b5c321e644d77dcff5c8aa9176457c33e7a5d34ba1aee4a70,bf7dd8c51bea4a9e96561fb4b16b3b83968959fe30faf35c1998fae8226ddba9,150,1310,1310,0,6.240286966221824,43.490286966221824,58.86,89.54999999999998,5.78450759294426,0.9879380372647465,0,150,150,150,150,150,0.0,1.0,1.0,1.0,1.0,1.0,raw_runs/calibration/benign_bursty/level_60/pair_00.jsonl.gz,95b3f8330a22454d491d0e642c6411bfe0c21872b47b335c832a832f02f0e46a
calibration,bursty,benign_bursty,benign,60,1,1706549331713346407,3171094352845093217,7010532829369177798,d2075aee26c91732c545c16ee5c27e09157548feeb305440a1eec0c6cb7accbd,834726b06cbb488e7293c187df6dd7d15f7caaa99bd536b6fdf8476dd20bdba5,150,1273,1273,0,6.11573750584573,43.36573750584573,58.42666666666667,88.0,5.757384534708964,0.9822882622764451,0,150,150,150,150,150,0.0,1.0,1.0,1.0,1.0,1.0,raw_runs/calibration/benign_bursty/level_60/pair_01.jsonl.gz,ab8ba661a10cc49f6360a8989285dae063ee8a5f393cec1093185e54d035eb85
calibration,bursty,benign_bursty,benign,60,2,2326140318554644062,7512008502173857762,6494324689754188029,63618d4bc79b33c53f4042b39ac5febf994aa7d89d4fbf2119b93885fe07adfc,bad5d7badd8983b22d17cedad9da19253c73f1d5d0a5b0c557a769ea477aabe5,150,1321,1321,0,6.236762249017241,43.48676224901724,59.233333333333334,91.0,5.786238595205453,0.9860781302364319,0,150,149,149,150,150,0.0,1.0,0.9933333333333333,0.9933333333333333,1.0,1.0,raw_runs/calibration/benign_bursty/level_60/pair_02.jsonl.gz,94a93b1418892c31200da24ed8e569c510386b2b44e7e06a2ff46c029e644070
calibration,bursty,benign_bursty,benign,60,3,14680328403015510371,2248628749486901378,17890813458572576362,c3d41e466588a93c4b5ae51aef766e9a8089f63a53386080c5268b99aa9c0d53,a1e6a0d15736217db3f0d220787f5e11eb64b463cb0c849393f33e8af455d882,150,1297,1297,0,6.21724112963443,43.46724112963443,59.88,90.54999999999998,5.8083707965258045,0.9874729642158343,0,150,150,150,150,150,0.0,1.0,1.0,1.0,1.0,1.0,raw_runs/calibration/benign_bursty/level_60/pair_03.jsonl.gz,9079358c63caaf2e4a0295e4dd56e8ca805cd24176ac353a041037fc42b1bdcd
calibration,bursty,benign_bursty,benign,60,4,14151046593390010019,11209203794009926152,12379628670623062490,690f20fd141baaf828faa6c899ce1b20e293adbf1d5e9182346f86570ad541c6,ebea93135e52dc943b13a65a93f4f17b22997d3a5735f22e5621bc9880c7546c,150,1252,1252,0,6.122495085156401,43.3724950851564,59.2,87.09999999999997,5.795752594289323,0.9909943145058795,0,150,150,150,150,150,0.0,1.0,1.0,1.0,1.0,1.0,raw_runs/calibration/benign_bursty/level_60/pair_04.jsonl.gz,4e47a4b545b937514add633fc613e73f23f7245d97fe9f6f9318ad8b9c7df170
calibration,bursty,benign_bursty,benign,60,5,5736120164779405681,3194201755490833985,7310711613832847781,e3cfc1305766a921c589b9dfb2edb9b1557fe6be0ebcae2a0857be9edf8befc7,6a136447ac4298f0a5e3ff55f982d81e5ff5e36f80f6f7192fb0135865ced063,150,1305,1305,0,6.0926729465613665,43.342672946561365,58.653333333333336,86.09999999999997,5.770610486458605,0.9839923199469646,0,150,150,150,150,150,0.0,1.0,1.0,1.0,1.0,1.0,raw_runs/calibration/benign_bursty/level_60/pair_05.jsonl.gz,6651731417aceb7cef0e8e676da74fbd1c917d00dd0cf004433aec0df87c08da
calibration,bursty,benign_bursty,benign,60,6,7575105235210998895,16638563698675333250,12099497734899173917,156bd01534933fdb3b0dba45baa999cd8e68dcbee34e399ae910d2efb983ede6,db49c448dc1e42fd954cf116fff13fba41c0a309fc94d4bd7a78105cb5e3c258,150,1275,1275,0,6.175257633208113,43.42525763320811,60.52,90.54999999999998,5.8207100208909965,0.9865035066655723,0,150,150,150,150,150,0.0,1.0,1.0,1.0,1.0,1.0,raw_runs/calibration/benign_bursty/level_60/pair_06.jsonl.gz,bcb3d2b968722b926af7ac250322deadaba00c92784d1b2e034e8b0eba3469fc
calibration,bursty,benign_bursty,benign,60,7,6637924036122564093,10157635117886852221,11038292206737271862,8b5ba5c275f86dab7c95a6406e9a33118541ba5e2f974ce45e08b8b3b7540889,5dce30ff4d326e62047fa10a084ff89ae1972f2272abcef7898f44db41f779a5,150,1328,1328,0,6.027981622927506,43.277981622927506,59.306666666666665,87.54999999999998,5.798379928307304,0.987998786255911,0,150,150,150,150,150,0.0,1.0,1.0,1.0,1.0,1.0,raw_runs/calibration/benign_bursty/level_60/pair_07.jsonl.gz,0fbb99cf69bde646972a57429807471ef2434c37de219f5fb5b515943bd6ed6d
calibration,bursty,benign_bursty,benign,60,8,15540176733095735041,6110061519852723130,9697420305545389646,d298b78181460f88e0b5509ae60507529e53d02b1e84bbd18290d87b3f0df36c,f18de777607a5f42d999d25caa7162a213d114020ddb585a5cd7fc4e72078211,150,1304,1304,0,6.039930448862844,43.28993044886285,60.04,93.54999999999998,5.800206617778512,0.9886264707792859,0,150,149,149,150,150,0.0,1.0,0.9933333333333333,0.9933333333333333,1.0,1.0,raw_runs/calibration/benign_bursty/level_60/pair_08.jsonl.gz,17dc2784cb09d4317cfe59a9b7cef39e936b423069f8f3a9a3d84ef9ce437f6f
calibration,bursty,benign_bursty,benign,60,9,8525633833741690363,7220218538478724129,16330190558349328110,8318bb957ead953003d8cea82cf8d8090287aa251ec52743273d451aafe29f19,75ac9c1f520d93232217e58cd347c38d42762b2916cf3299bf7abb80d7080004,150,1304,1304,0,6.063366673335704,43.31336667333571,59.18,92.0,5.784775141906176,0.9862739511776784,0,150,150,150,150,150,0.0,1.0,1.0,1.0,1.0,1.0,raw_runs/calibration/benign_bursty/level_60/pair_09.jsonl.gz,5ca73cb00709a417754fc5dcd7911d39fafec270930268dddc67c4da6145501b
calibration,bursty,benign_bursty,benign,120,0,9094730634991049090,7731947063946811146,8263475454355799928,487c55d01c2d49dcd00be95da9b31ce3472e8433cb86d92ca78e03151a54e398,fbb5ddc19513193128adeef9042c2263f6198fc5d4a48f9ce6ce37516c6384df,150,2684,2684,0,6.147882133639972,43.397882133639975,121.78666666666666,175.64999999999995,6.799994652669564,0.9697916486901138,0,150,150,150,150,150,0.0,1.0,1.0,1.0,1.0,1.0,raw_runs/calibration/benign_bursty/level_120/pair_00.jsonl.gz,94905ec757bcd3360866f549e6c8b695f1f8ee1a783531c18d4af73a207bf102
calibration,bursty,benign_bursty,benign,120,1,15914461639275373002,2898681526823918243,9975966364797462648,aedd2e784cf2f85731f9f3a7ba9a5adec9ab52a3a1d06e245249fdbde4ad5469,cfd2a2c04493042ab047801b371533dbe63030cc6a75e4398148f64266f94499,150,2478,2478,0,6.143309317372777,43.393309317372776,118.51333333333334,171.0,6.767001202719968,0.9725491961014391,0,150,150,150,150,150,0.0,1.0,1.0,1.0,1.0,1.0,raw_runs/calibration/benign_bursty/level_120/pair_01.jsonl.gz,92614ae3175c6c998370dd62cc27ab71ce9a9b07a664b8a0bd930ce5b34a5d77
calibration,bursty,benign_bursty,benign,120,2,12917209146805106535,4290902028158555246,15698340832995626372,9897ca2cecb17bf3560b28599cfde66b0b8ecd692ea198ff6daaecd1ec5fd1ea,45c3ca347e38d1afaf4ba3614605a739bf51bca64ad33730e33f65f33b555302,150,2594,2594,0,6.062613345779381,43.31261334577938,121.3,175.54999999999998,6.800182964874454,0.9732939929004613,0,150,150,150,150,150,0.0,1.0,1.0,1.0,1.0,1.0,raw_runs/calibration/benign_bursty/level_120/pair_02.jsonl.gz,32747bbb52eabef5aedcb4f6a6dfa2603e2afc9a3713dd1be367c69c740596b6
calibration,bursty,benign_bursty,benign,120,3,16877136812781217421,1743841590115959880,1660905765677296732,74a11acf6513110be6ddcf49f2aa63ee8c4566b9cdf83e5c4be3ccb318a17407,dcb86a6a795eca858e6df6cec3c7399943f3f3746b7e2e78e9d32adc56f9eb94,150,2660,2660,0,6.04842364466357,43.29842364466357,125.1,180.0,6.837400663712612,0.9689114090914708,0,150,150,150,150,150,0.0,1.0,1.0,1.0,1.0,1.0,raw_runs/calibration/benign_bursty/level_120/pair_03.jsonl.gz,ebdd192512461d47c0eec8a1c36ba7ef56ad776a8d4c6bd2acee0d4af01d2d95
calibration,bursty,benign_bursty,benign,120,4,16889806125067538823,10407009759034297970,14755256129381189788,18b2587ff61a3cb0db23109b1b83c726337d65a12c20a9187b06e6d7de084e5a,0fe6d240ceae82016df1606f942ba1c966c3e4c07b45157dd69de818298a91e9,150,2647,2647,0,6.155026615170997,43.405026615170996,121.38,176.54999999999998,6.7987053396395085,0.9684875119480975,0,150,150,150,150,150,0.0,1.0,1.0,1.0,1.0,1.0,raw_runs/calibration/benign_bursty/level_120/pair_04.jsonl.gz,9c65942d6c9abfa1a2b77d486592a76bf4f888802c08afe11eebf62f945afb3a
calibration,bursty,benign_bursty,benign,120,5,1057321770108647701,14201164761692938346,18149155678698769283,18cc0454c6b05f2bd6e5a642c7cc7f2301bfc8b0509dd7efcdba9e7fea58e3a2,912d64bd79e9b26184f41821d6cfff09bc486bb3908a1c6e7d692f8fa8acd358,150,2522,2522,0,6.091688015040798,43.3416880150408,120.00666666666666,170.0,6.784903557756012,0.9708079292247409,0,150,150,150,150,150,0.0,1.0,1.0,1.0,1.0,1.0,raw_runs/calibration/benign_bursty/level_120/pair_05.jsonl.gz,2e50ff466c89224f7c0e3953e8921cb5989ab004db9af27f554f2032e4e9b421
calibration,bursty,benign_bursty,benign,120,6,3122616394761805408,14352200112316549683,8501803386825253583,6c7f5a1e3a62f478993bd4e1f362d14e36a784952b1460a72c379a17b9a46fa8,5c80af431bd0182d0f4335302e28cdb39fc0e1c034f8fee9ff345d80630c8202,150,2736,2736,0,6.202735470027214,43.452735470027214,123.25333333333333,186.19999999999993,6.809125473871489,0.9702223349415359,0,150,150,150,150,150,0.0,1.0,1.0,1.0,1.0,1.0,raw_runs/calibration/benign_bursty/level_120/pair_06.jsonl.gz,34883549b4eda2b4326a378d2d0ac4f272409b715d1d91a35b671254af1a00a7
calibration,bursty,benign_bursty,benign,120,7,8554661712065054858,14717709855775747857,13646057635979842475,55e69da67ed7aa3d8758ea7297c0988bedce6769963d3fb78eab95aeecddfc22,7b0f788f2a5ec868e4266460eee14223b3ca3970aee9916cc44ce2c99254abf4,150,2587,2587,0,6.177697794815228,43.42769779481523,120.94666666666667,181.0,6.786749759712968,0.9702729949092619,0,150,150,150,150,150,0.0,1.0,1.0,1.0,1.0,1.0,raw_runs/calibration/benign_bursty/level_120/pair_07.jsonl.gz,7beb40bb4455121e7e34efdffd3cbebb480ea35e2cbfdf0a7966cf033c26fb01
calibration,bursty,benign_bursty,benign,120,8,16870464274881402400,1950564853341907980,2835240278699891410,34802f7068c3b41ef71d681f7b0b5ddff424775fde53d41dd5a34bf71c3206a7,1d74e62ffd27490faff55c99112df4c98fd91cd57a7cb14d195520004cade493,150,2693,2693,0,6.117693809455416,43.36769380945542,121.37333333333333,182.54999999999998,6.792151327154845,0.9708674860067121,0,150,150,150,150,150,0.0,1.0,1.0,1.0,1.0,1.0,raw_runs/calibration/benign_bursty/level_120/pair_08.jsonl.gz,135223cc8c66d981149387d8b9c5d0889830a0cc544244ce3da85f2ae3c33d56
calibration,bursty,benign_bursty,benign,120,9,11225702634583821308,16532337783184678241,6350787491894144617,881f65418bc04fc0dd905a14be41757398db200cc00400438232ce86508d7412,c2b890463a089fa2aca5cdd00a101a10143cb4d23463c438766968c64c198dfc,150,2661,2661,0,6.168217183673487,43.41821718367349,121.59333333333333,177.0,6.806170725233619,0.9733402593873821,0,150,150,150,150,150,0.0,1.0,1.0,1.0,1.0,1.0,raw_runs/calibration/benign_bursty/level_120/pair_09.jsonl.gz,10bf3b3dadfb718c3f2350c4c5d2286d7dbf469b4173b501e0806d985e4c34df
calibration,bursty,benign_bursty,benign,200,0,14642148752032785582,7402025104951184599,17347881150132568762,6ec0f0e9745511bd2dd85c32283e45a5b6ef995d6bd36bbff5c1da93fdd5e280,0d04f2a11df05a5ee44819149a1e2929f7dbf67cb63e818bcd6fc60c5039c512,150,4348,4348,0,6.2352347500690755,43.485234750069075,198.91333333333333,279.09999999999997,7.481748358187369,0.9543865401493457,0,150,150,150,150,150,0.0,1.0,1.0,1.0,1.0,1.0,raw_runs/calibration/benign_bursty/level_200/pair_00.jsonl.gz,da2cbdd8b60f79a41b1a8a3ac2c19464601041de58c965df84ec04e625ba4ad5
calibration,bursty,benign_bursty,benign,200,1,6583253704384485558,17873357037308705727,1490485179396484131,01cfcf23bdc311de94c90e85a476a7e0e7cb16ff34899d0f96ee16880d735585,8114f4715475652b958f024023a1f85670da8e24879684d31e6190b0d0623a96,150,4375,4375,0,6.178977170458247,43.428977170458246,203.6,288.54999999999995,7.519863911949768,0.9571175140415318,0,150,150,150,150,150,0.0,1.0,1.0,1.0,1.0,1.0,raw_runs/calibration/benign_bursty/level_200/pair_01.jsonl.gz,c5319aa73dc60220d7cdf802cf208431dc8b66a1057a0170abcbf1beb9064d81
calibration,bursty,benign_bursty,benign,200,2,13460932717458733837,3042682407150864359,6006403065273457278,ca6f7f91aa8b15563f60ac096df1385b7c2d615accb528d79a854db15d18cef0,3855c8b2bb6ae1c9a85ef7200e4b59ceb35a7051728d4651ba5a23acb8cab5e1,150,4455,4455,0,6.202172910677312,43.45217291067731,201.17333333333335,291.09999999999997,7.489206371992166,0.9534339843502039,0,150,150,150,150,150,0.0,1.0,1.0,1.0,1.0,1.0,raw_runs/calibration/benign_bursty/level_200/pair_02.jsonl.gz,960decad2fe3fb4e66bed50a06f4be1c7b2f2da09ee816913428ce2ea6babc41
calibration,bursty,benign_bursty,benign,200,3,9570378081210666891,11401857593803639954,11053876387694794345,8051df8c02675230a28d7d67539cc9c16497fdb02a1a7ca8b1b4d703db88da91,49181970de5d0a7734f8b6e49599e38993c8cb234d67e096e0f68540cd378259,150,4223,4223,0,6.159072512414016,43.40907251241401,197.52,281.2999999999999,7.4798566834085,0.9583272294488141,0,150,150,150,150,150,0.0,1.0,1.0,1.0,1.0,1.0,raw_runs/calibration/benign_bursty/level_200/pair_03.jsonl.gz,8e2b77b3e91ca466c7d7a90f56883664e9d94f5e22f70f40e05c7cd9b41467b3
calibration,bursty,benign_bursty,benign,200,4,13085897464229949975,1047424868033865888,5095245327114929968,b8877123fddffb4707fd2e4aa8ebebe55d3d6ffd306e1766c7b3127fccfe1f29,af7cbdfc41d61ca23a89892473139fa3de02ea80c7b9b144825b94870b0a0c44,150,4284,4284,0,6.196609080672674,43.44660908067267,198.37333333333333,286.0,7.472097318778649,0.9519023356436837,0,150,150,150,150,150,0.0,1.0,1.0,1.0,1.0,1.0,raw_runs/calibration/benign_bursty/level_200/pair_04.jsonl.gz,036071598e46f1ed5cad9ad4dfb8fb1aec64951efbb785adaea246ea5b7732fb
calibration,bursty,benign_bursty,benign,200,5,5041337691770345748,7495431414313827446,13716082839119151746,359428946aa8d3ab765168512022339230353c80c5fe6d9c01a68f6506d274e6,f0094777fa8741292590b46ed2612c157a2ad254bb744ec57e5e82d7bd16a270,150,4380,4380,0,6.190705720931055,43.44070572093106,204.77333333333334,291.0,7.514144853474011,0.9512742788472838,0,150,150,150,150,150,0.0,1.0,1.0,1.0,1.0,1.0,raw_runs/calibration/benign_bursty/level_200/pair_05.jsonl.gz,57f97a4a5c0fb06be792508769a3f0d0e5d744e9e3899691cad896f1c3a44cc8
calibration,bursty,benign_bursty,benign,200,6,14936018274771237347,16418368104697234739,10003734408023992240,034f579b60dcf586e81b4acc3647c9f83751ce5ac2578dfd6003e71c148b2d50,607261b1d12400ba459341e6534890dd32132f5138039aa1be5539d5c24b05e1,150,4352,4352,0,6.216728720460314,43.46672872046032,204.92666666666668,295.09999999999997,7.504167598075143,0.9487176407202814,0,150,150,150,150,150,0.0,1.0,1.0,1.0,1.0,1.0,raw_runs/calibration/benign_bursty/level_200/pair_06.jsonl.gz,fc4c098b768c0936d3e2afb684ca44b47a745ea43b05d9821ae428ec19847bc0
calibration,bursty,benign_bursty,benign,200,7,915961973140900674,16164984643938357476,10902143838978445768,ece9ca7266957268fbe5112bb7c10cf48e7e030d42b54502a6c13f0681724280,22c1d9fa2c963a5740685d056676e88a7045bc608191d4a817749976d417b315,150,4318,4318,0,6.096013490471646,43.34601349047165,196.78666666666666,280.54999999999995,7.46374226013282,0.9573390971143446,0,150,150,150,150,150,0.0,1.0,1.0,1.0,1.0,1.0,raw_runs/calibration/benign_bursty/level_200/pair_07.jsonl.gz,82296c2563c314d6ef2bc6033d2adb8eab1b89f1686f83453a36fedba161a132
calibration,bursty,benign_bursty,benign,200,8,11840118907126105473,12258675552247700409,9528029876072093986,2dd2691819daa6ead692f5f758e0468226841c548e3d6e5b94261b3490f9308d,bfca5ec571e6cbd23da7fd2e502fea6ed07cf08a4ac58e298fb833c933f5a8dd,150,4445,4445,0,6.113935746593916,43.36393574659392,201.68666666666667,285.54999999999995,7.492680269934198,0.9500699620098936,0,150,150,150,150,150,0.0,1.0,1.0,1.0,1.0,1.0,raw_runs/calibration/benign_bursty/level_200/pair_08.jsonl.gz,947666dd65aa36c5224647ac02879ba395fd74875043bcdc505ed03621822703
calibration,bursty,benign_bursty,benign,200,9,10951519743782940705,3630892124890015163,13651538599588445557,570ac692e96279586a7e7a30852013fbda4f83bfdeac95607f84d54a6ef42668,4235bca3224ea00ac577c93ac551cd5256acfcb65382df5e50231f1694bfc9ba,150,4179,4179,0,6.031979503274211,43.281979503274215,197.60666666666665,288.0,7.467304515429517,0.9547420074940749,0,150,150,150,150,150,0.0,1.0,1.0,1.0,1.0,1.0,raw_runs/calibration/benign_bursty/level_200/pair_09.jsonl.gz,d94f6237f7ff37f92488da23900733449e86cfa6f85a85c0e8936283f7b72c86
calibration,continuous,benign_continuous,benign,24,0,3062416766063745393,10900754909880988366,10486579146626960813,14b13474d0b1937491f3eb1fde54f1d26fb756d8d36439c5c37b60533ebaceb6,b657ccb307c37e4406c842a0c9d2faf688fe44cf6a56ac5f22a09675f74712cf,150,487,487,0,6.155056284328076,43.405056284328076,22.713333333333335,30.0,4.457693987500993,0.9961528519715427,0,150,69,69,136,150,0.0,1.0,0.46,0.46,0.9066666666666666,1.0,raw_runs/calibration/benign_continuous/level_24/pair_00.jsonl.gz,1dc44e1e15f3836ca25f76cae78bed6cb552747270df1a660698efd0b03b3992
calibration,continuous,benign_continuous,benign,24,1,14009983127411561875,11644043806815083802,16593253787422957178,1b7e958e31e0065337c1e399c601855af19d98f2ae641594feaf056f03677c42,276fe87dc6c7cc8905a1f788f491bfe7a0b4b264e8954c864903b31985249973,150,525,525,0,6.064751865216744,43.31475186521674,24.066666666666666,32.0,4.547707217047235,0.997924141352317,0,150,79,79,140,150,0.0,1.0,0.5266666666666666,0.5266666666666666,0.9333333333333333,1.0,raw_runs/calibration/benign_continuous/level_24/pair_01.jsonl.gz,59fc2188946ef851dce2d3e6729a07c2a450d8b78dcf92c20f19b15fe543d7ae
calibration,continuous,benign_continuous,benign,24,2,370540471381056664,12872671095906737218,14059409858932584796,9c6b968e5b0ee91a425ffb521c96547069114e47f37d028c5f0c860007e769a4,fb484dd1e85fcaf03d9e1ff3f9f186b9f82a9a9841385bd1138972ea7ee4aed4,150,513,513,0,6.156206838155196,43.4062068381552,23.3,31.0,4.505038288951026,0.9962222172888838,0,150,68,68,143,150,0.0,1.0,0.4533333333333333,0.4533333333333333,0.9533333333333334,1.0,raw_runs/calibration/benign_continuous/level_24/pair_02.jsonl.gz,bd6695d3d13b1496f97f416cba2b76d179c07e37a95d018ebab363495efa34b7
calibration,continuous,benign_continuous,benign,24,3,11632077548237768980,8720491566476406809,6935835428905948019,36b7ab2121eb5fdbef2229c2ab64ce67144e42219241a3dd7ad6fcb8e3d75bff,9e0aadc459a6c34c307551c1637344fc61157950f11ccefe28f2fe6af7a895d4,150,494,494,0,6.130985238340577,43.38098523834058,22.893333333333334,29.549999999999983,4.472483514325391,0.9909652326297891,0,150,69,69,146,150,0.0,1.0,0.46,0.46,0.9733333333333334,1.0,raw_runs/calibration/benign_continuous/level_24/pair_03.jsonl.gz,9d7e3a4d2c2286608f8082c3a3e64276d68fdb7177bf42bf25d2e07bbd17f31b
calibration,continuous,benign_continuous,benign,24,4,12715315431891721183,4690943531546050303,12385526427371159187,56906d1ec9390d82537ed240db6f293dee49536fea2c15d39f41df496ac3525d,2f7c44a5177630a30e6cb16dca932adc6a0367a710ac5bc352eb43a4d08e41f2,150,530,530,0,6.070950303826979,43.320950303826976,24.553333333333335,33.54999999999998,4.573272917665546,0.993400156647059,0,150,87,87,145,150,0.0,1.0,0.58,0.58,0.9666666666666667,1.0,raw_runs/calibration/benign_continuous/level_24/pair_04.jsonl.gz,77da8636550051a37212391064d59fe27680aa2df389f996313444c58cdd3a5e
calibration,continuous,benign_continuous,benign,24,5,13514201889892420303,304012146478401910,7183816768118175292,97e264d4127fc219aa02d45b75fe7bf212890f374773ee7a9465fbb7f182b6bb,4753b9ffc72c8c951e7b1832165737205057d1053048e89f49227f8134d0e286,150,547,547,0,6.058462126509247,43.30846212650925,25.06,32.54999999999998,4.595532199223087,0.9919689780813191,0,150,95,95,144,150,0.0,1.0,0.6333333333333333,0.6333333333333333,0.96,1.0,raw_runs/calibration/benign_continuous/level_24/pair_05.jsonl.gz,0e35694d71a12293c59a10cf8d005221967bbfda603af04839378a529454eb97
calibration,continuous,benign_continuous,benign,24,6,554032864733521799,6633471824585565028,1270836544048559637,7499ae39a8e9adc36947297dd826bd0f9c799bea29306e34bcebd0615aa99e61,6c0ae8c4593550d60c6fe2ea113b284ddd9df2df5302b37697c1c3e1072c2405,150,546,546,0,6.041135172326559,43.29113517232656,24.946666666666665,35.0,4.597406664104697,0.9934024942845148,0,150,84,84,149,150,0.0,1.0,0.56,0.56,0.9933333333333333,1.0,raw_runs/calibration/benign_continuous/level_24/pair_06.jsonl.gz,3c6175e6925349c0bfd7326b68617bb215b5f96705b9b2f6b6bc583aab75ad29
calibration,continuous,benign_continuous,benign,24,7,7791342357546203955,1953716053491461771,16242284577980290483,5b5d812ae521a97d87273f3362ee7f2056f4534b3b83de638274901502d5b34f,310b0ef2c2ed1ee519d6015a5aa0890a47630a023f129d747d3c1a9e366f0d59,150,516,516,0,6.042993966219402,43.2929939662194,23.72,33.0,4.5088516677818085,0.9912774972971389,0,150,79,79,140,150,0.0,1.0,0.5266666666666666,0.5266666666666666,0.9333333333333333,1.0,raw_runs/calibration/benign_continuous/level_24/pair_07.jsonl.gz,4dce7f28e87b0f786e1706617a7ad649fafeae0937bec072ff11518d2f09ebd0
calibration,continuous,benign_continuous,benign,24,8,14748634966923814441,10040545972419372047,1539681592732471858,a930c5acfc425f4eb6e56d613e83a528f7ba482b5999aa5e9f0bd5071f9c1c91,bf9c0f489742fd0f35665e137a6f4500efec3bf9168dedca2f2870f3772de17b,150,535,535,0,6.211683492636976,43.46168349263698,24.573333333333334,34.0,4.570966475781624,0.9966168275097592,0,150,90,90,139,150,0.0,1.0,0.6,0.6,0.9266666666666666,1.0,raw_runs/calibration/benign_continuous/level_24/pair_08.jsonl.gz,4c09907217170306b274cdbcf272c0215eaadd7fc0778e9003a88ac237d2f3b0
calibration,continuous,benign_continuous,benign,24,9,15861006166076593261,7416120794932277444,12109812151012644706,67a533220e0d0a8e3001214c259fa91b350240af6196ef463e5e4de553ef9e7b,85b3170235790732c252783381502375df593fd821560ab503915e5e6e817eb5,150,551,551,0,6.241712809761024,43.491712809761026,25.593333333333334,32.0,4.644013987146043,0.9921290067772611,0,150,102,102,149,150,0.0,1.0,0.68,0.68,0.9933333333333333,1.0,raw_runs/calibration/benign_continuous/level_24/pair_09.jsonl.gz,3df4f16af8e684177bd964f709fa9282f2446307ad3fcaed09169f2ced48654b
calibration,continuous,benign_continuous,benign,60,0,6539245801232288236,6845343308779278518,17035468100654249602,05d7568eca5dc412d9b6e32b87644e486d8e225268337e92e3915c59aaae1bc0,cb88c49b027d35593bf0e0918a6899d3db58935a86d53d1cffcf56834c5f846d,150,1336,1336,0,6.103297789761711,43.35329778976171,61.13333333333333,72.0,5.890626297761231,0.9833271547654607,0,150,150,150,150,150,0.0,1.0,1.0,1.0,1.0,1.0,raw_runs/calibration/benign_continuous/level_60/pair_00.jsonl.gz,531dc77e5debdc5e5ea81c5dd638fc67f03fe0d96bbce33f15e3d7d9ab0e48dd
calibration,continuous,benign_continuous,benign,60,1,7659718519786274022,11130891191110094429,17166766427254890312,7f1cc0eedeaf086cd4178990a1aa2034aecf58355566a82021e4177427a81b25,2915a0d65f2749a826021f48f20cdb8c91563aa8de53ebf5aa4d7407e15ce58b,150,1329,1329,0,6.001319295321554,43.25131929532155,60.46,72.09999999999997,5.8841733267570016,0.9886088072345794,0,150,150,150,150,150,0.0,1.0,1.0,1.0,1.0,1.0,raw_runs/calibration/benign_continuous/level_60/pair_01.jsonl.gz,fe65e327063206a8c01595c4cc54d736dbab41aaf3ebc37cbf099daaf1de4832
calibration,continuous,benign_continuous,benign,60,2,17342713568294791210,13568067301481151078,14156519287295604905,54b227aa45565b6df6cd186440b3934ea01dfe3ecb802d106168758ec80dde29,ad9f1d20c34a3b8a19d8735f2677fbf4c9b0e0434ba09e6cd1190303620efbaf,150,1319,1319,0,6.146127363403749,43.39612736340375,60.9,70.0,5.897364419186749,0.9872470920192685,0,150,150,150,150,150,0.0,1.0,1.0,1.0,1.0,1.0,raw_runs/calibration/benign_continuous/level_60/pair_02.jsonl.gz,edae0b7e87f4cf89290c91b51fd8e85616a03ecc1f5f9da9d7f4d60beaeea7ef
calibration,continuous,benign_continuous,benign,60,3,4997799084428716862,5283607758275975730,5273460442709758806,e0f7e81f1a1d909d89216d18235c2f6c30a61fcb6fadd2462f28a2867171da3c,7856cc37c69f90780d19686114317c9eee2f8c34b273e9f76526a5a2b09a547b,150,1287,1287,0,6.069198981599065,43.319198981599065,59.42666666666667,73.0,5.840805924017286,0.9788851866683302,0,150,150,150,150,150,0.0,1.0,1.0,1.0,1.0,1.0,raw_runs/calibration/benign_continuous/level_60/pair_03.jsonl.gz,08fd39262e762b4d882fffc1be0d3b18abddb5db5a68d37c4682060668fcaf3b
calibration,continuous,benign_continuous,benign,60,4,17024037684433055054,4500716609975232402,17057591466644668220,13bafd4b0d885997ea46b973f2adf23c83701f3680395731bddc1f017faab39e,202893726d6ebaaa10e6f71892468dfa4a55f7e5dbbf48fb9b245d8e2c86c317,150,1288,1288,0,6.003424389981407,43.253424389981404,60.34,72.0,5.870927671269116,0.9834742732846583,0,150,150,150,150,150,0.0,1.0,1.0,1.0,1.0,1.0,raw_runs/calibration/benign_continuous/level_60/pair_04.jsonl.gz,61a81f04772ffb1fa0242c09a670c9a6dfc88e81cccdc27c07eab662311842e6
calibration,continuous,benign_continuous,benign,60,5,11148800632205363255,1011119023853982718,15811941321675447240,84b23e7f266de1ac36ca8ce64e07563f505ebd5e0cb1aba2559abd3be9309647,c59c5ed6bf689ff4b2c81a1d08741372865b4506d75f0c8cd2132ef5f46463e6,150,1337,1337,0,6.185107791691095,43.435107791691095,60.99333333333333,72.0,5.884729967917079,0.9829045358127306,0,150,150,150,150,150,0.0,1.0,1.0,1.0,1.0,1.0,raw_runs/calibration/benign_continuous/level_60/pair_05.jsonl.gz,1836d1c4628436cdd78e8e54c3ebb7c0a333ebd11857080bbf8eb6485c29fd88
calibration,continuous,benign_continuous,benign,60,6,3755803347952968623,6634006565778051053,17294093716558318121,610fd4362225ab7b0ffa94328e36c58e67148f5075aceb8d901258156ef1e37f,de836e0d043548cfb8ca00376ddd25d0d4bfaa80097699a34f6c9006ac9f89db,150,1304,1304,0,6.1904676431904635,43.440467643190466,60.24666666666667,74.0,5.87316236348414,0.9884749651664426,0,150,150,150,150,150,0.0,1.0,1.0,1.0,1.0,1.0,raw_runs/calibration/benign_continuous/level_60/pair_06.jsonl.gz,e2421005b5705569db74b6cca836442626b87607494412adfc17916c89d34379
calibration,continuous,benign_continuous,benign,60,7,17187118752175728023,10705134199025698565,14228905021053309145,1f2fd19f72cd88ae8265390ec7109fff467c99de4b53fdfda6818f1d96454b75,e1835fbd8072a4a8f061fe7f9975013205f5b734be5f025e7786614241516ae7,150,1313,1313,0,6.247867401915199,43.4978674019152,60.03333333333333,76.09999999999997,5.857552503849488,0.9839536611298059,0,150,150,150,150,150,0.0,1.0,1.0,1.0,1.0,1.0,raw_runs/calibration/benign_continuous/level_60/pair_07.jsonl.gz,ea901c9517b8c8829a63fcb96cfd72bc987d65997e740322dd82fe25be22184b
calibration,continuous,benign_continuous,benign,60,8,369555019032492314,8614883554881445882,15703538296095697689,0f4b779158033f9e7af19cc4a08253ac15df49004630fc7f099adfb411613264,268e87672ed93af012ab26ec6af09ca0308cd86c7ba6ec8cefdcafd25185ca6c,150,1324,1324,0,6.058181137180849,43.30818113718085,61.5,74.09999999999997,5.8981248316964985,0.9845995415230137,0,150,150,150,150,150,0.0,1.0,1.0,1.0,1.0,1.0,raw_runs/calibration/benign_continuous/level_60/pair_08.jsonl.gz,61e324215de1d6f31a5143521e21859d483f4e0696a2fe15b20c6c23a85f8692
calibration,continuous,benign_continuous,benign,60,9,18109927238007761739,12480533510226475858,1429457499406708322,97329ee4125a8c9172eccdfd61d7712e97fea993817bfa17200dbb9822aa7b1c,e78d3f46fcde386736dc8d7357d4aaffbcf57cbf723bf0b2edfdb1bf8c6b550e,150,1285,1285,0,6.047548050706355,43.297548050706354,59.76,72.54999999999998,5.867177579307403,0.9868501737869629,0,150,150,150,150,150,0.0,1.0,1.0,1.0,1.0,1.0,raw_runs/calibration/benign_continuous/level_60/pair_09.jsonl.gz,186e11deaef324f156287fdeab507c831ab0ba0c6615b7853dfea8eb054f881f
calibration,continuous,benign_continuous,benign,120,0,17090399579311017229,18350586084877894881,3732047557600521804,0033d010798885a878fdae89dc3e3e3970c26d3e23a096ef0c071d4a050fec65,65440a2a16cda3873ee442e0014703a2aba248be885e918d6a22cb7aeeed1e6f,150,2643,2643,0,6.209557565250205,43.45955756525021,121.14,141.54999999999998,6.860964290259008,0.9735914598673933,0,150,150,150,150,150,0.0,1.0,1.0,1.0,1.0,1.0,raw_runs/calibration/benign_continuous/level_120/pair_00.jsonl.gz,38d4686640406c706f802fa77f398682cf9d3b8502d8a70cef604ea5ad0eb77a
calibration,continuous,benign_continuous,benign,120,1,6367249661184248666,9845618051480767506,2239536400771853169,57b496fc0c7a11e1d18e0c06942d1a7b4bf51e7bdd981a91aff74d4b0122c310,7169d4d47c730c884eb16f1c67939e750ccb316e60630bf6fb099ce80be2cac2,150,2630,2630,0,6.176237735947499,43.426237735947495,119.10666666666667,137.54999999999998,6.838653753277949,0.9746613593492112,0,150,150,150,150,150,0.0,1.0,1.0,1.0,1.0,1.0,raw_runs/calibration/benign_continuous/level_120/pair_01.jsonl.gz,8d083f48205eefc6a51fababa8ea88a6ea9352304bc1fe129b7433bac0783fb5
calibration,continuous,benign_continuous,benign,120,2,5908236760732678797,12923363839531897825,10012524499640632581,54341dc01cf77afd70a57adafd0c58f4ff95f75a309c244c29ece5ace83cc65e,0fdf47df7d7e80dab3776ab37c5f9948d45e300a6f8e7016880430c9eb66a602,150,2668,2668,0,6.027555837673027,43.27755583767303,124.72666666666667,142.54999999999998,6.901986175079555,0.972752028278082,0,150,150,150,150,150,0.0,1.0,1.0,1.0,1.0,1.0,raw_runs/calibration/benign_continuous/level_120/pair_02.jsonl.gz,de6478b50005f82739501373cd24d0e74a94503dee0e0d32c5f95ab14b3b81ad
calibration,continuous,benign_continuous,benign,120,3,13886258615906150346,16226915662444670584,8170327568851185661,3f02634b33ed030b7ede987ba07f779bf711f41b8d9de27a2a1683e227952597,615a5355e90968829b2a28dd73f00ef67f820b9df5807019abb85edb2235e20a,150,2583,2583,0,6.210656972682052,43.46065697268205,118.39333333333333,139.54999999999998,6.822841057328817,0.9727169017872893,0,150,150,150,150,150,0.0,1.0,1.0,1.0,1.0,1.0,raw_runs/calibration/benign_continuous/level_120/pair_03.jsonl.gz,0f96f490cd77c65e21d648b9b7f2c784c6bbe5a0ea339ed54de29788846563fb
calibration,continuous,benign_continuous,benign,120,4,5744809306675081321,12165312698500931904,2257706525077471135,de665045ecb6f6d53272168aed08556ea328ce83b574f3c162a967cb268b0549,a424c264aa62d74590f48961d96d52b49676d39cb1b87547e05f5a2c677d91e5,150,2565,2565,0,6.054483678331974,43.30448367833198,118.54,135.64999999999995,6.817185050873259,0.9666669987178621,0,150,150,150,150,150,0.0,1.0,1.0,1.0,1.0,1.0,raw_runs/calibration/benign_continuous/level_120/pair_04.jsonl.gz,32e884eb756f15b1766a3e57f2a56d5dcd88ee3e83c1d87a99ceb19e283af389
calibration,continuous,benign_continuous,benign,120,5,1998786994327163180,4967260913427679008,12462688845596659630,ed46362d6af7558ffc95f55742d2a667e2c18ea97d0ad7df9d136ba7540b7072,e0d8bdc28a085e57fa3baedb2339ed0b926821596b9c4cdab1844fb2a1134d29,150,2695,2695,0,6.238189683895333,43.488189683895335,124.76,143.0,6.901491637829759,0.9720757596543217,0,150,150,150,150,150,0.0,1.0,1.0,1.0,1.0,1.0,raw_runs/calibration/benign_continuous/level_120/pair_05.jsonl.gz,d5fa68b740c62cabf383fce3f1eae62706b928588e8d09e8eae54e4b3fc2fe26
calibration,continuous,benign_continuous,benign,120,6,8879500961772332143,11709536987439334399,1573773182475191856,39f9e40e817d54066e633e6075a26fa333f90a110045707d22608fbc36888dd3,ccf8e4d1ea8284adb1a3a067021ce95198f8f1ced747d28b65a29c41cd670d0d,150,2587,2587,0,6.2155865832769965,43.465586583276995,118.54666666666667,135.54999999999998,6.827322156956128,0.9715233447808688,0,150,150,150,150,150,0.0,1.0,1.0,1.0,1.0,1.0,raw_runs/calibration/benign_continuous/level_120/pair_06.jsonl.gz,52346263f110d7ea4641baab2da32d0f5d0af0802b743ba60a03ac98b7b3caf4
calibration,continuous,benign_continuous,benign,120,7,11334165671130909007,12725233872609014575,4478095119509815008,9f23446bfc9258227630cc229048743b83198d0b1b6308759d77f9c933e7f3d5,b757e8c6142ee4301b7e4a45cbd2d59654d4b677129b2f65815ddf6a0f83b841,150,2575,2575,0,6.047089558066557,43.29708955806656,119.02,137.0,6.823668795491756,0.966821367648538,0,150,150,150,150,150,0.0,1.0,1.0,1.0,1.0,1.0,raw_runs/calibration/benign_continuous/level_120/pair_07.jsonl.gz,7e032f42bab0cd98801fc6ad517e973a4dce2cc48c7e08c8dfa70b2db294a982
calibration,continuous,benign_continuous,benign,120,8,14509491694551593491,15938347798261486573,3793492834894535160,217b22c73591691c0405a19c0cfb8181b1f46574ff3fec97e24c431415336558,be04bdec290d22e2bf6a158a38646bae3a68c32a0146c0e3a4e684d57cc8155d,150,2596,2596,0,6.174672349405176,43.42467234940518,119.66666666666667,137.0,6.8500860746244205,0.9762065220952866,0,150,150,150,150,150,0.0,1.0,1.0,1.0,1.0,1.0,raw_runs/calibration/benign_continuous/level_120/pair_08.jsonl.gz,e76518226ea4e1646dc8eb11be6109bf58094894df137da3b24515773cca4884
calibration,continuous,benign_continuous,benign,120,9,14446178256120878379,4223028627154381017,3748105083548406747,33a21b3942cc4aaf7ccb5edc0493311981498e4bb64397212ae2a4346a0143ce,d9958124de93c42135c4ed2b10fa50afa45dfe28f31e3cbe2ff53d0c3db286a2,150,2565,2565,0,6.227678757195253,43.47767875719525,117.8,135.64999999999995,6.814751456526249,0.9708913249424188,0,150,150,150,150,150,0.0,1.0,1.0,1.0,1.0,1.0,raw_runs/calibration/benign_continuous/level_120/pair_09.jsonl.gz,41a6811e63aca34fde1d7f3a947cb0c80e6860c780b3978266993184ac000937
calibration,continuous,benign_continuous,benign,200,0,16376156460919372572,11942091752497136640,10493487719754999018,874c30f0b39bc37dba8f60a1ca8d6d1a8b1a6c8bc308c51560a30213b4c29935,c75591008a9642fb77b750ece35c30ceca9483e60c9c28f9f79f6a31ada699a4,150,4250,4250,0,6.08570938825856,43.33570938825856,197.13333333333333,220.09999999999997,7.522373530493213,0.9519697820588567,0,150,150,150,150,150,0.0,1.0,1.0,1.0,1.0,1.0,raw_runs/calibration/benign_continuous/level_200/pair_00.jsonl.gz,3cb5f2f25b7629a1067200ac0e1e7442c092b44e47fef7c1d33910e56a654fca
calibration,continuous,benign_continuous,benign,200,1,14752392198663346645,1831491047150995600,3302935418956293441,15def88b923c790ee37ee769fe7638595f6e1a8b72379e91a2785c4721f8bb7e,e74ea476701ef59fdbf4a2f9d8bcfd7628c0a2bba0fe4a720f4ffe2be6b71d6d,150,4329,4329,0,6.248262276909008,43.49826227690901,198.52,221.64999999999995,7.536056480782114,0.9536549946577414,0,150,150,150,150,150,0.0,1.0,1.0,1.0,1.0,1.0,raw_runs/calibration/benign_continuous/level_200/pair_01.jsonl.gz,fe41cc2bca54dd03c2c1b875caf32af66c1030c9f80499f244bb5fa854635224
calibration,continuous,benign_continuous,benign,200,2,7154378793985259876,14584283804254708352,9346334253199532775,560dcfbe4bf5ce3da750c9e7f93fa34f73cebd975a4a0cb3e4a73629a62eb505,ac4fa6582a15206ce13703cf03b8e7cf7d98fa7073b4721e5ae3fc1c110a3bb3,150,4343,4343,0,6.070972862050419,43.32097286205042,201.45333333333335,219.54999999999998,7.554501254277793,0.9521459645932574,0,150,150,150,150,150,0.0,1.0,1.0,1.0,1.0,1.0,raw_runs/calibration/benign_continuous/level_200/pair_02.jsonl.gz,50e55f6190977f2fae848ed761cad772ed330ab0ec4b1e8c40ffdd7628a6cd50
calibration,continuous,benign_continuous,benign,200,3,17675618794504208924,9608851468074299536,13779136187353132700,9961438e03d282d4b7f0a210573d9bfd99a5dda697c04f63aa995fe41a80de85,0175c0407238e42fc5d5e971905a442e85834dbc09aa5152155ee0162ecea2d7,150,4295,4295,0,6.248147142962842,43.49814714296284,197.13333333333333,215.0,7.525895948808526,0.9532982671146862,0,150,150,150,150,150,0.0,1.0,1.0,1.0,1.0,1.0,raw_runs/calibration/benign_continuous/level_200/pair_03.jsonl.gz,45c4006a977dd0b6880d74c6167c92efce43a94b9e4b452d6dee5f517b0c7b4a
calibration,continuous,benign_continuous,benign,200,4,4383695215097279143,12026042897401070416,15145130058121470335,f2e363e174805927c4098e5ddf026a54abdccf67ec875ec3ca54ed282a9fec77,86af3175374ce72609abe828e7f60d3b52a6548464a4a6907f14e43286017002,150,4346,4346,0,6.079448992389,43.329448992389,200.71333333333334,221.64999999999995,7.550736708431502,0.9529639521928507,0,150,150,150,150,150,0.0,1.0,1.0,1.0,1.0,1.0,raw_runs/calibration/benign_continuous/level_200/pair_04.jsonl.gz,5ef5dfee4064a967022ea09ff390ce18f769010ea798c02b3e2a890fd9706320
calibration,continuous,benign_continuous,benign,200,5,17343961961532975319,6503143908828040290,1180905252706492274,23f195dccb5bf97691ef4507c892cec2a15aa69dc52b8accd4089f7e6e8d23ac,306153ac1f591784ea3983b5d5e1bd189d1c99886bca071db080b37092674428,150,4335,4335,0,6.120078271817421,43.37007827181742,199.23333333333332,222.09999999999997,7.5457855278593735,0.9557872703922373,0,150,150,150,150,150,0.0,1.0,1.0,1.0,1.0,1.0,raw_runs/calibration/benign_continuous/level_200/pair_05.jsonl.gz,9ba8b6017ca1d73f373f05306e3a42490ff61a57bc7d551e6f3a181c3bf6137f
calibration,continuous,benign_continuous,benign,200,6,11596850783183413747,13005176504767342693,5728270262885249154,7f0de949868c5962350952cce702d67f567eedd320e93d4bc940be32f179af16,ab743a0db7e04c00a407c73820780dfaf40df78a297e5141acf374d7e95fa1be,150,4291,4291,0,6.045122842342925,43.29512284234293,198.20666666666668,218.0,7.522979269412385,0.9479724599038213,0,150,150,150,150,150,0.0,1.0,1.0,1.0,1.0,1.0,raw_runs/calibration/benign_continuous/level_200/pair_06.jsonl.gz,2f5a05ad405e9cc69812aa99e0e874e8e2c8865d202c499ef57f3dea267236a7
calibration,continuous,benign_continuous,benign,200,7,2352920626975976697,15027597348420233505,10194833938237646156,60bfab3f4a5a44bce9d62607037f13fefad1ab512377829f8a61ebe63ddc28e8,c1c8a577b343a4c05ad94b2a1fd4c67af4cc716094cf4d4c7f08b4278224ede4,150,4259,4259,0,6.237062938607573,43.48706293860757,197.20666666666668,222.54999999999998,7.5231871528470124,0.9522480275772136,0,150,150,150,150,150,0.0,1.0,1.0,1.0,1.0,1.0,raw_runs/calibration/benign_continuous/level_200/pair_07.jsonl.gz,7c33083b7bec788c2104989d6365f325ff30f6b4f097ebfd88ada7928df0e84f
calibration,continuous,benign_continuous,benign,200,8,5365262418345413893,7312478308976975907,13613973049941238397,87566925b45349077412c1e900fd8d656078c12ae526f3152bd1adda48ab7f54,cf4e2ba4e5da5dd2cfc41c7a1bfbb190ac63e24012548bfc030bf05589d97aa4,150,4173,4173,0,6.00387033611689,43.25387033611689,192.56666666666666,216.0,7.496642638409303,0.9563424866172288,0,150,150,150,150,150,0.0,1.0,1.0,1.0,1.0,1.0,raw_runs/calibration/benign_continuous/level_200/pair_08.jsonl.gz,e49be5df1ce7f084b1227b9d5c177aaf01d80e03a61abd5a13ae30d2c4f8d581
calibration,continuous,benign_continuous,benign,200,9,8484589432872349975,10780932360975390168,12679583026814604802,c1bbe396561c9093a950936b844ed8a6ac96ae6d0f4a94b4bc8f68de84e1c74f,f98c1a30a35b9d2f0da13ae88bbd4cfe549e484bd4d9be0b6d66daf56faf7fcc,150,4363,4363,0,6.080396092400471,43.33039609240047,202.25333333333333,227.54999999999998,7.5432049014780596,0.9451755708691246,0,150,150,150,150,150,0.0,1.0,1.0,1.0,1.0,1.0,raw_runs/calibration/benign_continuous/level_200/pair_09.jsonl.gz,eddfdc7011eaa48909e00b8f1d1cdfd2d9081cc47a3d7343fbb9fad35ed009fa
validation,bursty,attack_sweep_bursty,attack,24,0,9803342861910836838,9194423354801383329,11174604948887288213,0364c184b3749938357696b36db163e0579153b11169b8992fb6b66f0a1fac0d,59d1ce6dfd64f9b424a6334c06ce8b79df9ee419d389aa67cbf35f630f928399,150,496,54,442,6.089511126110291,43.33951112611029,23.14,35.0,4.458071445956184,1.0,0,150,70,70,127,150,0.0,1.0,0.4666666666666667,0.4666666666666667,0.8466666666666667,1.0,raw_runs/validation/attack_sweep_bursty/level_24/pair_00.jsonl.gz,686cb4efa25d5fc7ceb7f448ddfbdb7dd9f49ff122c39c4cbbbbf0299808d991
validation,bursty,attack_sweep_bursty,attack,24,1,13366381052389997248,10185895188360222365,16707992074967692519,9af4d246d74bc4d2781353d2e22642f3a65bbaa5469033d6da96678da3432897,06f9c6a4970b5bd37b636b7b19fb867c4df3929f653cf04d600dc985c242619f,150,547,65,482,6.034033563522444,43.28403356352244,25.506666666666668,41.54999999999998,4.568500708236645,0.9983568316215375,0,150,84,84,126,150,0.0,1.0,0.56,0.56,0.84,1.0,raw_runs/validation/attack_sweep_bursty/level_24/pair_01.jsonl.gz,74760cbff5082fcd33a4e74d5219770d7a65e7456feb7cd949c6f90484e2dc34
validation,bursty,attack_sweep_bursty,attack,24,2,6768612883101862582,12600552924141039545,8030849123354618907,eb0f7a72fde657bc430962f813a44e373ed6e0d6cd219abb78c9a2a8f2752556,0d6423193a8a9d9373f2e7d78105fc55195f3b5fadd1d5330244831951792198,150,500,53,447,6.014309072718314,43.26430907271831,23.546666666666667,37.0,4.436579010692714,0.9987686743476217,0,150,71,71,122,150,0.0,1.0,0.47333333333333333,0.47333333333333333,0.8133333333333334,1.0,raw_runs/validation/attack_sweep_bursty/level_24/pair_02.jsonl.gz,cceb159d13274019c04217e7fd14054e5187916723f036f4ef4b5e7b3864dc51
validation,bursty,attack_sweep_bursty,attack,24,3,6260049324425438133,15770079494666898106,14297734349876043225,3d97f860cbf776e199f2adf857d10d7a4fb38069f5992a828a5be11124f0e910,ee085312029e2be6b781e5a4cc8828e0ed9c09aaf74d59dd7e00636148c203d7,150,566,61,505,6.232303610084183,43.48230361008418,25.673333333333332,42.54999999999998,4.573594471427244,0.9987532002048132,0,150,80,80,127,150,0.0,1.0,0.5333333333333333,0.5333333333333333,0.8466666666666667,1.0,raw_runs/validation/attack_sweep_bursty/level_24/pair_03.jsonl.gz,ef2ebc77278eaddcb8ee944e2e4282c9397732c39337546c5e27693d8597ff9d
validation,bursty,attack_sweep_bursty,attack,24,4,4780794959553378184,15145348075810485740,10524978790980799651,7761880b08d45e86b4b4cd90d111569b0e6554e9b11527aa4c8655b00f8606f4,fd9d2dbf0e6defbbb76806684b180af28efa4c10f310cfce52a5ac8ac65d336c,150,479,29,450,6.028205823519358,43.27820582351936,22.946666666666665,34.0,4.439003289242072,1.0,0,150,70,70,126,150,0.0,1.0,0.4666666666666667,0.4666666666666667,0.84,1.0,raw_runs/validation/attack_sweep_bursty/level_24/pair_04.jsonl.gz,32b99c645dff004587c448b9019e2049725f39c49e6aa942b163c5b5ce65af6b
validation,bursty,attack_sweep_bursty,attack,24,5,6444626758749891196,2894688630153085745,13872560348622555579,7bb904ff9d32fb89508d4a12fa3fcca91bbe9314f208534070ca88038cb9fe7a,18e99ae8e9e36dc8046229540d7ad5b03920af406ac9c9f01952cbde4daecb04,150,523,52,471,6.028756126479578,43.27875612647958,23.96,38.0,4.4811709827044846,1.0,0,150,74,74,126,150,0.0,1.0,0.49333333333333335,0.49333333333333335,0.84,1.0,raw_runs/validation/attack_sweep_bursty/level_24/pair_05.jsonl.gz,7dc57e73e284cd39b26510b8940ce47b382b1a6fb2230fe425ba187c63a41aaf
validation,bursty,attack_sweep_bursty,attack,24,6,15017807385840931387,4595591865311612426,9014437413371422623,56b2af2585d2d089784d45a3e3b39480842a0d3eca1013d555315514c6e3a7d5,a0668a7530b7c73b8e39529fdd90bec38fe1e764592a6b05dc0fe9cf1dbd9eb9,150,483,38,445,6.164458593360093,43.414458593360095,23.0,36.54999999999998,4.43008458519769,0.9982329236194325,0,150,69,69,118,150,0.0,1.0,0.46,0.46,0.7866666666666666,1.0,raw_runs/validation/attack_sweep_bursty/level_24/pair_06.jsonl.gz,dd3520f8f78892a47e58e93ae97949584b672f9853ce687f907315c5b00606c2
validation,bursty,attack_sweep_bursty,attack,24,7,8552149562959649114,11413960738575079932,2653326470820517248,91d96cd00c74b727c473599473521cdbed8b66211b13f6f5844aa3f1fe55ffa6,d0172a7f01d5fe7e2dc61e75350218c6e825c71a7f264ecbe7aa678b63ef9f9c,150,497,56,441,6.124603133229721,43.37460313322972,22.30666666666667,34.54999999999998,4.394992213513954,0.9986104189552466,0,150,67,67,119,150,0.0,1.0,0.44666666666666666,0.44666666666666666,0.7933333333333333,1.0,raw_runs/validation/attack_sweep_bursty/level_24/pair_07.jsonl.gz,34c4d97ee2b28ae9bc86e4d24c675cefe76396e46ff2728573cd8efacb4b6f8b
validation,bursty,attack_sweep_bursty,attack,24,8,15970768725518078580,2873805063108315331,5706085462294637742,2f1e330598bb939216a1a8d92132d36661ffff157598f25446e025185406a956,39452e508cfc99da2a2c102639e23e62779f108716b57cf40cbc53c54432087e,150,503,52,451,6.031359696299488,43.28135969629949,23.486666666666668,38.54999999999998,4.445378145898855,0.9996385836385836,0,150,69,69,115,150,0.0,1.0,0.46,0.46,0.7666666666666667,1.0,raw_runs/validation/attack_sweep_bursty/level_24/pair_08.jsonl.gz,299587ab5a873f6f98c627f3013c850eda082e53a6eb982c26d7238c92e22e80
validation,bursty,attack_sweep_bursty,attack,24,9,373968930109898497,14952452443238034336,11407530775262445460,2a39a171a582ce005819e85e87a3e814771ec0896b8615e72fc961042b771a12,32d4dd2ab7cb5488497ec1cbbdf30eb88b6a47a7fc8e40655af577851818fab2,150,573,62,511,6.12868666517109,43.37868666517109,24.973333333333333,40.54999999999998,4.528600363626442,0.9982353002167134,0,150,79,79,122,150,0.0,1.0,0.5266666666666666,0.5266666666666666,0.8133333333333334,1.0,raw_runs/validation/attack_sweep_bursty/level_24/pair_09.jsonl.gz,309edb16e544539e57cc87e7aad21643e04b8bbce20dbb2dfe8c2ddb0b36e992
validation,bursty,attack_sweep_bursty,attack,60,0,12487070739786096694,5538274702870925366,18022512499535289873,ac13e0bafaa11d7ba9c69c99c3f13b926f129dab4a0accc794b55344cc564aac,8241fd2d16e517330c90787e0bdc37fde456135d96d2812f0fd20b5a52a90c62,150,1301,142,1159,6.142820643979903,43.3928206439799,58.733333333333334,87.0,5.796987048785243,0.9962323066335376,0,150,150,150,150,150,0.0,1.0,1.0,1.0,1.0,1.0,raw_runs/validation/attack_sweep_bursty/level_60/pair_00.jsonl.gz,d80d1cb5462a37644a4c2b4a7079d83ab4461dce78958376604c387030291256
validation,bursty,attack_sweep_bursty,attack,60,1,1233774076934693432,368104975574429790,13513120390720747088,53e1f148a8ce688d9f36f45835e4353de3b0804a577bf88741b41700f096aa85,d9a26a27d465133397e9e2e7ae66979d8e25b9a7a1c77b86c09a4c3b61bb5b24,150,1326,132,1194,6.107349205727546,43.357349205727544,59.58,86.0,5.820421914922325,0.9964015186810536,0,150,150,150,150,150,0.0,1.0,1.0,1.0,1.0,1.0,raw_runs/validation/attack_sweep_bursty/level_60/pair_01.jsonl.gz,da5c485feccf277fdb7108cac8940ba2eb52654e04e483b49c81ff04df622d66
validation,bursty,attack_sweep_bursty,attack,60,2,8829653206436101812,750267707335277350,15914020211501674595,4c556400c35a7e21f76882031e144e6f8491ea78cab092bd4569b275e7ee9a07,5faf2f6470e9d3d9d380e1d00182ce4ac5cbcaff170563d35d992da8d073e1f8,150,1269,136,1133,6.159013665368146,43.40901366536815,56.373333333333335,86.0,5.739735622453507,0.9975276153838447,0,150,149,149,150,150,0.0,1.0,0.9933333333333333,0.9933333333333333,1.0,1.0,raw_runs/validation/attack_sweep_bursty/level_60/pair_02.jsonl.gz,8629f8a7c57a932aeedd784e78721badfcc9a39846640a232b804e03cce7ae12
validation,bursty,attack_sweep_bursty,attack,60,3,13971988729943770202,15836958982476396800,17993278670325771125,e48f6814f5a32b6b974c75be5b52c4b23b61a97a6eab52aff19467bdd691c256,ab7cf08a8079f99b13676794d89780c7debba53f2af10c6964b76043039f1894,150,1232,145,1087,6.000850590789077,43.25085059078908,55.626666666666665,85.09999999999997,5.710432120829495,0.996864671453266,0,150,149,149,150,150,0.0,1.0,0.9933333333333333,0.9933333333333333,1.0,1.0,raw_runs/validation/attack_sweep_bursty/level_60/pair_03.jsonl.gz,682b71c96fd9dfb94ee704e690fa8ac70c12ace1f70b70677bb62a6f32126a2d
validation,bursty,attack_sweep_bursty,attack,60,4,12197661544791214125,10322430620076629273,5004122993443541452,1e8509502ca760c04a40027bdbc543974aeacff7b0b082b1eb50b23bf9feacf5,9445118448bde14f80998d27493a008db338f4ddf67ab99fa9df22b7567706d9,150,1264,125,1139,6.020478402221314,43.270478402221315,59.67333333333333,89.0,5.815380206683528,0.9952542182726628,0,150,149,149,150,150,0.0,1.0,0.9933333333333333,0.9933333333333333,1.0,1.0,raw_runs/validation/attack_sweep_bursty/level_60/pair_04.jsonl.gz,f57e020adb6d38856d952fea20614509e16a6f848bef8770f1ef551aaa9ba3a1
validation,bursty,attack_sweep_bursty,attack,60,5,10681308235232454335,8243685565898141651,17275632403265902868,ca90a989472eddcb149c9c7ca25e84004867f1597752a6849e3e99dee51e596f,6ccd541b3ff559daa98f2c60cc7dfa1499287ddd990e458aeac64128d90da977,150,1372,132,1240,6.244621882976227,43.494621882976226,61.68666666666667,92.0,5.873535555336871,0.996696640384218,0,150,150,150,150,150,0.0,1.0,1.0,1.0,1.0,1.0,raw_runs/validation/attack_sweep_bursty/level_60/pair_05.jsonl.gz,543f39b779c84ba7e819bc18c83282e44b9f930f504cfc894fd8006f152c5f90
validation,bursty,attack_sweep_bursty,attack,60,6,15358484506539861972,8736930151456351088,17747805018576612036,2ba765c668284a2741e9e660a34954e63ce0f7426a567c473855377205867496,a2cf14fa663834a191bd4fee1d7821d4427ec67d5c84139a5661057e6ec67979,150,1272,114,1158,6.02801294188172,43.27801294188172,58.20666666666666,84.54999999999998,5.791387667051458,0.9958528703248988,0,150,150,150,150,150,0.0,1.0,1.0,1.0,1.0,1.0,raw_runs/validation/attack_sweep_bursty/level_60/pair_06.jsonl.gz,427f6158858386681e33b27b70a5d203e5437cd6e836d32072d8e4e8b811b59c
validation,bursty,attack_sweep_bursty,attack,60,7,1908953456111759179,13730453916256158984,13736362977659142080,2a55323b21250d3f9b5866f96ace6f610d024e9ed13a794dfbd62c7d08074905,00e3e0ea26a33f4b77a2328df628436e43eddec97edf95b2357da9a0c9637688,150,1349,129,1220,6.168908557190404,43.418908557190406,62.07333333333333,91.54999999999998,5.880776357258242,0.9982763981566553,0,150,150,150,150,150,0.0,1.0,1.0,1.0,1.0,1.0,raw_runs/validation/attack_sweep_bursty/level_60/pair_07.jsonl.gz,a694ce5b0747f5f425959648eaa2db5a4fc45a9135d8a0042eb1edea1abe17ca
validation,bursty,attack_sweep_bursty,attack,60,8,5432635473106242675,6302575341774746544,16978267967421695122,c94e346a6557ebeec4b6575ec5b3c8622bd49a353c41c83f9de8482138f2b91d,9377fb92a02097bec4fb9ef6d2dd74ef371c97ec2dc0a1420f7edbdd5fe03572,150,1292,129,1163,6.0453821300559305,43.29538213005593,59.72666666666667,89.0,5.826783954318895,0.9985531207049174,0,150,150,150,150,150,0.0,1.0,1.0,1.0,1.0,1.0,raw_runs/validation/attack_sweep_bursty/level_60/pair_08.jsonl.gz,2ae0e9b9bc0f47827eda088804001f105223da378136f876c99a60a2b50584ad
validation,bursty,attack_sweep_bursty,attack,60,9,4294892300995550161,15598110031629645083,9577199370774035401,d995b1431efce64edb63443f08921023456c31947f2ef8ebc4c3b5b4cbd5e139,e878b4323bb6413e1fb7e6b65f9a8c809a163e1e02f4c1b12d9cea4738cf6774,150,1349,113,1236,6.207461716399334,43.45746171639934,63.4,95.0,5.9115168110798235,0.9986535566085801,0,150,150,150,150,150,0.0,1.0,1.0,1.0,1.0,1.0,raw_runs/validation/attack_sweep_bursty/level_60/pair_09.jsonl.gz,f76c4130712abd9b9004f45e15d33b60a8d2c695ecb6f64f5026a1e0c6fa6baf
validation,bursty,attack_sweep_bursty,attack,120,0,6343223648374679314,13547544534982065781,10522313280753277260,895c7d608052a2ca54184124f15af8208548875147ea7bb048d40189d6f1779f,384f1e6eae80ae33ccb46c09fc0d91fbcbc5152c94b079033a304709f257a0bf,150,2593,279,2314,6.190374526115809,43.44037452611581,118.78,171.0,6.822824024278825,0.9952893041135235,0,150,150,150,150,150,0.0,1.0,1.0,1.0,1.0,1.0,raw_runs/validation/attack_sweep_bursty/level_120/pair_00.jsonl.gz,09dc16ebb8582f1dba5ba41a00053ea1d2b79adda2b32f591295f0765bc99819
validation,bursty,attack_sweep_bursty,attack,120,1,10485689392433755321,14086714093093734968,500946056765937332,a4ccb4b57c528212693440416212542b9ed3a773237d31938a4417ff945ee90a,dc629a663688fd52e52d7d0031a0e011f1b6c4e11fa96e9e35c16c0c77420aed,150,2558,258,2300,6.171322626713447,43.42132262671345,118.10666666666667,169.54999999999998,6.803084528650514,0.9935205754984715,0,150,150,150,150,150,0.0,1.0,1.0,1.0,1.0,1.0,raw_runs/validation/attack_sweep_bursty/level_120/pair_01.jsonl.gz,630e1c20f92539987529e7d1879e375a540a283b3f838640c53bee9cd2d4e39d
validation,bursty,attack_sweep_bursty,attack,120,2,14225129792427501652,12730096511852318829,14209347296056308905,772f42961b9505cc1ef7c72ca0b902ace3d953e09d740ae4fdcf16e3f0d75dac,b434d084f7e79dfaf344149d89a1958e0fc98825d2d496b326b595279cfc1867,150,2562,303,2259,6.07769283657476,43.32769283657476,122.11333333333333,176.54999999999998,6.856096339425367,0.995017723909862,0,150,150,150,150,150,0.0,1.0,1.0,1.0,1.0,1.0,raw_runs/validation/attack_sweep_bursty/level_120/pair_02.jsonl.gz,fec5ddcf80e3953bc70338ea6b04ac3aaf939e68b32b2ab3ca2c6901e23a95c9
validation,bursty,attack_sweep_bursty,attack,120,3,16348644471646703601,1558183538901609871,16002738648972241030,c90b1596d41b529aa925f0a51496b3f5b16a081eacbf43a02f634e2032522132,3e1e5599fde3851ea01c7a7cd34732aaf5a750cf45bccfceac3fc7348a932435,150,2631,248,2383,6.036736511302253,43.28673651130225,124.02666666666667,178.0,6.873138614296783,0.9935250546500818,0,150,150,150,150,150,0.0,1.0,1.0,1.0,1.0,1.0,raw_runs/validation/attack_sweep_bursty/level_120/pair_03.jsonl.gz,9665785f8796693f4bd37a9f190dd9ed2bdf01fa46e3cdf1082aea87ca354bfc
validation,bursty,attack_sweep_bursty,attack,120,4,3343736546488695615,9124391271348376101,17023594729343169589,bb04e6b66ea069d06c639106eabf5ea4b7d07aa8e5709276308f7834e6eed3be,0cd1457bcca5454375150a31532d4f88e2de6e80a4f3fc9342b9381ff4f1ce45,150,2579,230,2349,6.132421465931037,43.38242146593104,118.38,171.54999999999998,6.805645154965554,0.9943140297499254,0,150,150,150,150,150,0.0,1.0,1.0,1.0,1.0,1.0,raw_runs/validation/attack_sweep_bursty/level_120/pair_04.jsonl.gz,d3be8d87b6a1b65a9c53fce23b2b3bcdb4aff1b435bc1e79b2028441f8f93408
validation,bursty,attack_sweep_bursty,attack,120,5,11423555078912488740,944357307350427381,16261604993835631297,b1abb51aec8ebbc7847d9fbf69b2e529a6c29d4f908fc5ed23ff9ed27163ff66,ac94a6775d5aab322acc4b381e3df9dc5ba7ee18a592b05ecdb328a78abdc247,150,2565,240,2325,6.218097328312046,43.46809732831205,121.68666666666667,174.54999999999998,6.847018937028456,0.995263483054684,0,150,150,150,150,150,0.0,1.0,1.0,1.0,1.0,1.0,raw_runs/validation/attack_sweep_bursty/level_120/pair_05.jsonl.gz,a75d680d6d083113b457b46097c02e01d34418d1d454a0eec58b2dd9f5d543e1
validation,bursty,attack_sweep_bursty,attack,120,6,16633513658655925984,16348793242510748510,515797856826831478,634fa5992e5d71c17a56c5813611ee4f28ab9a48f4d81f16df0b2fbd2bf723c0,5705c4a60d31f98f2df3054a4aff88be0b3888e372107dff8b8fe8ddd44bcb0f,150,2584,250,2334,6.102210238838128,43.352210238838126,119.97333333333333,175.54999999999998,6.822689448532807,0.9928191361272412,0,150,150,150,150,150,0.0,1.0,1.0,1.0,1.0,1.0,raw_runs/validation/attack_sweep_bursty/level_120/pair_06.jsonl.gz,634d0fd12644c015d806586958831be1cb99a8620ba1890302c16e7d67549090
validation,bursty,attack_sweep_bursty,attack,120,7,13625812922725759632,9184983685717701453,13455499236845227064,123fc86ba2d440709b4f84e223410123069f6ade276d49dbd1ad7b703c4a7220,e1e67e6c280cff530ca23f84478cdd8ff0b7a04101ae849788aad49af42d57df,150,2571,248,2323,6.079710305821841,43.32971030582184,118.72666666666667,171.54999999999998,6.810753867284503,0.9943963161777729,0,150,150,150,150,150,0.0,1.0,1.0,1.0,1.0,1.0,raw_runs/validation/attack_sweep_bursty/level_120/pair_07.jsonl.gz,2b95e874456670cc5c2e73fc5be18b493246a1998cf3c60b57ebc9dd4dfc510c
validation,bursty,attack_sweep_bursty,attack,120,8,6249232245833653706,2860490276323050956,7624456392754378238,e3e7fb25704a9ca1cecec2e05025b4eaafc8dd13c619b18460b53a554831dbac,2a7a1ea719f6cb4a50569eb36e3c39e3931af08416bfd0616cc87b014455c030,150,2641,275,2366,6.164913085715119,43.41491308571512,124.83333333333333,185.54999999999998,6.880221002238862,0.992191008494493,0,150,150,150,150,150,0.0,1.0,1.0,1.0,1.0,1.0,raw_runs/validation/attack_sweep_bursty/level_120/pair_08.jsonl.gz,5741e2d02a5b6010c9b65037587015e9297f63e8d37123e119dee03c6bce136c
validation,bursty,attack_sweep_bursty,attack,120,9,4181695058086570736,2322558530635670792,4721901624807022858,a19d48dc5db909ddf0f0424d9fa7b01fe8a19e30f27cd242961dc4680a38e48d,f8ec2b3bd645fa50c6e335764b3faab7ce3992eca0294b3c1852654eb55362d8,150,2595,259,2336,6.040833447897237,43.290833447897235,121.30666666666667,172.54999999999998,6.845398846968113,0.9962381679509751,0,150,150,150,150,150,0.0,1.0,1.0,1.0,1.0,1.0,raw_runs/validation/attack_sweep_bursty/level_120/pair_09.jsonl.gz,e0d8c3dbaa4e1bbb2b386029ee8bebcf824a3d422beac9b8c5dcfb6457cd3fbb
validation,bursty,attack_sweep_bursty,attack,200,0,4701589229855114122,6271973614556098947,13997499181831748679,deac6ae13c00244a6f3b6c682a9b93870744ecb47f27ae20c614fc1af4e0250c,d10f66700ccc40ec08ce83e443530597c2b1bf5c889ae5f4aa07b440ffa35aeb,150,4212,385,3827,6.001327299092992,43.25132729909299,193.44,276.54999999999995,7.518410283299692,0.9924381778381504,0,150,150,150,150,150,0.0,1.0,1.0,1.0,1.0,1.0,raw_runs/validation/attack_sweep_bursty/level_200/pair_00.jsonl.gz,51436bc72eba0234529b16e6b9246648beff8aaddba5c088bf2921af44bfe44d
validation,bursty,attack_sweep_bursty,attack,200,1,4346055504009300370,11135537431613534554,10844902736725585901,2ddb9718acf5d88af3e6c597cacc7e994ec7f263a2c8745def6678edddb9d8c5,b1b853f07994d114e006dfbc8c101ae6049457077bbd064c1939b184f6b04a26,150,4391,431,3960,6.194309034696226,43.444309034696225,196.71333333333334,283.54999999999995,7.5385859447909445,0.9928266909298228,0,150,150,150,150,150,0.0,1.0,1.0,1.0,1.0,1.0,raw_runs/validation/attack_sweep_bursty/level_200/pair_01.jsonl.gz,a7d732c7a0f4fba3243fceb0db383d3ceb4ebb0434cc4164c3cb3bd630c74e72
validation,bursty,attack_sweep_bursty,attack,200,2,16868993196960833280,1391611241494434084,4837113379027741134,8425a7fdd31712cad49b67b0a9b8331751bb2cedc047de097382fb05ed6fb972,5ed8bb2e6fe0bafa4063f0ee4115cdd74d136007aa7837e91ccaf3834bdf99ec,150,4347,405,3942,6.152102325436412,43.40210232543641,201.71333333333334,290.09999999999997,7.576733473305709,0.9930121728583478,0,150,150,150,150,150,0.0,1.0,1.0,1.0,1.0,1.0,raw_runs/validation/attack_sweep_bursty/level_200/pair_02.jsonl.gz,47fb535bdd113abf16d4b20741e530b7ddc321cfe609a3708cb971dfd3c3a510
validation,bursty,attack_sweep_bursty,attack,200,3,8158687038412735734,12997957435638302959,18321191502766478472,a7734d5c8aa61832ad50b3ffab281683466794eb6379deddce5fed51e2dfcbb9,3f49eea60bdea24b62fb5efe24aaf3a0c85be47979cb3a0d9ab11c99362715a5,150,4422,473,3949,6.21115646848793,43.46115646848793,201.08666666666667,293.65,7.566529005944138,0.9896610920092098,0,150,150,150,150,150,0.0,1.0,1.0,1.0,1.0,1.0,raw_runs/validation/attack_sweep_bursty/level_200/pair_03.jsonl.gz,c1749e8ed6e718b28c627333a30bc6a61991d1aca384d91093cc9502e4082523
validation,bursty,attack_sweep_bursty,attack,200,4,8348638206950472123,10425026101476380979,17580410186635728294,d4cf509722a8fb02a971185b488b4731e65793eb804c1f8cee121298472f9dfd,8c684fcf7666478cfe9e9d3d86d0e5eb0841f3e047383ead461403e653482c5f,150,4318,479,3839,6.196328155095743,43.44632815509574,201.82666666666665,289.54999999999995,7.562793437142894,0.9878086739434366,0,150,150,150,150,150,0.0,1.0,1.0,1.0,1.0,1.0,raw_runs/validation/attack_sweep_bursty/level_200/pair_04.jsonl.gz,73e6116ecd4adbee8e2abbe4926bd03efcebbf8b45fa693d781486b6b2cf7271
validation,bursty,attack_sweep_bursty,attack,200,5,4643506470548536018,5643049563632442668,11625830236510122934,b2ce129c51080a89569404a392dcd29039dfcd170619e843653e2a370dccae23,efb47e2908e9509fc2de5e7d3b56e32b77a016fd05d36e249a06178ccd65115c,150,4176,411,3765,6.03463697822464,43.28463697822464,199.15333333333334,290.65,7.55208902938418,0.992252873458717,0,150,150,150,150,150,0.0,1.0,1.0,1.0,1.0,1.0,raw_runs/validation/attack_sweep_bursty/level_200/pair_05.jsonl.gz,c6b64f3d7b454a149ad47ddd9b88ab70420be11e376a7b19ba24db105d77e177
validation,bursty,attack_sweep_bursty,attack,200,6,629698442340896622,1400371493518710898,1684345720484015431,78094cfa97028a1d95fb1b785f1252c51812c9a71162dc51a519f52d80b01e68,b4ede2223e5c20f004e5599485c174ad49a9bd6d863d6ca200717d021ce53887,150,4323,415,3908,6.091216521317078,43.34121652131708,204.24,291.54999999999995,7.595216855216314,0.9919374044540784,0,150,150,150,150,150,0.0,1.0,1.0,1.0,1.0,1.0,raw_runs/validation/attack_sweep_bursty/level_200/pair_06.jsonl.gz,9536da99bcc686d07195cbc6de1130fcc5854e1569d506b1e60916fbbf4e3b4b
validation,bursty,attack_sweep_bursty,attack,200,7,6550117413296664092,3620761820618887768,11512717399460516058,960e752ff46da666e9a5a06860adb76553d55e70183168a5317390a73e703def,f44552ca33f911f2e9f3d3ac5655c433d22224963ea08992a057cfa6b9bfff6f,150,4214,423,3791,6.170060838856954,43.420060838856955,199.49333333333334,285.0,7.561829250115633,0.9919140879282509,0,150,150,150,150,150,0.0,1.0,1.0,1.0,1.0,1.0,raw_runs/validation/attack_sweep_bursty/level_200/pair_07.jsonl.gz,86007a733eda80f180687f6a63ad7a50e6fc6d1d6abd942bb5fc5b0678974e07
validation,bursty,attack_sweep_bursty,attack,200,8,13865187272159744225,14526392266173160942,16493171409568770131,e08f6eb4030856041c1e6400479ecbaf5721d72207845ef9da26a977891338f8,339bf4d08e9aeb57b026faa2696e55c9936b54e213af13ba936daa089bf93e46,150,4261,418,3843,6.077366880296863,43.327366880296864,198.43333333333334,280.09999999999997,7.554215129429324,0.9918178377175823,0,150,150,150,150,150,0.0,1.0,1.0,1.0,1.0,1.0,raw_runs/validation/attack_sweep_bursty/level_200/pair_08.jsonl.gz,5baaeda753c8a929dc28c5aa18fa328d69015f57435dc0160488ad9892f9c064
validation,bursty,attack_sweep_bursty,attack,200,9,5004906706923002299,17210415446823500356,2376371814346600178,314c69083367ece06f7c12e730010bc093ba4617f79e62316a1c697a94dd7382,24dd32e25ed7e78c936e1b46db0bb50c2fb36d38468422545d894bfa1cc8ad64,150,4402,405,3997,6.0209468335947705,43.27094683359477,201.82,292.54999999999995,7.571594213508735,0.9918032504828974,0,150,150,150,150,150,0.0,1.0,1.0,1.0,1.0,1.0,raw_runs/validation/attack_sweep_bursty/level_200/pair_09.jsonl.gz,7d79de063bae92c3251051d8c127616fd67baabbc4f610e7d59efb360ee3c6c5
validation,bursty,benign_bursty,benign,24,0,9803342861910836838,9194423354801383329,18157463943937394086,0364c184b3749938357696b36db163e0579153b11169b8992fb6b66f0a1fac0d,59d1ce6dfd64f9b424a6334c06ce8b79df9ee419d389aa67cbf35f630f928399,150,496,496,0,6.089511126110291,43.33951112611029,23.14,35.0,4.452046832547469,0.9969876932956429,0,150,70,70,127,150,0.0,1.0,0.4666666666666667,0.4666666666666667,0.8466666666666667,1.0,raw_runs/validation/benign_bursty/level_24/pair_00.jsonl.gz,d9a650db489603e68fee271a463b78748426d262b258b257c3ae1d5ca1a5e49c
validation,bursty,benign_bursty,benign,24,1,13366381052389997248,10185895188360222365,9176172417315975364,9af4d246d74bc4d2781353d2e22642f3a65bbaa5469033d6da96678da3432897,06f9c6a4970b5bd37b636b7b19fb867c4df3929f653cf04d600dc985c242619f,150,547,547,0,6.034033563522444,43.28403356352244,25.506666666666668,41.54999999999998,4.551751741630703,0.989982348318567,0,150,84,84,125,150,0.0,1.0,0.56,0.56,0.8333333333333334,1.0,raw_runs/validation/benign_bursty/level_24/pair_01.jsonl.gz,d0ffcc7b2008a2bd9b2390dbfa7a1502b995a7c1f734b81571db7121320b2d4c
validation,bursty,benign_bursty,benign,24,2,6768612883101862582,12600552924141039545,12894290581963248598,eb0f7a72fde657bc430962f813a44e373ed6e0d6cd219abb78c9a2a8f2752556,0d6423193a8a9d9373f2e7d78105fc55195f3b5fadd1d5330244831951792198,150,500,500,0,6.014309072718314,43.26430907271831,23.546666666666667,37.0,4.431946900376072,0.9964526191893002,0,150,71,71,122,150,0.0,1.0,0.47333333333333333,0.47333333333333333,0.8133333333333334,1.0,raw_runs/validation/benign_bursty/level_24/pair_02.jsonl.gz,7e6cceee6dbb66a48f4932fb25297e3924a0ae5ef7eee2b6d1ed10bae401ce72
validation,bursty,benign_bursty,benign,24,3,6260049324425438133,15770079494666898106,8699061588311460985,3d97f860cbf776e199f2adf857d10d7a4fb38069f5992a828a5be11124f0e910,ee085312029e2be6b781e5a4cc8828e0ed9c09aaf74d59dd7e00636148c203d7,150,566,566,0,6.232303610084183,43.48230361008418,25.673333333333332,42.54999999999998,4.564018958336224,0.9939654436593025,0,150,80,80,127,150,0.0,1.0,0.5333333333333333,0.5333333333333333,0.8466666666666667,1.0,raw_runs/validation/benign_bursty/level_24/pair_03.jsonl.gz,adfa30699b056e323f8be606986f105714619d5992d6ae5e7b6852db5e63362c
validation,bursty,benign_bursty,benign,24,4,4780794959553378184,15145348075810485740,13506732301996212941,7761880b08d45e86b4b4cd90d111569b0e6554e9b11527aa4c8655b00f8606f4,fd9d2dbf0e6defbbb76806684b180af28efa4c10f310cfce52a5ac8ac65d336c,150,479,479,0,6.028205823519358,43.27820582351936,22.946666666666665,34.0,4.428852829813307,0.9949247702856178,0,150,70,70,126,150,0.0,1.0,0.4666666666666667,0.4666666666666667,0.84,1.0,raw_runs/validation/benign_bursty/level_24/pair_04.jsonl.gz,ab3ab4ff3f75f2fc598263d1eca08ea688ec26759d780213c33523452696c114
validation,bursty,benign_bursty,benign,24,5,6444626758749891196,2894688630153085745,2606137346799723550,7bb904ff9d32fb89508d4a12fa3fcca91bbe9314f208534070ca88038cb9fe7a,18e99ae8e9e36dc8046229540d7ad5b03920af406ac9c9f01952cbde4daecb04,150,523,523,0,6.028756126479578,43.27875612647958,23.96,38.0,4.4683276064698365,0.993578311882676,0,150,74,74,126,150,0.0,1.0,0.49333333333333335,0.49333333333333335,0.84,1.0,raw_runs/validation/benign_bursty/level_24/pair_05.jsonl.gz,dcde583a3af119d99cc124485516b166aec93db6b98547d6adf19610433ecf04
validation,bursty,benign_bursty,benign,24,6,15017807385840931387,4595591865311612426,1756477128001983075,56b2af2585d2d089784d45a3e3b39480842a0d3eca1013d555315514c6e3a7d5,a0668a7530b7c73b8e39529fdd90bec38fe1e764592a6b05dc0fe9cf1dbd9eb9,150,483,483,0,6.164458593360093,43.414458593360095,23.0,36.54999999999998,4.415333560755712,0.9908574113984426,0,150,69,69,118,150,0.0,1.0,0.46,0.46,0.7866666666666666,1.0,raw_runs/validation/benign_bursty/level_24/pair_06.jsonl.gz,c694e1f1007093807d46144361f4e727afabc697e4637fad3cb4eeb64cd7bb15
validation,bursty,benign_bursty,benign,24,7,8552149562959649114,11413960738575079932,5014564040230157954,91d96cd00c74b727c473599473521cdbed8b66211b13f6f5844aa3f1fe55ffa6,d0172a7f01d5fe7e2dc61e75350218c6e825c71a7f264ecbe7aa678b63ef9f9c,150,497,497,0,6.124603133229721,43.37460313322972,22.30666666666667,34.54999999999998,4.395218641917395,0.9987236331569664,0,150,67,67,119,150,0.0,1.0,0.44666666666666666,0.44666666666666666,0.7933333333333333,1.0,raw_runs/validation/benign_bursty/level_24/pair_07.jsonl.gz,23daa553c041bf5ce2989d5d545a846e835e0d8e255cbdaf2698f3b15a36b83b
validation,bursty,benign_bursty,benign,24,8,15970768725518078580,2873805063108315331,11321029497248015469,2f1e330598bb939216a1a8d92132d36661ffff157598f25446e025185406a956,39452e508cfc99da2a2c102639e23e62779f108716b57cf40cbc53c54432087e,150,503,503,0,6.031359696299488,43.28135969629949,23.486666666666668,38.54999999999998,4.441493033537773,0.997696027458043,0,150,69,69,115,150,0.0,1.0,0.46,0.46,0.7666666666666667,1.0,raw_runs/validation/benign_bursty/level_24/pair_08.jsonl.gz,8d51e55e2667c3727a5617df1a19849c72a99f1648ce23f1c13e638cf8f4db3a
validation,bursty,benign_bursty,benign,24,9,373968930109898497,14952452443238034336,12097702986707659268,2a39a171a582ce005819e85e87a3e814771ec0896b8615e72fc961042b771a12,32d4dd2ab7cb5488497ec1cbbdf30eb88b6a47a7fc8e40655af577851818fab2,150,573,573,0,6.12868666517109,43.37868666517109,24.973333333333333,40.54999999999998,4.524757634477027,0.9963139356420057,0,150,79,79,122,150,0.0,1.0,0.5266666666666666,0.5266666666666666,0.8133333333333334,1.0,raw_runs/validation/benign_bursty/level_24/pair_09.jsonl.gz,8769ca4a23e291c8bd29ef05939b65d602e2d84a65ffea386fa70802ca7d119f
validation,bursty,benign_bursty,benign,60,0,12487070739786096694,5538274702870925366,16851692644214344982,ac13e0bafaa11d7ba9c69c99c3f13b926f129dab4a0accc794b55344cc564aac,8241fd2d16e517330c90787e0bdc37fde456135d96d2812f0fd20b5a52a90c62,150,1301,1301,0,6.142820643979903,43.3928206439799,58.733333333333334,87.0,5.77757090198266,0.9865242332322456,0,150,150,150,150,150,0.0,1.0,1.0,1.0,1.0,1.0,raw_runs/validation/benign_bursty/level_60/pair_00.jsonl.gz,cbe5e99b1c522bd2728f7d1d6e934d6949726c87cf8a9e43968c72c9068ecff1
validation,bursty,benign_bursty,benign,60,1,1233774076934693432,368104975574429790,675595123895095961,53e1f148a8ce688d9f36f45835e4353de3b0804a577bf88741b41700f096aa85,d9a26a27d465133397e9e2e7ae66979d8e25b9a7a1c77b86c09a4c3b61bb5b24,150,1326,1326,0,6.107349205727546,43.357349205727544,59.58,86.0,5.798418728390273,0.9853999254150276,0,150,150,150,150,150,0.0,1.0,1.0,1.0,1.0,1.0,raw_runs/validation/benign_bursty/level_60/pair_01.jsonl.gz,8deb88c24b683c8612b1a0e89e8c4021d34febadce28cb4ef8e5bb12bbb8151b
validation,bursty,benign_bursty,benign,60,2,8829653206436101812,750267707335277350,12378599315663589929,4c556400c35a7e21f76882031e144e6f8491ea78cab092bd4569b275e7ee9a07,5faf2f6470e9d3d9d380e1d00182ce4ac5cbcaff170563d35d992da8d073e1f8,150,1269,1269,0,6.159013665368146,43.40901366536815,56.373333333333335,86.0,5.721084603645848,0.98842926605455,0,150,149,149,150,150,0.0,1.0,0.9933333333333333,0.9933333333333333,1.0,1.0,raw_runs/validation/benign_bursty/level_60/pair_02.jsonl.gz,419e61fd6c30ddee9b7a4936f962644d20ba00a900c0dff53050b7d0fec75516
validation,bursty,benign_bursty,benign,60,3,13971988729943770202,15836958982476396800,14921222426071504640,e48f6814f5a32b6b974c75be5b52c4b23b61a97a6eab52aff19467bdd691c256,ab7cf08a8079f99b13676794d89780c7debba53f2af10c6964b76043039f1894,150,1232,1232,0,6.000850590789077,43.25085059078908,55.626666666666665,85.09999999999997,5.692672246053303,0.9879847340651705,0,150,149,149,150,150,0.0,1.0,0.9933333333333333,0.9933333333333333,1.0,1.0,raw_runs/validation/benign_bursty/level_60/pair_03.jsonl.gz,a7bc64f3036585d6b0af8de855888ca65d1a465a1d263f55924a33dcfb562c61
validation,bursty,benign_bursty,benign,60,4,12197661544791214125,10322430620076629273,13896935055190749748,1e8509502ca760c04a40027bdbc543974aeacff7b0b082b1eb50b23bf9feacf5,9445118448bde14f80998d27493a008db338f4ddf67ab99fa9df22b7567706d9,150,1264,1264,0,6.020478402221314,43.270478402221315,59.67333333333333,89.0,5.801310422091575,0.9883748031445047,0,150,149,149,150,150,0.0,1.0,0.9933333333333333,0.9933333333333333,1.0,1.0,raw_runs/validation/benign_bursty/level_60/pair_04.jsonl.gz,ca2fed50eee30915497ee3a3ef253167c95936e8a8a4cb570bf902a7b0382b1f
validation,bursty,benign_bursty,benign,60,5,10681308235232454335,8243685565898141651,14357971937276935330,ca90a989472eddcb149c9c7ca25e84004867f1597752a6849e3e99dee51e596f,6ccd541b3ff559daa98f2c60cc7dfa1499287ddd990e458aeac64128d90da977,150,1372,1372,0,6.244621882976227,43.494621882976226,61.68666666666667,92.0,5.840649277308748,0.9802535013701569,0,150,150,150,150,150,0.0,1.0,1.0,1.0,1.0,1.0,raw_runs/validation/benign_bursty/level_60/pair_05.jsonl.gz,7dc19b3d470f7008f87b46caef4ee39d805cf42ef73d3a524f3cfe1f64c23a05
validation,bursty,benign_bursty,benign,60,6,15358484506539861972,8736930151456351088,8771563442273182912,2ba765c668284a2741e9e660a34954e63ce0f7426a567c473855377205867496,a2cf14fa663834a191bd4fee1d7821d4427ec67d5c84139a5661057e6ec67979,150,1272,1272,0,6.02801294188172,43.27801294188172,58.20666666666666,84.54999999999998,5.78412310522484,0.9922205894115895,0,150,150,150,150,150,0.0,1.0,1.0,1.0,1.0,1.0,raw_runs/validation/benign_bursty/level_60/pair_06.jsonl.gz,9b229ce769688c4f37252e7646179010ee0d7e4ea063e431110464291b7282ef
validation,bursty,benign_bursty,benign,60,7,1908953456111759179,13730453916256158984,639723791948711156,2a55323b21250d3f9b5866f96ace6f610d024e9ed13a794dfbd62c7d08074905,00e3e0ea26a33f4b77a2328df628436e43eddec97edf95b2357da9a0c9637688,150,1349,1349,0,6.168908557190404,43.418908557190406,62.07333333333333,91.54999999999998,5.853073306858394,0.9844248729567315,0,150,150,150,150,150,0.0,1.0,1.0,1.0,1.0,1.0,raw_runs/validation/benign_bursty/level_60/pair_07.jsonl.gz,13649ead86d2ec655a875cf93a2bd12c1e86bbf70891540919d91097f5e21b3e
validation,bursty,benign_bursty,benign,60,8,5432635473106242675,6302575341774746544,7646083556680532282,c94e346a6557ebeec4b6575ec5b3c8622bd49a353c41c83f9de8482138f2b91d,9377fb92a02097bec4fb9ef6d2dd74ef371c97ec2dc0a1420f7edbdd5fe03572,150,1292,1292,0,6.0453821300559305,43.29538213005593,59.72666666666667,89.0,5.792720352420673,0.9818517512652439,0,150,150,150,150,150,0.0,1.0,1.0,1.0,1.0,1.0,raw_runs/validation/benign_bursty/level_60/pair_08.jsonl.gz,7dd3f14acd4acc02dc239c25868c5b65ba4ab4d6474745fa306cb4cc75314248
validation,bursty,benign_bursty,benign,60,9,4294892300995550161,15598110031629645083,5379685419395629896,d995b1431efce64edb63443f08921023456c31947f2ef8ebc4c3b5b4cbd5e139,e878b4323bb6413e1fb7e6b65f9a8c809a163e1e02f4c1b12d9cea4738cf6774,150,1349,1349,0,6.207461716399334,43.45746171639934,63.4,95.0,5.889923605348953,0.988059024701014,0,150,150,150,150,150,0.0,1.0,1.0,1.0,1.0,1.0,raw_runs/validation/benign_bursty/level_60/pair_09.jsonl.gz,0a74424e40f3a487c143bb32b1a3ac57bae56e337bc80399d9fe2a6ff71d485a
validation,bursty,benign_bursty,benign,120,0,6343223648374679314,13547544534982065781,11372089149446324352,895c7d608052a2ca54184124f15af8208548875147ea7bb048d40189d6f1779f,384f1e6eae80ae33ccb46c09fc0d91fbcbc5152c94b079033a304709f257a0bf,150,2593,2593,0,6.190374526115809,43.44037452611581,118.78,171.0,6.773909173959804,0.971142025559563,0,150,150,150,150,150,0.0,1.0,1.0,1.0,1.0,1.0,raw_runs/validation/benign_bursty/level_120/pair_00.jsonl.gz,4b295d55096956459a2d15e91b336bf2dd19d8b947c543c91d6e31899c643e2a
validation,bursty,benign_bursty,benign,120,1,10485689392433755321,14086714093093734968,12861600723281398139,a4ccb4b57c528212693440416212542b9ed3a773237d31938a4417ff945ee90a,dc629a663688fd52e52d7d0031a0e011f1b6c4e11fa96e9e35c16c0c77420aed,150,2558,2558,0,6.171322626713447,43.42132262671345,118.10666666666667,169.54999999999998,6.749624717051238,0.9672044529206567,0,150,150,150,150,150,0.0,1.0,1.0,1.0,1.0,1.0,raw_runs/validation/benign_bursty/level_120/pair_01.jsonl.gz,2337b389daca873231542167bdd412b1a1ab0913711661cc9cdda238e7d7d449
validation,bursty,benign_bursty,benign,120,2,14225129792427501652,12730096511852318829,1221551568384209846,772f42961b9505cc1ef7c72ca0b902ace3d953e09d740ae4fdcf16e3f0d75dac,b434d084f7e79dfaf344149d89a1958e0fc98825d2d496b326b595279cfc1867,150,2562,2562,0,6.07769283657476,43.32769283657476,122.11333333333333,176.54999999999998,6.801874000800348,0.9678846653465359,0,150,150,150,150,150,0.0,1.0,1.0,1.0,1.0,1.0,raw_runs/validation/benign_bursty/level_120/pair_02.jsonl.gz,fdbe0c3d3100d86e27ffc2a3b2ec855443f7c82a363dfbf1c0e3c1319ac7b887
validation,bursty,benign_bursty,benign,120,3,16348644471646703601,1558183538901609871,180314855606078885,c90b1596d41b529aa925f0a51496b3f5b16a081eacbf43a02f634e2032522132,3e1e5599fde3851ea01c7a7cd34732aaf5a750cf45bccfceac3fc7348a932435,150,2631,2631,0,6.036736511302253,43.28673651130225,124.02666666666667,178.0,6.832043465988254,0.9732463079516428,0,150,150,150,150,150,0.0,1.0,1.0,1.0,1.0,1.0,raw_runs/validation/benign_bursty/level_120/pair_03.jsonl.gz,163789e90d5699ec84849403c1609686a7f7f3fb8c3498886a95b4c0c5e65543
validation,bursty,benign_bursty,benign,120,4,3343736546488695615,9124391271348376101,10365090365376948432,bb04e6b66ea069d06c639106eabf5ea4b7d07aa8e5709276308f7834e6eed3be,0cd1457bcca5454375150a31532d4f88e2de6e80a4f3fc9342b9381ff4f1ce45,150,2579,2579,0,6.132421465931037,43.38242146593104,118.38,171.54999999999998,6.770903387482641,0.9771359687247192,0,150,150,150,150,150,0.0,1.0,1.0,1.0,1.0,1.0,raw_runs/validation/benign_bursty/level_120/pair_04.jsonl.gz,9d138e6357b17b81ea6390ffc6b07b0ea1245f876430b3159ab7de0265a79988
validation,bursty,benign_bursty,benign,120,5,11423555078912488740,944357307350427381,9925287894318133815,b1abb51aec8ebbc7847d9fbf69b2e529a6c29d4f908fc5ed23ff9ed27163ff66,ac94a6775d5aab322acc4b381e3df9dc5ba7ee18a592b05ecdb328a78abdc247,150,2565,2565,0,6.218097328312046,43.46809732831205,121.68666666666667,174.54999999999998,6.7960487704605885,0.9699934363068947,0,150,150,150,150,150,0.0,1.0,1.0,1.0,1.0,1.0,raw_runs/validation/benign_bursty/level_120/pair_05.jsonl.gz,3ebd4c48efe6be4c6ef305550b516745e2ddeb4dc76acbfc9abb7b0889abd280
validation,bursty,benign_bursty,benign,120,6,16633513658655925984,16348793242510748510,11170328358347162259,634fa5992e5d71c17a56c5813611ee4f28ab9a48f4d81f16df0b2fbd2bf723c0,5705c4a60d31f98f2df3054a4aff88be0b3888e372107dff8b8fe8ddd44bcb0f,150,2584,2584,0,6.102210238838128,43.352210238838126,119.97333333333333,175.54999999999998,6.778588714749729,0.9709423272428277,0,150,150,150,150,150,0.0,1.0,1.0,1.0,1.0,1.0,raw_runs/validation/benign_bursty/level_120/pair_06.jsonl.gz,609f2337e331eb6cd6a1a3babf0456d27ec4af8843e7f67eb5a153148413171d
validation,bursty,benign_bursty,benign,120,7,13625812922725759632,9184983685717701453,478925579745369469,123fc86ba2d440709b4f84e223410123069f6ade276d49dbd1ad7b703c4a7220,e1e67e6c280cff530ca23f84478cdd8ff0b7a04101ae849788aad49af42d57df,150,2571,2571,0,6.079710305821841,43.32971030582184,118.72666666666667,171.54999999999998,6.761372037926673,0.9698313440484189,0,150,150,150,150,150,0.0,1.0,1.0,1.0,1.0,1.0,raw_runs/validation/benign_bursty/level_120/pair_07.jsonl.gz,95b1942fa5bb5531e0d67e9aac595d538b50e5b57391178648bc7b811d114cfe
validation,bursty,benign_bursty,benign,120,8,6249232245833653706,2860490276323050956,9916602583825229037,e3e7fb25704a9ca1cecec2e05025b4eaafc8dd13c619b18460b53a554831dbac,2a7a1ea719f6cb4a50569eb36e3c39e3931af08416bfd0616cc87b014455c030,150,2641,2641,0,6.164913085715119,43.41491308571512,124.83333333333333,185.54999999999998,6.831497046873398,0.9680893570062588,0,150,150,150,150,150,0.0,1.0,1.0,1.0,1.0,1.0,raw_runs/validation/benign_bursty/level_120/pair_08.jsonl.gz,0d382a39903c91536d2a91bc5a033c2697baab9fe1d705163ff6458d23f581e1
validation,bursty,benign_bursty,benign,120,9,4181695058086570736,2322558530635670792,17766464507714419377,a19d48dc5db909ddf0f0424d9fa7b01fe8a19e30f27cd242961dc4680a38e48d,f8ec2b3bd645fa50c6e335764b3faab7ce3992eca0294b3c1852654eb55362d8,150,2595,2595,0,6.040833447897237,43.290833447897235,121.30666666666667,172.54999999999998,6.798444558890055,0.9730629105599258,0,150,150,150,150,150,0.0,1.0,1.0,1.0,1.0,1.0,raw_runs/validation/benign_bursty/level_120/pair_09.jsonl.gz,2a5b15fa6b9c3088efd69ce3afb57ac094ad2e033de4669c89e3eced84d09b40
validation,bursty,benign_bursty,benign,200,0,4701589229855114122,6271973614556098947,1628551215687149776,deac6ae13c00244a6f3b6c682a9b93870744ecb47f27ae20c614fc1af4e0250c,d10f66700ccc40ec08ce83e443530597c2b1bf5c889ae5f4aa07b440ffa35aeb,150,4212,4212,0,6.001327299092992,43.25132729909299,193.44,276.54999999999995,7.442915915173135,0.9552461801498214,0,150,150,150,150,150,0.0,1.0,1.0,1.0,1.0,1.0,raw_runs/validation/benign_bursty/level_200/pair_00.jsonl.gz,d2ec1d781e038a03b318f2afe446a980c07e75d8a357916ac0ab7ec8e65323a5
validation,bursty,benign_bursty,benign,200,1,4346055504009300370,11135537431613534554,17995182408396664718,2ddb9718acf5d88af3e6c597cacc7e994ec7f263a2c8745def6678edddb9d8c5,b1b853f07994d114e006dfbc8c101ae6049457077bbd064c1939b184f6b04a26,150,4391,4391,0,6.194309034696226,43.444309034696225,196.71333333333334,283.54999999999995,7.449131004835002,0.9489301672022831,0,150,150,150,150,150,0.0,1.0,1.0,1.0,1.0,1.0,raw_runs/validation/benign_bursty/level_200/pair_01.jsonl.gz,93fa2fd15cfd5147ff2da9a7080abcfb11019c6fbb2020b61f7a82946f61a147
validation,bursty,benign_bursty,benign,200,2,16868993196960833280,1391611241494434084,704871158448132391,8425a7fdd31712cad49b67b0a9b8331751bb2cedc047de097382fb05ed6fb972,5ed8bb2e6fe0bafa4063f0ee4115cdd74d136007aa7837e91ccaf3834bdf99ec,150,4347,4347,0,6.152102325436412,43.40210232543641,201.71333333333334,290.09999999999997,7.494655283475286,0.9526628749632465,0,150,150,150,150,150,0.0,1.0,1.0,1.0,1.0,1.0,raw_runs/validation/benign_bursty/level_200/pair_02.jsonl.gz,05e4ac9dadf642e704a3ebad423eb3a9e65d12378d383e2ad851cc6257365adc
validation,bursty,benign_bursty,benign,200,3,8158687038412735734,12997957435638302959,10814092530593544899,a7734d5c8aa61832ad50b3ffab281683466794eb6379deddce5fed51e2dfcbb9,3f49eea60bdea24b62fb5efe24aaf3a0c85be47979cb3a0d9ab11c99362715a5,150,4422,4422,0,6.21115646848793,43.46115646848793,201.08666666666667,293.65,7.496603860302963,0.9552390763163974,0,150,150,150,150,150,0.0,1.0,1.0,1.0,1.0,1.0,raw_runs/validation/benign_bursty/level_200/pair_03.jsonl.gz,baad1e7b02d56c5df608f16027086a4fbc91815a8cc6863bcc85d50e8d159fad
validation,bursty,benign_bursty,benign,200,4,8348638206950472123,10425026101476380979,11046982743568672799,d4cf509722a8fb02a971185b488b4731e65793eb804c1f8cee121298472f9dfd,8c684fcf7666478cfe9e9d3d86d0e5eb0841f3e047383ead461403e653482c5f,150,4318,4318,0,6.196328155095743,43.44632815509574,201.82666666666665,289.54999999999995,7.494930887305199,0.9545810475011147,0,150,150,150,150,150,0.0,1.0,1.0,1.0,1.0,1.0,raw_runs/validation/benign_bursty/level_200/pair_04.jsonl.gz,f377a08e12dd6b50a91513e275e31388b3791c9064cf4ea9e910bf0cdb97d833
validation,bursty,benign_bursty,benign,200,5,4643506470548536018,5643049563632442668,6315670379693930156,b2ce129c51080a89569404a392dcd29039dfcd170619e843653e2a370dccae23,efb47e2908e9509fc2de5e7d3b56e32b77a016fd05d36e249a06178ccd65115c,150,4176,4176,0,6.03463697822464,43.28463697822464,199.15333333333334,290.65,7.4769696247614865,0.9550775742827665,0,150,150,150,150,150,0.0,1.0,1.0,1.0,1.0,1.0,raw_runs/validation/benign_bursty/level_200/pair_05.jsonl.gz,a569f89693403289a7d9bb4411978ebc5402f7ede84e5d95047b4f17371b4405
validation,bursty,benign_bursty,benign,200,6,629698442340896622,1400371493518710898,12908762554765180301,78094cfa97028a1d95fb1b785f1252c51812c9a71162dc51a519f52d80b01e68,b4ede2223e5c20f004e5599485c174ad49a9bd6d863d6ca200717d021ce53887,150,4323,4323,0,6.091216521317078,43.34121652131708,204.24,291.54999999999995,7.5181593134682405,0.9537697938436448,0,150,150,150,150,150,0.0,1.0,1.0,1.0,1.0,1.0,raw_runs/validation/benign_bursty/level_200/pair_06.jsonl.gz,daff4c58b9c47abff9b69ffd14d675d737bffbf98a976b98dafb8079ee3efc37
validation,bursty,benign_bursty,benign,200,7,6550117413296664092,3620761820618887768,5144525026260770069,960e752ff46da666e9a5a06860adb76553d55e70183168a5317390a73e703def,f44552ca33f911f2e9f3d3ac5655c433d22224963ea08992a057cfa6b9bfff6f,150,4214,4214,0,6.170060838856954,43.420060838856955,199.49333333333334,285.0,7.481158282455708,0.9522290535119821,0,150,150,150,150,150,0.0,1.0,1.0,1.0,1.0,1.0,raw_runs/validation/benign_bursty/level_200/pair_07.jsonl.gz,c366ad488f9d3c72cdc02241cdf55a46277015e484939e3d1d7a46661d1c8d8b
validation,bursty,benign_bursty,benign,200,8,13865187272159744225,14526392266173160942,16252127386474264691,e08f6eb4030856041c1e6400479ecbaf5721d72207845ef9da26a977891338f8,339bf4d08e9aeb57b026faa2696e55c9936b54e213af13ba936daa089bf93e46,150,4261,4261,0,6.077366880296863,43.327366880296864,198.43333333333334,280.09999999999997,7.470461769807571,0.9507336563508609,0,150,150,150,150,150,0.0,1.0,1.0,1.0,1.0,1.0,raw_runs/validation/benign_bursty/level_200/pair_08.jsonl.gz,cfb51cf848b090b766caede9e5025073d8649ee7e67b9fb4cf52265173065781
validation,bursty,benign_bursty,benign,200,9,5004906706923002299,17210415446823500356,15869360642398797787,314c69083367ece06f7c12e730010bc093ba4617f79e62316a1c697a94dd7382,24dd32e25ed7e78c936e1b46db0bb50c2fb36d38468422545d894bfa1cc8ad64,150,4402,4402,0,6.0209468335947705,43.27094683359477,201.82,292.54999999999995,7.488893082615597,0.9507636019794491,0,150,150,150,150,150,0.0,1.0,1.0,1.0,1.0,1.0,raw_runs/validation/benign_bursty/level_200/pair_09.jsonl.gz,550d5ebb2a17342f33354933111465d6eeca9c0df4de823ac6d1ebd27772c0ec
validation,continuous,attack_dup_sweep_continuous,attack,24,0,3673551644062057245,4272863141513858583,16722509125492765839,fb07342938fec45439127d2e1d8c26f583971febc53554148bd9a789dbdafe21,8ec02c12bcc2c5e246b29e23a6e5e66e87a48660a8000f2f0df21dc38d16a9c3,150,550,54,496,6.234382007816665,43.48438200781666,25.64,33.54999999999998,3.7907390915764783,0.5676017994115352,0,150,0,104,34,0,0.0,1.0,0.0,0.6933333333333334,0.22666666666666666,0.0,raw_runs/validation/attack_dup_sweep_continuous/level_24/pair_00.jsonl.gz,32da335a2f510fd3d46660e17022154e1cdcd236171adb88812c636ab3f74b5d
validation,continuous,attack_dup_sweep_continuous,attack,24,1,11431027195870344778,1373759827185832907,9754946470994311546,a9e1d50711b4b792183496ef9a70751c247e59ccaf442553977ea84ea50f0781,b8856205d8fe638b223dbd1331f7d82401bef456a86199a8036ba3ff4f90dd9e,150,469,41,428,6.0686765558200895,43.31867655582009,22.0,29.549999999999983,3.5736751917561604,0.57018467011042,0,150,0,51,9,0,0.0,1.0,0.0,0.34,0.06,0.0,raw_runs/validation/attack_dup_sweep_continuous/level_24/pair_01.jsonl.gz,c382c936b0c2b2f3db0409d8653034fbb33594f822fe02530e7f9c8533779c87
validation,continuous,attack_dup_sweep_continuous,attack,24,2,12954679955638620947,12589799611093494771,7182334551728756358,91cf690c0f95948dbb1569633897bde05fbd5c7d4a5a53f037809106f433c30b,ae6be09285f96ebc26bf67c5fe44de83b5f934c15a6d30a25323d238d7105e06,150,484,52,432,6.053308136644306,43.303308136644304,21.966666666666665,32.0,3.578636860644039,0.5784421136745711,0,150,0,46,20,2,0.0,1.0,0.0,0.30666666666666664,0.13333333333333333,0.013333333333333334,raw_runs/validation/attack_dup_sweep_continuous/level_24/pair_02.jsonl.gz,494596a52e239a2b78cb08bf16553315b71bff19bf996af34a5a410a6c93ff55
validation,continuous,attack_dup_sweep_continuous,attack,24,3,8481146232666450752,9354429047332502121,2614366946368556749,91813afacb029de2f556df19d50ba83b798a478783538a65a998d8ad391745d5,552b7cf1e5a6d856eebcfe1f8a498e19d665b08185b1363390d1ba8c7dcd4f3e,150,505,54,451,6.118608159310356,43.368608159310355,23.18,30.549999999999983,3.649332836937762,0.5730353767146052,0,150,0,69,19,0,0.0,1.0,0.0,0.46,0.12666666666666668,0.0,raw_runs/validation/attack_dup_sweep_continuous/level_24/pair_03.jsonl.gz,765829b2f8b724e14f817ba71915908482ce15751c13e0cf22b114628a495f1f
validation,continuous,attack_dup_sweep_continuous,attack,24,4,13567976593199891232,11869737719354102219,5346297350283740949,f4c2df7f5513326ed57afe93c65eac68719bd84f5aec16f708127b73166b11f9,ff47fc763476040f84b17d9cfd8ccba4dcd467d5ae48bb5a73a9ecaf12d573e1,150,526,46,480,6.20645561119592,43.45645561119592,24.393333333333334,32.0,3.7056698084162614,0.5610119437119118,0,150,0,83,23,1,0.0,1.0,0.0,0.5533333333333333,0.15333333333333332,0.006666666666666667,raw_runs/validation/attack_dup_sweep_continuous/level_24/pair_04.jsonl.gz,728a5d7fca1a148585f05d184717197433e4d9811420d0af3d09a47baecca849
validation,continuous,attack_dup_sweep_continuous,attack,24,5,14241141027202146377,16910298076832345794,2175368280308038586,1f9121ac152c6882ee96f718a5dae8e7b40da447a9e387533a1e365bc8cf6700,1d030f3309014c8c5ad0b8a16120dfc8da7d3000310eea7a70aacffe998f13c0,150,494,51,443,6.060113195098379,43.31011319509838,22.2,30.0,3.5869609132997833,0.5794422426662454,0,150,0,69,9,5,0.0,1.0,0.0,0.46,0.06,0.03333333333333333,raw_runs/validation/attack_dup_sweep_continuous/level_24/pair_05.jsonl.gz,b5cc443f94e73f104fd9e60a58d92d7c692c4b0bb8b2a2b3de29bf501743eb5f
validation,continuous,attack_dup_sweep_continuous,attack,24,6,7562000033540531603,14073620602045082575,790154746106720964,3e1d1ae872ba53d15b30c68cded763e68f28b7777d7bfcb41a5d4b2cca3fd1d4,9233860205900d7a7bad89f908266f29b96aa919c8eecb6e40853be5e3aaf14b,150,507,58,449,6.21052951230692,43.46052951230692,23.92,33.0,3.6972229248417543,0.5797452163578132,0,150,0,82,29,0,0.0,1.0,0.0,0.5466666666666666,0.19333333333333333,0.0,raw_runs/validation/attack_dup_sweep_continuous/level_24/pair_06.jsonl.gz,0f58d27d5255977b760db2974750e2063bb426051cfa4c803e248ed813914de1
validation,continuous,attack_dup_sweep_continuous,attack,24,7,11011284618895436610,11117433691203936528,212506866956915095,a53208d4cfed82c653319bf36340628a872828b79a5bd8f809f895e84a367edf,f75847213f086350b45395d0c54a77f72f05381e8fe5e73b655faa9dd8691aa5,150,479,47,432,6.108341395269573,43.358341395269576,22.18,30.0,3.577620534600595,0.5708899902573346,0,150,0,57,11,4,0.0,1.0,0.0,0.38,0.07333333333333333,0.02666666666666667,raw_runs/validation/attack_dup_sweep_continuous/level_24/pair_07.jsonl.gz,3706c541cfe55de48f9d8e437b7ec5eabd646dff1315e306aa6d24d080567e98
validation,continuous,attack_dup_sweep_continuous,attack,24,8,9701534151890880810,8462130559846442702,3979710682339320876,a21d77cde21f535d30cc4ef65e963d26999f6ff61f6635be45787d35a80b8840,b16edd50e7dbe7151e0b269efa169f5de231766f33b5b794a4a9ae29ba786114,150,497,50,447,6.238899994528942,43.48889999452894,23.133333333333333,30.549999999999983,3.6517524203094442,0.5725642323936161,0,150,0,70,14,1,0.0,1.0,0.0,0.4666666666666667,0.09333333333333334,0.006666666666666667,raw_runs/validation/attack_dup_sweep_continuous/level_24/pair_08.jsonl.gz,056e0acbc6825585536df9cecad56558b9153a8f0c65af9ffe6d36bb2482b614
validation,continuous,attack_dup_sweep_continuous,attack,24,9,3976943928879552847,8540069899174104864,12568219467588470289,1081ae5b56553c8f390b4700629b9b71e020023a1a2be738b72417cb41015fb8,cf6eb75dbf1c6c7ddfffb34bfafb8c554fc2ef7c6a3aa2296d43aeb05c2ee40a,150,521,66,455,6.156191287871627,43.40619128787163,23.726666666666667,33.0,3.6930892192602376,0.5801635439856975,0,150,0,76,28,0,0.0,1.0,0.0,0.5066666666666667,0.18666666666666668,0.0,raw_runs/validation/attack_dup_sweep_continuous/level_24/pair_09.jsonl.gz,633f7f1f4543e5026f6e1721be40d1059b14e3a4fdf9f81b509a845ce93081a6
validation,continuous,attack_dup_sweep_continuous,attack,60,0,10210537045640306180,13039003191039599806,10076502340986195368,432e7cf0167ffff5015f177e868903b025b6012c361f4dc8591bed2a990075b6,dc17a0a294b99a0e55c19a7a2e0221fbcf7962e5d412f173d0ff2da47f5391e3,150,1253,123,1130,6.096508261760505,43.346508261760505,58.513333333333335,67.54999999999998,4.973420629910473,0.5559229715631328,0,150,0,150,150,0,0.0,1.0,0.0,1.0,1.0,0.0,raw_runs/validation/attack_dup_sweep_continuous/level_60/pair_00.jsonl.gz,cd4abc3b89ab1cd9973c4cf3b01fb5e9dd987a7fb83931b37a181e6f0aa0e11c
validation,continuous,attack_dup_sweep_continuous,attack,60,1,9928620648339921539,13239255145390138332,2952666526362971242,f806be8f1d08a3c802846997cc171ae87c409a4def8d277e0ddbd86427fea4f5,d7f309cf0ee52ec0146e0ba6749b2d83c249956c04f7284f33c0951bd783f552,150,1300,114,1186,6.041834152060623,43.29183415206062,61.14666666666667,72.0,5.025088120945002,0.5512739357665553,0,150,0,150,150,0,0.0,1.0,0.0,1.0,1.0,0.0,raw_runs/validation/attack_dup_sweep_continuous/level_60/pair_01.jsonl.gz,257ca8a0c0b70e11e442dea2b907fdd74a63c6bbaa53fbc0546498ca0939c59d
validation,continuous,attack_dup_sweep_continuous,attack,60,2,7522586624996396663,1904021104845447304,8812154105317145938,d2b71f52ceecbf342579d1571f68e0f1d2711a30c78f79aae3d4658162745f14,b2e824f41c5eff2c7d8e2a5adc0db00dadd68cba4af3a2cc0e9cb553270a7ac7,150,1292,121,1171,6.096715117160257,43.34671511716026,60.02,70.0,5.009515607100435,0.5556685645495508,0,150,0,150,150,0,0.0,1.0,0.0,1.0,1.0,0.0,raw_runs/validation/attack_dup_sweep_continuous/level_60/pair_02.jsonl.gz,961c03a29464a8b7b6c244d9738fdd36b8adb9f126aeb175370c5a771baecb6a
validation,continuous,attack_dup_sweep_continuous,attack,60,3,15433724244603090679,170838089815200015,12880229627398205141,766c44fb198452664208bb17f3b5b1b2ada57638283775597bf28db552614f47,ecb7eb14591604a6f525019511ec44cdbcbeb5ccd772bb30b8bacf482a0b7a70,150,1317,142,1175,6.249703722032016,43.49970372203202,61.346666666666664,75.54999999999998,5.055388662804286,0.5635480454736912,0,150,0,150,150,0,0.0,1.0,0.0,1.0,1.0,0.0,raw_runs/validation/attack_dup_sweep_continuous/level_60/pair_03.jsonl.gz,6e60665fe12a7b76524b974758dc7f345a8e5c6297aa56f5df5b480b13a4f595
validation,continuous,attack_dup_sweep_continuous,attack,60,4,11038982360530583690,2879818582982038012,12916063090883086493,1bffbd8b05a1b296883a05ee643d663048b9eb46dee92f25f52f467c972f8aac,10aebaaf39f44f893f4beb2a79dcd0598e417106e097f6242e7d5f779dccd75b,150,1338,139,1199,6.104050882513569,43.35405088251357,62.846666666666664,73.0,5.083611226571576,0.561494307464951,0,150,0,150,150,0,0.0,1.0,0.0,1.0,1.0,0.0,raw_runs/validation/attack_dup_sweep_continuous/level_60/pair_04.jsonl.gz,ff5526dffa5cb8040d0693da44cd27988d6cfaf74b9947571c1aebbc93e0ab31
validation,continuous,attack_dup_sweep_continuous,attack,60,5,6501249040653453308,14162299130731498581,11780449269411010826,c1766199a63860dc224df676938cb39518f0b2e13132f3694b7f2976c5cf3bc5,a2d4ea153522c3022f8a38c0fafe94fcf1383a45889fd136f62c9586ac83a57a,150,1299,132,1167,6.151044227420136,43.40104422742014,59.96666666666667,73.64999999999995,5.008161370168676,0.5567451446236412,0,150,0,150,150,0,0.0,1.0,0.0,1.0,1.0,0.0,raw_runs/validation/attack_dup_sweep_continuous/level_60/pair_05.jsonl.gz,6adf82af2052d50c8098e42e9846edeec391b084682c8503de3c37e5a322da70
validation,continuous,attack_dup_sweep_continuous,attack,60,6,6930678653229076526,15252313809878852804,14747127474580409917,74c3a65c7a39890555ea2ef83745a4f894f8dfd29f5f26fd0bac85d8a0067dfa,f11c305251a34ed3f342b0762eb9f4ae368d3534254260742db3795d4a88e21b,150,1360,141,1219,6.058917278961883,43.308917278961886,62.166666666666664,73.0,5.070964211115061,0.5608845483215752,0,150,0,150,150,0,0.0,1.0,0.0,1.0,1.0,0.0,raw_runs/validation/attack_dup_sweep_continuous/level_60/pair_06.jsonl.gz,102dd5ff5d09c5323e4632d7d83def29548b0ce7fe6009b1c492b9d3c08097dd
validation,continuous,attack_dup_sweep_continuous,attack,60,7,1348166448913175725,7166705425644547172,2737346846488119909,3b3fd4ca1b418b46ae160232bb7ea9df85fab8cb2f885b3ee5869b7b7025ba7a,f81ee852ae94da7149be986556ca359f297c99f61e31a0e3ba1f71fedfd22019,150,1312,124,1188,6.067832573126943,43.31783257312694,61.333333333333336,73.54999999999998,5.030861475788549,0.5514533958504545,0,150,0,150,150,0,0.0,1.0,0.0,1.0,1.0,0.0,raw_runs/validation/attack_dup_sweep_continuous/level_60/pair_07.jsonl.gz,e446b2cf712812eada63f67f1912470304722db3742d1186c33918309e334c08
validation,continuous,attack_dup_sweep_continuous,attack,60,8,2223942126534782594,5544788755826056274,1007179364425745757,687d2a424be8b8efd7ebf54bd349725ce473ed065b0e4342220727021dd22ae6,5cc8e935f87b1631f0e1b192bf6d26c2e454e8bbf28c437a13417a080fd88846,150,1298,135,1163,6.179456669312525,43.42945666931252,60.4,75.54999999999998,5.0089386594175895,0.555653252233452,0,150,0,150,150,0,0.0,1.0,0.0,1.0,1.0,0.0,raw_runs/validation/attack_dup_sweep_continuous/level_60/pair_08.jsonl.gz,457519f023f51fa2adce506f82d00a44167cacffb01d83e7ad2c8bbbfa09319c
validation,continuous,attack_dup_sweep_continuous,attack,60,9,3808796865063232507,11435988634758829509,2186391779947938301,cf763193d6503c3b26a2d262b080f3dc840c3b1ee7e0afe4f074062cd16a82ee,3bf8fc385035b10083c69f200712171afc9f035e471f6854a7c655fcb25ad4ba,150,1289,132,1157,6.052958211818615,43.30295821181861,60.193333333333335,73.0,5.019825525179713,0.5599939660072017,0,150,0,150,150,0,0.0,1.0,0.0,1.0,1.0,0.0,raw_runs/validation/attack_dup_sweep_continuous/level_60/pair_09.jsonl.gz,25c53ec6d80438b4d3d225d31a2f72276e5fc576a8777fa368fa79f8677fbb96
validation,continuous,attack_dup_sweep_continuous,attack,120,0,3323202025522884144,3919892587191201774,2686817748683511513,4f7d26939bdc094d331838e7dfb08cf8839a752aa877c57d268901071658ce2a,998fc28387fb7d73904539ade66efdbdfb35ece6899bfdca7883835a29321836,150,2632,261,2371,6.081800537081934,43.33180053708193,121.39333333333333,139.54999999999998,6.019539292600108,0.5511688794696812,0,150,0,150,150,0,0.0,1.0,0.0,1.0,1.0,0.0,raw_runs/validation/attack_dup_sweep_continuous/level_120/pair_00.jsonl.gz,d881e50b638291776610a29d556df8cfafa60c0f1f3da6083a3e708bacada7ac
validation,continuous,attack_dup_sweep_continuous,attack,120,1,3632502082100150952,14458099276214665080,6844380566966953750,1d4f49b35b6c995a11a6613ae248928dfcefa7acede0dea72c411fbb22260b60,b58d9de989e3ffccc49fda66a98bdc5162c04a628e35305eb26665e94523ff91,150,2573,252,2321,6.1581349055919,43.4081349055919,118.68666666666667,131.54999999999998,5.984724442676653,0.5495121876514162,0,150,0,150,150,0,0.0,1.0,0.0,1.0,1.0,0.0,raw_runs/validation/attack_dup_sweep_continuous/level_120/pair_01.jsonl.gz,1b64fbe5e0ccfb8cdbbee636f622ba8a3d6b091f34a4f3c4fcd1fd33d604327f
validation,continuous,attack_dup_sweep_continuous,attack,120,2,574697187446849259,10357320109490916321,15303696449069378350,6fcc7db4f9ae8ad6676ef76e42cef9fdedcea064fb271a63a2b50315bf5c751b,1d14aa4af616e9e5a9f146fcfd6bdac98b14b8d30e6b56ebac7abf463c5cc135,150,2582,277,2305,6.17128757904506,43.42128757904506,118.39333333333333,136.0,5.994979499993836,0.5579051287958595,0,150,0,150,150,0,0.0,1.0,0.0,1.0,1.0,0.0,raw_runs/validation/attack_dup_sweep_continuous/level_120/pair_02.jsonl.gz,8ea37eec799cfb1b4f86a030e027991a7d72a62f42a5fa80a2551a306abc0eab
validation,continuous,attack_dup_sweep_continuous,attack,120,3,14773419784552033624,3391129516678855901,5045138135867177282,6e5ac5ac60082f0e223fd2ed8b4f0d0fda254516fc6e92fcc714d958bb72aedb,716f6ed0ae59ef6db109c7263d0a530cd6a43c9a99551ed72df8a50452007d00,150,2629,271,2358,6.040220111687934,43.29022011168794,119.33333333333333,135.0,5.9942654160519915,0.5516352958519452,0,150,0,150,150,0,0.0,1.0,0.0,1.0,1.0,0.0,raw_runs/validation/attack_dup_sweep_continuous/level_120/pair_03.jsonl.gz,912469cdeee72229ffa83d0bb202b9ea7f5454678ee197cef81c9037e3e9f466
validation,continuous,attack_dup_sweep_continuous,attack,120,4,15448474526324906631,9601861437639727442,4054039074980149954,3783307b7d364f98e92e8853f4b632cf42f62aac444f97a8de8b804604931242,a9544cb0934dc26840e3afc1d98fb4fe5ff7a891bf1303b9946a769654b80f2e,150,2637,280,2357,6.087009859121857,43.337009859121856,120.34,134.54999999999998,6.011890128933562,0.5537150309117584,0,150,0,150,150,0,0.0,1.0,0.0,1.0,1.0,0.0,raw_runs/validation/attack_dup_sweep_continuous/level_120/pair_04.jsonl.gz,8a60848f0bf6ed932e0b9f0f9abd489981d5a1e0a8b8d6876e96f43a36982e60
validation,continuous,attack_dup_sweep_continuous,attack,120,5,1377657481134050107,1823639970583859415,5919194508779252968,1b2b1942753879cc50aa4bd5bffe38e68cc49f8de5611616b98f39260236b3e4,e909e1c5ca1dbc68e129a0f8a280b0b6e65707f643dbd55d9c102db9ddf9ece7,150,2681,245,2436,6.02450567884228,43.27450567884228,122.24666666666667,140.54999999999998,6.021297351048074,0.5467875626789929,0,150,0,150,150,0,0.0,1.0,0.0,1.0,1.0,0.0,raw_runs/validation/attack_dup_sweep_continuous/level_120/pair_05.jsonl.gz,0ab084bb6e3067b6f0cb9d1d51319936ea3089f6c0a41f9e2a49f76da98e96e8
validation,continuous,attack_dup_sweep_continuous,attack,120,6,8400009760640007586,14621289125797335566,14200719811408355188,ad6c3c8fa4973966535deb4e98a22cf2da0017cf359f990f3ff551cddac407d0,a00cf530564c6923c37a6e5b89541020ffda79ff5488c87cbb71a9cc29f4fa9c,150,2555,279,2276,6.130285243733856,43.38028524373386,118.65333333333334,136.0,5.9836850122635665,0.5518293293910604,0,150,0,150,150,0,0.0,1.0,0.0,1.0,1.0,0.0,raw_runs/validation/attack_dup_sweep_continuous/level_120/pair_06.jsonl.gz,10cd95213e938f20c9dd14db7b068a9f2c4e67dfbf68ac269cd49e4dc43523eb
validation,continuous,attack_dup_sweep_continuous,attack,120,7,5475527399028966433,15282131669469359278,9392291651119361697,745b00006f7aa1831e4cb1153583f26e3416f59e5a6edec463e4268f957d5fcb,150292d16a3b8b342bedf3bd424d567617f21e9666d4addaeda5b547135cd36d,150,2642,279,2363,6.2217785369659975,43.471778536966,121.60666666666667,145.0,6.01921265026812,0.5517490386770043,0,150,0,150,150,0,0.0,1.0,0.0,1.0,1.0,0.0,raw_runs/validation/attack_dup_sweep_continuous/level_120/pair_07.jsonl.gz,c4ae27670583add63f312e6da973703b119ef6aa9a5cf1f61133663b801b552b
validation,continuous,attack_dup_sweep_continuous,attack,120,8,8501697092527940708,1068103047378825753,3877562672102771049,ff45bea18e0d0d79b2caff931a209522e59b796334c9b317a7e51652e15ab607,78ec999ffe959b4a28c9733ca888e0c6e46651c894ea8b4c307f4e1ad63ae731,150,2612,271,2341,6.202483654908547,43.45248365490855,122.36,138.54999999999998,6.033221973743801,0.553154844852191,0,150,0,150,150,0,0.0,1.0,0.0,1.0,1.0,0.0,raw_runs/validation/attack_dup_sweep_continuous/level_120/pair_08.jsonl.gz,5b74bb5c74c7435bb0d28e9e8719c8d6bdac75cb0edd4dd75e373ae094510076
validation,continuous,attack_dup_sweep_continuous,attack,120,9,5766102741234575094,8092898047589033730,4185477736465996495,69ad04d76e05fed7307543b039f8beca20e53d6184de4ebdb2ef81b786977665,e7596ac415aed9cfd0c7ddc4cfb07a40979bf84635652401143891b81a6d36f1,150,2541,264,2277,6.126538218657421,43.37653821865742,116.42,130.0,5.966560425282242,0.5541973480910428,0,150,0,150,150,0,0.0,1.0,0.0,1.0,1.0,0.0,raw_runs/validation/attack_dup_sweep_continuous/level_120/pair_09.jsonl.gz,719235c8b8d09827d5d9b2d47f01bf2a25118c499137af1049681f5a2bb3804f
validation,continuous,attack_dup_sweep_continuous,attack,200,0,16896053770025021303,7915734813195450471,7260575045515125876,d6271e64fe10dbc2de2748330b2473a4ff26d331ff00fb33f1da72be1ffa418a,49de654accff696dd3955f93e610af300ed809d256b843322d67cbea27ac4443,150,4325,423,3902,6.18261570604099,43.43261570604099,201.19333333333333,220.0,6.741331073672157,0.5469809317635445,0,150,0,150,150,0,0.0,1.0,0.0,1.0,1.0,0.0,raw_runs/validation/attack_dup_sweep_continuous/level_200/pair_00.jsonl.gz,6e66b4f30facad4760fd606acf1d17d54951dc0be15ad9f97c8a95c587d4dde2
validation,continuous,attack_dup_sweep_continuous,attack,200,1,12538011232869618596,8804615315091063918,1834790326699079971,458ca73347d2aa06e857410a017cc7fbb82c07e72e6832f1b324521941ae5fbb,4b2a8e3c3476ea778f76c888c9ed72faf00dd3ee05a7859497f54eddf8a0e7a8,150,4410,429,3981,6.154319324939192,43.404319324939195,203.68,227.54999999999998,6.75561202797084,0.5458554427406462,0,150,0,150,150,0,0.0,1.0,0.0,1.0,1.0,0.0,raw_runs/validation/attack_dup_sweep_continuous/level_200/pair_01.jsonl.gz,30a1c1b91a8e1e492986b348e058abb32ba77a36a4c6d47da02fd495fba62bad
validation,continuous,attack_dup_sweep_continuous,attack,200,2,11803072693694383989,3280735146631786287,1477867844431480686,1eeed2f06e4816d892330161aa88972a9e3eae28b647ad0004039b8b3854d04a,babdf68d65c3a150f943baf868dec2a73d7c668c7b11eb3fb5a5534a6de378fd,150,4296,425,3871,6.052010389897435,43.30201038989743,197.85333333333332,217.54999999999998,6.718908061544832,0.5481982054379841,0,150,0,150,150,0,0.0,1.0,0.0,1.0,1.0,0.0,raw_runs/validation/attack_dup_sweep_continuous/level_200/pair_02.jsonl.gz,529c8547e0b92e7d43506fc572b26ffbe2b9681d114c04fa2a6089d54c5ff144
validation,continuous,attack_dup_sweep_continuous,attack,200,3,13487829710686587815,3110413854763646972,12677319155959399082,461c3c52a43c19eb111f881ccb78973890f3530d60df070b6555a88b1ed8cf5f,c7a5e684a27a7e21f92dbcd61b04737eefc3f50f1898d2c978ffa2099d79b129,150,4336,463,3873,6.144175744707097,43.3941757447071,201.08,222.0,6.742926896705623,0.5495382711521137,0,150,0,150,150,0,0.0,1.0,0.0,1.0,1.0,0.0,raw_runs/validation/attack_dup_sweep_continuous/level_200/pair_03.jsonl.gz,59e733d808ce3a58e882ba969f63c8667eb7f479b474bef8690cc3af56d9827c
validation,continuous,attack_dup_sweep_continuous,attack,200,4,17380600800855691167,16011601727573698192,7514319760810587752,2b65dd9d583f256af599240663a48e8af3ae34531cde52ba43851b44e9dc7cb9,e4c9876a8521bd3fa9362756cccba28cc573e755147e119f0c5a96835c839aa4,150,4325,434,3891,6.22212131014862,43.47212131014862,199.85333333333332,220.09999999999997,6.732703904153893,0.5481124791427703,0,150,0,150,150,0,0.0,1.0,0.0,1.0,1.0,0.0,raw_runs/validation/attack_dup_sweep_continuous/level_200/pair_04.jsonl.gz,811686b6a81a3f2ee5fcaf975bea5ce7930b2fac49b5310f2934ea548248c206
validation,continuous,attack_dup_sweep_continuous,attack,200,5,5754068155048241029,7449902621578396747,4264516773532513754,6716731180adf8e012de2621d72b24e94323bf2ba4ac00d394f14d6e77596aec,2ca5a3900f68bec8d63da7bd6ebb998ad932370ab92ec786ff9afe1690bdce2c,150,4297,439,3858,6.018876585395886,43.26887658539589,197.58666666666667,219.09999999999997,6.716970738819433,0.5483742041042703,0,150,0,150,150,0,0.0,1.0,0.0,1.0,1.0,0.0,raw_runs/validation/attack_dup_sweep_continuous/level_200/pair_05.jsonl.gz,5295b2b3e078e5a697811909d4829e1152a34fce501a1f3df5f6e1ef8ffff59e
validation,continuous,attack_dup_sweep_continuous,attack,200,6,1645876900916925604,11395646348622656676,6153588290460565725,4caba74a1e76bfc43bb2d36e877e2149fe722ddda77bed53f9631785ce26a7fa,02af9b8e34616e4f235ff77928b82a1589a836b21919c267f03dfc478ddc7707,150,4248,458,3790,6.215066865568912,43.465066865568915,196.43333333333334,220.09999999999997,6.707503081237206,0.549190877753595,0,150,0,150,150,0,0.0,1.0,0.0,1.0,1.0,0.0,raw_runs/validation/attack_dup_sweep_continuous/level_200/pair_06.jsonl.gz,1c5a708957c4c14b55c7456e670f3b15ff5f9b24e6f428a36e935e297e3b3587
validation,continuous,attack_dup_sweep_continuous,attack,200,7,13114428025745130402,17453802610118128909,15010025022398076383,194af0a5e567e86261a5fd8a25a6cb5ab3864ab4a56440e35d025de9b7c01246,bbe61de2834f8e66476b60e335705e0e7f225752fee9951295ebffeee28f8d70,150,4305,409,3896,6.09499432545937,43.34499432545937,198.93333333333334,223.54999999999998,6.7223515561181975,0.5463182578311256,0,150,0,150,150,0,0.0,1.0,0.0,1.0,1.0,0.0,raw_runs/validation/attack_dup_sweep_continuous/level_200/pair_07.jsonl.gz,5a6948f614a12dfad4c685d13a55a09023480bd5e121da08eefd28864b0f1e6e
validation,continuous,attack_dup_sweep_continuous,attack,200,8,3250270310716571915,1919140345050504339,17294658846617185453,e7a38b8a3d056b80a21ee2c4b6debfb3d2ff9785ff0bb2b2157bf722b2b9c777,ae07c3368e62aeafea0b94897588d6724e69ca60604c851f11be637bf4d6aa42,150,4283,445,3838,6.135860151302833,43.385860151302836,197.49333333333334,216.0,6.721321548432118,0.5502555097348037,0,150,0,150,150,0,0.0,1.0,0.0,1.0,1.0,0.0,raw_runs/validation/attack_dup_sweep_continuous/level_200/pair_08.jsonl.gz,a4f2ce8eceae0ab57ac3fdd0c8044aafe9de6f68157ac96db8f46fcfbea0ba4c
validation,continuous,attack_dup_sweep_continuous,attack,200,9,10896150874945073060,5621468427271071362,18331720595935478192,ce998a2b1320976fd4587663369052d5a5216daf37c98ef6824807a0e06faeae,dd446559fe24ba267bf30cd96b8dc5236cd0d2cc8c4339d55a809266e2bb32e6,150,4340,426,3914,6.024578123710188,43.274578123710185,201.11333333333334,219.54999999999998,6.7366523900652036,0.5457168157763126,0,150,0,150,150,0,0.0,1.0,0.0,1.0,1.0,0.0,raw_runs/validation/attack_dup_sweep_continuous/level_200/pair_09.jsonl.gz,ba59a97528c247ebcd5baca4b7379a8c543d08e836a1334bac86f1368e257297
validation,continuous,attack_fixed_continuous,attack,24,0,3673551644062057245,4272863141513858583,14238814322560587965,fb07342938fec45439127d2e1d8c26f583971febc53554148bd9a789dbdafe21,8ec02c12bcc2c5e246b29e23a6e5e66e87a48660a8000f2f0df21dc38d16a9c3,150,550,65,485,6.234382007816665,43.48438200781666,25.64,33.54999999999998,0.7493183191827187,0.16665235235048437,0,150,0,104,0,0,0.0,1.0,0.0,0.6933333333333334,0.0,0.0,raw_runs/validation/attack_fixed_continuous/level_24/pair_00.jsonl.gz,122adb0b1dabac14c37b3011ed5a449af0a77e3120f846e9e77eeb62121c5831
validation,continuous,attack_fixed_continuous,attack,24,1,11431027195870344778,1373759827185832907,1945625801155222637,a9e1d50711b4b792183496ef9a70751c247e59ccaf442553977ea84ea50f0781,b8856205d8fe638b223dbd1331f7d82401bef456a86199a8036ba3ff4f90dd9e,150,469,42,427,6.0686765558200895,43.31867655582009,22.0,29.549999999999983,0.5160969323119212,0.1363365440740219,0,150,0,51,0,0,0.0,1.0,0.0,0.34,0.0,0.0,raw_runs/validation/attack_fixed_continuous/level_24/pair_01.jsonl.gz,f6e6be43e14d5f42147ec2b6150ab7c058cf979f6e852f04c48303239e6b8e02
validation,continuous,attack_fixed_continuous,attack,24,2,12954679955638620947,12589799611093494771,4338604772050920715,91cf690c0f95948dbb1569633897bde05fbd5c7d4a5a53f037809106f433c30b,ae6be09285f96ebc26bf67c5fe44de83b5f934c15a6d30a25323d238d7105e06,150,484,51,433,6.053308136644306,43.303308136644304,21.966666666666665,32.0,0.6271106498882592,0.15782855319846978,0,150,0,46,0,0,0.0,1.0,0.0,0.30666666666666664,0.0,0.0,raw_runs/validation/attack_fixed_continuous/level_24/pair_02.jsonl.gz,a91447bc3593b6b834064866a651af5dccc5e70c1febb956ce6595687e9e396c
validation,continuous,attack_fixed_continuous,attack,24,3,8481146232666450752,9354429047332502121,6887696816786876430,91813afacb029de2f556df19d50ba83b798a478783538a65a998d8ad391745d5,552b7cf1e5a6d856eebcfe1f8a498e19d665b08185b1363390d1ba8c7dcd4f3e,150,505,47,458,6.118608159310356,43.368608159310355,23.18,30.549999999999983,0.5879839327825422,0.1464168833352967,0,150,0,69,0,0,0.0,1.0,0.0,0.46,0.0,0.0,raw_runs/validation/attack_fixed_continuous/level_24/pair_03.jsonl.gz,7ab0d975d80d60f61ee876cfc90f81aaef92f9afecdb67a4e2f268649908950d
validation,continuous,attack_fixed_continuous,attack,24,4,13567976593199891232,11869737719354102219,10341496972607606431,f4c2df7f5513326ed57afe93c65eac68719bd84f5aec16f708127b73166b11f9,ff47fc763476040f84b17d9cfd8ccba4dcd467d5ae48bb5a73a9ecaf12d573e1,150,526,50,476,6.20645561119592,43.45645561119592,24.393333333333334,32.0,0.554527524269371,0.13599417147343448,0,150,0,83,0,0,0.0,1.0,0.0,0.5533333333333333,0.0,0.0,raw_runs/validation/attack_fixed_continuous/level_24/pair_04.jsonl.gz,987ac7a2171270a152ff41d80e89bf9a1e57b7ab428b5dbb70854c1b6c4046fe
validation,continuous,attack_fixed_continuous,attack,24,5,14241141027202146377,16910298076832345794,6314952303140993484,1f9121ac152c6882ee96f718a5dae8e7b40da447a9e387533a1e365bc8cf6700,1d030f3309014c8c5ad0b8a16120dfc8da7d3000310eea7a70aacffe998f13c0,150,494,44,450,6.060113195098379,43.31011319509838,22.2,30.0,0.5175740417724846,0.1378409096921696,0,150,0,69,0,0,0.0,1.0,0.0,0.46,0.0,0.0,raw_runs/validation/attack_fixed_continuous/level_24/pair_05.jsonl.gz,2e63cd5adaf2f42d1548d863cb8eb60ffbe1e33f954dae5bd016c3e523f2f916
validation,continuous,attack_fixed_continuous,attack,24,6,7562000033540531603,14073620602045082575,7306637665876237539,3e1d1ae872ba53d15b30c68cded763e68f28b7777d7bfcb41a5d4b2cca3fd1d4,9233860205900d7a7bad89f908266f29b96aa919c8eecb6e40853be5e3aaf14b,150,507,46,461,6.21052951230692,43.46052951230692,23.92,33.0,0.5164079697906893,0.13115377349443613,0,150,0,82,0,0,0.0,1.0,0.0,0.5466666666666666,0.0,0.0,raw_runs/validation/attack_fixed_continuous/level_24/pair_06.jsonl.gz,be6fa664544f4b535944918fa048006f4ad0a10224d968453e22980b47c9eba8
validation,continuous,attack_fixed_continuous,attack,24,7,11011284618895436610,11117433691203936528,2341040966602635029,a53208d4cfed82c653319bf36340628a872828b79a5bd8f809f895e84a367edf,f75847213f086350b45395d0c54a77f72f05381e8fe5e73b655faa9dd8691aa5,150,479,46,433,6.108341395269573,43.358341395269576,22.18,30.0,0.509202035284232,0.13438537345719742,0,150,0,57,0,0,0.0,1.0,0.0,0.38,0.0,0.0,raw_runs/validation/attack_fixed_continuous/level_24/pair_07.jsonl.gz,622ad55b01a0bb4d747799b7f52ae6b331b3d213f06458a6a57d39c6a75b685c
validation,continuous,attack_fixed_continuous,attack,24,8,9701534151890880810,8462130559846442702,5779919330654646953,a21d77cde21f535d30cc4ef65e963d26999f6ff61f6635be45787d35a80b8840,b16edd50e7dbe7151e0b269efa169f5de231766f33b5b794a4a9ae29ba786114,150,497,45,452,6.238899994528942,43.48889999452894,23.133333333333333,30.549999999999983,0.5460606384213839,0.13805155646020187,0,150,0,70,0,0,0.0,1.0,0.0,0.4666666666666667,0.0,0.0,raw_runs/validation/attack_fixed_continuous/level_24/pair_08.jsonl.gz,4c4dda5ac4b57fd1d05dbf4c847937369172132f37a425e018be125304b0708e
validation,continuous,attack_fixed_continuous,attack,24,9,3976943928879552847,8540069899174104864,8249874439180688604,1081ae5b56553c8f390b4700629b9b71e020023a1a2be738b72417cb41015fb8,cf6eb75dbf1c6c7ddfffb34bfafb8c554fc2ef7c6a3aa2296d43aeb05c2ee40a,150,521,54,467,6.156191287871627,43.40619128787163,23.726666666666667,33.0,0.6198343747260868,0.14828795462893382,0,150,0,76,0,0,0.0,1.0,0.0,0.5066666666666667,0.0,0.0,raw_runs/validation/attack_fixed_continuous/level_24/pair_09.jsonl.gz,2401d75102a58b70fc2be04ab13d89849f9f838d4e2d7ef9f4eac6adf1f57015
validation,continuous,attack_fixed_continuous,attack,60,0,10210537045640306180,13039003191039599806,13556048489419603098,432e7cf0167ffff5015f177e868903b025b6012c361f4dc8591bed2a990075b6,dc17a0a294b99a0e55c19a7a2e0221fbcf7962e5d412f173d0ff2da47f5391e3,150,1253,129,1124,6.096508261760505,43.346508261760505,58.513333333333335,67.54999999999998,0.7545725055457734,0.12213849269992239,0,150,0,150,0,0,0.0,1.0,0.0,1.0,0.0,0.0,raw_runs/validation/attack_fixed_continuous/level_60/pair_00.jsonl.gz,da23ff800e0db17fa7cd2012c7dc0e29fc45fc41537c128ac30112fb3f23fa13
validation,continuous,attack_fixed_continuous,attack,60,1,9928620648339921539,13239255145390138332,3274676075953671268,f806be8f1d08a3c802846997cc171ae87c409a4def8d277e0ddbd86427fea4f5,d7f309cf0ee52ec0146e0ba6749b2d83c249956c04f7284f33c0951bd783f552,150,1300,130,1170,6.041834152060623,43.29183415206062,61.14666666666667,72.0,0.7303256934370459,0.11671566396484723,0,150,0,150,0,0,0.0,1.0,0.0,1.0,0.0,0.0,raw_runs/validation/attack_fixed_continuous/level_60/pair_01.jsonl.gz,aa160e2b67fe5f7c7d600b32128c465e69370b9571aac3ecd09e33968ea0fcda
validation,continuous,attack_fixed_continuous,attack,60,2,7522586624996396663,1904021104845447304,8732465663655220188,d2b71f52ceecbf342579d1571f68e0f1d2711a30c78f79aae3d4658162745f14,b2e824f41c5eff2c7d8e2a5adc0db00dadd68cba4af3a2cc0e9cb553270a7ac7,150,1292,137,1155,6.096715117160257,43.34671511716026,60.02,70.0,0.7816398535451891,0.12482747914064964,0,150,0,150,0,0,0.0,1.0,0.0,1.0,0.0,0.0,raw_runs/validation/attack_fixed_continuous/level_60/pair_02.jsonl.gz,9d8fe2811a81c68f7178ab2b884aed3541afc61bc240632d1d4c5002ac7f3bdb
validation,continuous,attack_fixed_continuous,attack,60,3,15433724244603090679,170838089815200015,13079895663597893794,766c44fb198452664208bb17f3b5b1b2ada57638283775597bf28db552614f47,ecb7eb14591604a6f525019511ec44cdbcbeb5ccd772bb30b8bacf482a0b7a70,150,1317,126,1191,6.249703722032016,43.49970372203202,61.346666666666664,75.54999999999998,0.7163814324305088,0.11451464220716176,0,150,0,150,0,0,0.0,1.0,0.0,1.0,0.0,0.0,raw_runs/validation/attack_fixed_continuous/level_60/pair_03.jsonl.gz,67cd0ca75b5859f7853a41634829a34846282282256f021efed849ca474c43a1
validation,continuous,attack_fixed_continuous,attack,60,4,11038982360530583690,2879818582982038012,13368314332126595571,1bffbd8b05a1b296883a05ee643d663048b9eb46dee92f25f52f467c972f8aac,10aebaaf39f44f893f4beb2a79dcd0598e417106e097f6242e7d5f779dccd75b,150,1338,141,1197,6.104050882513569,43.35405088251357,62.846666666666664,73.0,0.7818370611189464,0.12316959821675501,0,150,0,150,0,0,0.0,1.0,0.0,1.0,0.0,0.0,raw_runs/validation/attack_fixed_continuous/level_60/pair_04.jsonl.gz,403e7881604e245fe90b890ec752cd9e6cc2eaa3eae689e37281d4c0f1037a98
validation,continuous,attack_fixed_continuous,attack,60,5,6501249040653453308,14162299130731498581,9978927156981175434,c1766199a63860dc224df676938cb39518f0b2e13132f3694b7f2976c5cf3bc5,a2d4ea153522c3022f8a38c0fafe94fcf1383a45889fd136f62c9586ac83a57a,150,1299,117,1182,6.151044227420136,43.40104422742014,59.96666666666667,73.64999999999995,0.64624532855726,0.10586773577717279,0,150,0,150,0,0,0.0,1.0,0.0,1.0,0.0,0.0,raw_runs/validation/attack_fixed_continuous/level_60/pair_05.jsonl.gz,983f5427082e71c014cd58d4d7d154dff23374c9bbe39e43caf06aff8dd291b1
validation,continuous,attack_fixed_continuous,attack,60,6,6930678653229076526,15252313809878852804,9660121157368424005,74c3a65c7a39890555ea2ef83745a4f894f8dfd29f5f26fd0bac85d8a0067dfa,f11c305251a34ed3f342b0762eb9f4ae368d3534254260742db3795d4a88e21b,150,1360,139,1221,6.058917278961883,43.308917278961886,62.166666666666664,73.0,0.7680739327096329,0.12153280104410612,0,150,0,150,0,0,0.0,1.0,0.0,1.0,0.0,0.0,raw_runs/validation/attack_fixed_continuous/level_60/pair_06.jsonl.gz,3171edb4874b59ff0e55583b308fcc664f237d7cc4736a3fb69e754e38b9c3bb
validation,continuous,attack_fixed_continuous,attack,60,7,1348166448913175725,7166705425644547172,9843480043998362170,3b3fd4ca1b418b46ae160232bb7ea9df85fab8cb2f885b3ee5869b7b7025ba7a,f81ee852ae94da7149be986556ca359f297c99f61e31a0e3ba1f71fedfd22019,150,1312,120,1192,6.067832573126943,43.31783257312694,61.333333333333336,73.54999999999998,0.6481445346690645,0.1054269463558231,0,150,0,150,0,0,0.0,1.0,0.0,1.0,0.0,0.0,raw_runs/validation/attack_fixed_continuous/level_60/pair_07.jsonl.gz,b97e3f1d73758ca3e6fd4e22c8a6b8309570c58a86b189bf0449e70a94bd54db
validation,continuous,attack_fixed_continuous,attack,60,8,2223942126534782594,5544788755826056274,12987839232223070839,687d2a424be8b8efd7ebf54bd349725ce473ed065b0e4342220727021dd22ae6,5cc8e935f87b1631f0e1b192bf6d26c2e454e8bbf28c437a13417a080fd88846,150,1298,137,1161,6.179456669312525,43.42945666931252,60.4,75.54999999999998,0.7691338941428163,0.12312378785570609,0,150,0,150,0,0,0.0,1.0,0.0,1.0,0.0,0.0,raw_runs/validation/attack_fixed_continuous/level_60/pair_08.jsonl.gz,5d6cb0083d0e44d7e0022523dcfa6b22deef698b389aac153d2314fa75be7070
validation,continuous,attack_fixed_continuous,attack,60,9,3808796865063232507,11435988634758829509,3346237823658729381,cf763193d6503c3b26a2d262b080f3dc840c3b1ee7e0afe4f074062cd16a82ee,3bf8fc385035b10083c69f200712171afc9f035e471f6854a7c655fcb25ad4ba,150,1289,125,1164,6.052958211818615,43.30295821181861,60.193333333333335,73.0,0.7311755036304388,0.11810595254826967,0,150,0,150,0,0,0.0,1.0,0.0,1.0,0.0,0.0,raw_runs/validation/attack_fixed_continuous/level_60/pair_09.jsonl.gz,7ad41a8b7e19e963d5aa70a895fc192b5ff42f21b053754932752d837fb48a7c
validation,continuous,attack_fixed_continuous,attack,120,0,3323202025522884144,3919892587191201774,12547678662281266,4f7d26939bdc094d331838e7dfb08cf8839a752aa877c57d268901071658ce2a,998fc28387fb7d73904539ade66efdbdfb35ece6899bfdca7883835a29321836,150,2632,278,2354,6.081800537081934,43.33180053708193,121.39333333333333,139.54999999999998,0.8779467907136582,0.11412981564903883,0,150,0,150,0,0,0.0,1.0,0.0,1.0,0.0,0.0,raw_runs/validation/attack_fixed_continuous/level_120/pair_00.jsonl.gz,e8247c836b501e7fd22ad4f91b6097c1a1b4360961c9263d32ee6354901b8cdf
validation,continuous,attack_fixed_continuous,attack,120,1,3632502082100150952,14458099276214665080,4433976674848403420,1d4f49b35b6c995a11a6613ae248928dfcefa7acede0dea72c411fbb22260b60,b58d9de989e3ffccc49fda66a98bdc5162c04a628e35305eb26665e94523ff91,150,2573,234,2339,6.1581349055919,43.4081349055919,118.68666666666667,131.54999999999998,0.764671359288538,0.10105458182901757,0,150,0,150,0,0,0.0,1.0,0.0,1.0,0.0,0.0,raw_runs/validation/attack_fixed_continuous/level_120/pair_01.jsonl.gz,0e8c8e0f68a92fd22a0df18665858a7a21400b0d6d3d0a7af5c12c48562e00d6
validation,continuous,attack_fixed_continuous,attack,120,2,574697187446849259,10357320109490916321,16622690183883044709,6fcc7db4f9ae8ad6676ef76e42cef9fdedcea064fb271a63a2b50315bf5c751b,1d14aa4af616e9e5a9f146fcfd6bdac98b14b8d30e6b56ebac7abf463c5cc135,150,2582,249,2333,6.17128757904506,43.42128757904506,118.39333333333333,136.0,0.8195883887317685,0.10757574192113156,0,150,0,150,0,0,0.0,1.0,0.0,1.0,0.0,0.0,raw_runs/validation/attack_fixed_continuous/level_120/pair_02.jsonl.gz,5353954ef7a9b64b4ca4fc91783ad1d7ac051343db937bf9f7ea6aca1a7eedc1
validation,continuous,attack_fixed_continuous,attack,120,3,14773419784552033624,3391129516678855901,3996463756549101866,6e5ac5ac60082f0e223fd2ed8b4f0d0fda254516fc6e92fcc714d958bb72aedb,716f6ed0ae59ef6db109c7263d0a530cd6a43c9a99551ed72df8a50452007d00,150,2629,261,2368,6.040220111687934,43.29022011168794,119.33333333333333,135.0,0.8279505946267605,0.10847984292113395,0,150,0,150,0,0,0.0,1.0,0.0,1.0,0.0,0.0,raw_runs/validation/attack_fixed_continuous/level_120/pair_03.jsonl.gz,7235dc6d882d978225fff6de173a96d320f7ebf88d687a0ae6b7f343bdefee4a
validation,continuous,attack_fixed_continuous,attack,120,4,15448474526324906631,9601861437639727442,12960207463236852014,3783307b7d364f98e92e8853f4b632cf42f62aac444f97a8de8b804604931242,a9544cb0934dc26840e3afc1d98fb4fe5ff7a891bf1303b9946a769654b80f2e,150,2637,277,2360,6.087009859121857,43.337009859121856,120.34,134.54999999999998,0.8621870407269193,0.11277134392644766,0,150,0,150,0,0,0.0,1.0,0.0,1.0,0.0,0.0,raw_runs/validation/attack_fixed_continuous/level_120/pair_04.jsonl.gz,97d29c9cddfc4daa66120eb22fdb8464158e617e32dd942027af952974ca542c
validation,continuous,attack_fixed_continuous,attack,120,5,1377657481134050107,1823639970583859415,8736411990512653621,1b2b1942753879cc50aa4bd5bffe38e68cc49f8de5611616b98f39260236b3e4,e909e1c5ca1dbc68e129a0f8a280b0b6e65707f643dbd55d9c102db9ddf9ece7,150,2681,272,2409,6.02450567884228,43.27450567884228,122.24666666666667,140.54999999999998,0.8288721704430352,0.1077569323192975,0,150,0,150,0,0,0.0,1.0,0.0,1.0,0.0,0.0,raw_runs/validation/attack_fixed_continuous/level_120/pair_05.jsonl.gz,a4f1e365b835982ff569690927fb3f7cb335f651b485be6d01fdc1a98fdbb9c1
validation,continuous,attack_fixed_continuous,attack,120,6,8400009760640007586,14621289125797335566,1367507881794898015,ad6c3c8fa4973966535deb4e98a22cf2da0017cf359f990f3ff551cddac407d0,a00cf530564c6923c37a6e5b89541020ffda79ff5488c87cbb71a9cc29f4fa9c,150,2555,245,2310,6.130285243733856,43.38028524373386,118.65333333333334,136.0,0.7632885987671341,0.10063421685219757,0,150,0,150,0,0,0.0,1.0,0.0,1.0,0.0,0.0,raw_runs/validation/attack_fixed_continuous/level_120/pair_06.jsonl.gz,69d07aa1ad11dce91c982a7b407224468d5db6b6ccc2c78195dc29dba68eab74
validation,continuous,attack_fixed_continuous,attack,120,7,5475527399028966433,15282131669469359278,10272291493066325439,745b00006f7aa1831e4cb1153583f26e3416f59e5a6edec463e4268f957d5fcb,150292d16a3b8b342bedf3bd424d567617f21e9666d4addaeda5b547135cd36d,150,2642,303,2339,6.2217785369659975,43.471778536966,121.60666666666667,145.0,0.9392507348526791,0.12169473531473055,0,150,0,150,0,0,0.0,1.0,0.0,1.0,0.0,0.0,raw_runs/validation/attack_fixed_continuous/level_120/pair_07.jsonl.gz,f8785bef9ca46b9fda0585220dec4c48df36fe3df2ab832a99d9c7edc2d3d3a1
validation,continuous,attack_fixed_continuous,attack,120,8,8501697092527940708,1068103047378825753,18368069327584207253,ff45bea18e0d0d79b2caff931a209522e59b796334c9b317a7e51652e15ab607,78ec999ffe959b4a28c9733ca888e0c6e46651c894ea8b4c307f4e1ad63ae731,150,2612,271,2341,6.202483654908547,43.45248365490855,122.36,138.54999999999998,0.869049627419358,0.11305935802602661,0,150,0,150,0,0,0.0,1.0,0.0,1.0,0.0,0.0,raw_runs/validation/attack_fixed_continuous/level_120/pair_08.jsonl.gz,132f0c089250fed0281fb75ba20265787edff3a48c1468592b2c1bec0edb3372
validation,continuous,attack_fixed_continuous,attack,120,9,5766102741234575094,8092898047589033730,17398163271733348117,69ad04d76e05fed7307543b039f8beca20e53d6184de4ebdb2ef81b786977665,e7596ac415aed9cfd0c7ddc4cfb07a40979bf84635652401143891b81a6d36f1,150,2541,255,2286,6.126538218657421,43.37653821865742,116.42,130.0,0.8450745253027712,0.11143624796972212,0,150,0,150,0,0,0.0,1.0,0.0,1.0,0.0,0.0,raw_runs/validation/attack_fixed_continuous/level_120/pair_09.jsonl.gz,b3184fad3fa07dd742f4ddadfc3ba29ab3f78edeb769bc78b47cb8a7317bde65
validation,continuous,attack_fixed_continuous,attack,200,0,16896053770025021303,7915734813195450471,16963389898774658436,d6271e64fe10dbc2de2748330b2473a4ff26d331ff00fb33f1da72be1ffa418a,49de654accff696dd3955f93e610af300ed809d256b843322d67cbea27ac4443,150,4325,433,3892,6.18261570604099,43.43261570604099,201.19333333333333,220.0,0.9113260475479195,0.10511487344303522,0,150,0,150,0,0,0.0,1.0,0.0,1.0,0.0,0.0,raw_runs/validation/attack_fixed_continuous/level_200/pair_00.jsonl.gz,4b322cd5637a0ebf93fb783124eb9bf3abd0e7bdfce4404d563bbc836adadb24
validation,continuous,attack_fixed_continuous,attack,200,1,12538011232869618596,8804615315091063918,1882761939880546715,458ca73347d2aa06e857410a017cc7fbb82c07e72e6832f1b324521941ae5fbb,4b2a8e3c3476ea778f76c888c9ed72faf00dd3ee05a7859497f54eddf8a0e7a8,150,4410,434,3976,6.154319324939192,43.404319324939195,203.68,227.54999999999998,0.8777927236713297,0.10137862836190535,0,150,0,150,0,0,0.0,1.0,0.0,1.0,0.0,0.0,raw_runs/validation/attack_fixed_continuous/level_200/pair_01.jsonl.gz,51d5abbb305278c5fd67c3cf09c0904a19d6af98ef930c657acc048d5afd8194
validation,continuous,attack_fixed_continuous,attack,200,2,11803072693694383989,3280735146631786287,4626960050137488726,1eeed2f06e4816d892330161aa88972a9e3eae28b647ad0004039b8b3854d04a,babdf68d65c3a150f943baf868dec2a73d7c668c7b11eb3fb5a5534a6de378fd,150,4296,404,3892,6.052010389897435,43.30201038989743,197.85333333333332,217.54999999999998,0.8651386902389053,0.10098965710152653,0,150,0,150,0,0,0.0,1.0,0.0,1.0,0.0,0.0,raw_runs/validation/attack_fixed_continuous/level_200/pair_02.jsonl.gz,3fd2886fc6480bad6d0a471aa80e437fc95e2dca7ed25fcdd8a56041944da8bd
validation,continuous,attack_fixed_continuous,attack,200,3,13487829710686587815,3110413854763646972,10141400104822873809,461c3c52a43c19eb111f881ccb78973890f3530d60df070b6555a88b1ed8cf5f,c7a5e684a27a7e21f92dbcd61b04737eefc3f50f1898d2c978ffa2099d79b129,150,4336,468,3868,6.144175744707097,43.3941757447071,201.08,222.0,0.952925378791406,0.10993591729982488,0,150,0,150,0,0,0.0,1.0,0.0,1.0,0.0,0.0,raw_runs/validation/attack_fixed_continuous/level_200/pair_03.jsonl.gz,24b7487e91fabe9a8a9ce8cc05b617a9d19845e175abde991b5a83339e51f2a7
validation,continuous,attack_fixed_continuous,attack,200,4,17380600800855691167,16011601727573698192,17512500322419079901,2b65dd9d583f256af599240663a48e8af3ae34531cde52ba43851b44e9dc7cb9,e4c9876a8521bd3fa9362756cccba28cc573e755147e119f0c5a96835c839aa4,150,4325,436,3889,6.22212131014862,43.47212131014862,199.85333333333332,220.09999999999997,0.8931453480734206,0.10365707191733983,0,150,0,150,0,0,0.0,1.0,0.0,1.0,0.0,0.0,raw_runs/validation/attack_fixed_continuous/level_200/pair_04.jsonl.gz,5f06ab21c7a7909fc5ce5f78a57e820272b76e1d9aa0db08f53c4103cd6adba6
validation,continuous,attack_fixed_continuous,attack,200,5,5754068155048241029,7449902621578396747,22463691245109554,6716731180adf8e012de2621d72b24e94323bf2ba4ac00d394f14d6e77596aec,2ca5a3900f68bec8d63da7bd6ebb998ad932370ab92ec786ff9afe1690bdce2c,150,4297,424,3873,6.018876585395886,43.26887658539589,197.58666666666667,219.09999999999997,0.8852584168267877,0.10311126714463711,0,150,0,150,0,0,0.0,1.0,0.0,1.0,0.0,0.0,raw_runs/validation/attack_fixed_continuous/level_200/pair_05.jsonl.gz,61985998c8f4a0fcf332d709735d1982747d13837480d58b1e2fe281398325f7
validation,continuous,attack_fixed_continuous,attack,200,6,1645876900916925604,11395646348622656676,2897943624537368248,4caba74a1e76bfc43bb2d36e877e2149fe722ddda77bed53f9631785ce26a7fa,02af9b8e34616e4f235ff77928b82a1589a836b21919c267f03dfc478ddc7707,150,4248,391,3857,6.215066865568912,43.465066865568915,196.43333333333334,220.09999999999997,0.8298016137235714,0.09733719329761366,0,150,0,150,0,0,0.0,1.0,0.0,1.0,0.0,0.0,raw_runs/validation/attack_fixed_continuous/level_200/pair_06.jsonl.gz,98d51bb4aef01f29feeda32e1f2c919efbb79508dedccbbcadb2f6f3b089cb52
validation,continuous,attack_fixed_continuous,attack,200,7,13114428025745130402,17453802610118128909,18022436884197460430,194af0a5e567e86261a5fd8a25a6cb5ab3864ab4a56440e35d025de9b7c01246,bbe61de2834f8e66476b60e335705e0e7f225752fee9951295ebffeee28f8d70,150,4305,445,3860,6.09499432545937,43.34499432545937,198.93333333333334,223.54999999999998,0.9323515361039676,0.1079243905068302,0,150,0,150,0,0,0.0,1.0,0.0,1.0,0.0,0.0,raw_runs/validation/attack_fixed_continuous/level_200/pair_07.jsonl.gz,5a7b5735a0e027947c94361bd68d8d2c9e7187ca8106cb487c75196aa15b4d86
validation,continuous,attack_fixed_continuous,attack,200,8,3250270310716571915,1919140345050504339,5956631412778695772,e7a38b8a3d056b80a21ee2c4b6debfb3d2ff9785ff0bb2b2157bf722b2b9c777,ae07c3368e62aeafea0b94897588d6724e69ca60604c851f11be637bf4d6aa42,150,4283,409,3874,6.135860151302833,43.385860151302836,197.49333333333334,216.0,0.8734839687723968,0.10167475193325048,0,150,0,150,0,0,0.0,1.0,0.0,1.0,0.0,0.0,raw_runs/validation/attack_fixed_continuous/level_200/pair_08.jsonl.gz,c5e7b2ca3773119dea518a3dc9b51282197b4e94188913bc3f6ef2cd44b89947
validation,continuous,attack_fixed_continuous,attack,200,9,10896150874945073060,5621468427271071362,14448581517795644124,ce998a2b1320976fd4587663369052d5a5216daf37c98ef6824807a0e06faeae,dd446559fe24ba267bf30cd96b8dc5236cd0d2cc8c4339d55a809266e2bb32e6,150,4340,396,3944,6.024578123710188,43.274578123710185,201.11333333333334,219.54999999999998,0.8028031002919035,0.09330114855362974,0,150,0,150,0,0,0.0,1.0,0.0,1.0,0.0,0.0,raw_runs/validation/attack_fixed_continuous/level_200/pair_09.jsonl.gz,047d1de765ff1bfb3ae9acff7ded2e6b0bd9fc1d22fd9832ce79f9e11662804d
validation,continuous,attack_random_continuous,attack,24,0,3673551644062057245,4272863141513858583,14206898971079800569,fb07342938fec45439127d2e1d8c26f583971febc53554148bd9a789dbdafe21,8ec02c12bcc2c5e246b29e23a6e5e66e87a48660a8000f2f0df21dc38d16a9c3,150,550,63,487,6.234382007816665,43.48438200781666,25.64,33.54999999999998,4.649832198458924,0.9965318807190147,0,150,104,104,149,150,0.0,1.0,0.6933333333333334,0.6933333333333334,0.9933333333333333,1.0,raw_runs/validation/attack_random_continuous/level_24/pair_00.jsonl.gz,c87ef180d8cbb515af9ac7ca634f4bce1f19a915e27232e46e807d3d09638627
validation,continuous,attack_random_continuous,attack,24,1,11431027195870344778,1373759827185832907,11681845958348058179,a9e1d50711b4b792183496ef9a70751c247e59ccaf442553977ea84ea50f0781,b8856205d8fe638b223dbd1331f7d82401bef456a86199a8036ba3ff4f90dd9e,150,469,57,412,6.0686765558200895,43.31867655582009,22.0,29.549999999999983,4.418901799983291,0.992797974223985,0,150,51,51,146,150,0.0,1.0,0.34,0.34,0.9733333333333334,1.0,raw_runs/validation/attack_random_continuous/level_24/pair_01.jsonl.gz,7a5f3e5cfa0157ad17eaaddea125f1c864c6e94178a1036ae3e29d641655ae60
validation,continuous,attack_random_continuous,attack,24,2,12954679955638620947,12589799611093494771,17062392151707010296,91cf690c0f95948dbb1569633897bde05fbd5c7d4a5a53f037809106f433c30b,ae6be09285f96ebc26bf67c5fe44de83b5f934c15a6d30a25323d238d7105e06,150,484,42,442,6.053308136644306,43.303308136644304,21.966666666666665,32.0,4.403497781024471,0.9908725738647877,0,150,46,46,137,150,0.0,1.0,0.30666666666666664,0.30666666666666664,0.9133333333333333,1.0,raw_runs/validation/attack_random_continuous/level_24/pair_02.jsonl.gz,7b2e2dcc953438aa7481b39329482966065bab3fcce78794d356c08a259eeea9
validation,continuous,attack_random_continuous,attack,24,3,8481146232666450752,9354429047332502121,4612490380446976031,91813afacb029de2f556df19d50ba83b798a478783538a65a998d8ad391745d5,552b7cf1e5a6d856eebcfe1f8a498e19d665b08185b1363390d1ba8c7dcd4f3e,150,505,39,466,6.118608159310356,43.368608159310355,23.18,30.549999999999983,4.503642036382383,1.0,0,150,69,69,142,150,0.0,1.0,0.46,0.46,0.9466666666666667,1.0,raw_runs/validation/attack_random_continuous/level_24/pair_03.jsonl.gz,ec3b83a7832a06457a7a2d16ac6b54e381e558b618f20d73a87ac8521e553fb5
validation,continuous,attack_random_continuous,attack,24,4,13567976593199891232,11869737719354102219,2165071861068921764,f4c2df7f5513326ed57afe93c65eac68719bd84f5aec16f708127b73166b11f9,ff47fc763476040f84b17d9cfd8ccba4dcd467d5ae48bb5a73a9ecaf12d573e1,150,526,39,487,6.20645561119592,43.45645561119592,24.393333333333334,32.0,4.576082496333361,0.9962182876704617,0,150,83,83,146,150,0.0,1.0,0.5533333333333333,0.5533333333333333,0.9733333333333334,1.0,raw_runs/validation/attack_random_continuous/level_24/pair_04.jsonl.gz,2ca7fd6bf18e16993de260e48d5991783273781aa46461308e952a8287c4b07c
validation,continuous,attack_random_continuous,attack,24,5,14241141027202146377,16910298076832345794,6395667496109162437,1f9121ac152c6882ee96f718a5dae8e7b40da447a9e387533a1e365bc8cf6700,1d030f3309014c8c5ad0b8a16120dfc8da7d3000310eea7a70aacffe998f13c0,150,494,57,437,6.060113195098379,43.31011319509838,22.2,30.0,4.411414968277295,0.9916692701550013,0,150,69,69,131,150,0.0,1.0,0.46,0.46,0.8733333333333333,1.0,raw_runs/validation/attack_random_continuous/level_24/pair_05.jsonl.gz,68ce913ab2ac96d15d549c83c6b624e563f092d882fabd68ff7b98de69dd4470
validation,continuous,attack_random_continuous,attack,24,6,7562000033540531603,14073620602045082575,7188788758561619384,3e1d1ae872ba53d15b30c68cded763e68f28b7777d7bfcb41a5d4b2cca3fd1d4,9233860205900d7a7bad89f908266f29b96aa919c8eecb6e40853be5e3aaf14b,150,507,54,453,6.21052951230692,43.46052951230692,23.92,33.0,4.534725873764522,0.9981905419988752,0,150,82,82,136,150,0.0,1.0,0.5466666666666666,0.5466666666666666,0.9066666666666666,1.0,raw_runs/validation/attack_random_continuous/level_24/pair_06.jsonl.gz,8c7a02bf3fbaf974260ce909a4f4765b5a1ec9e0d728d6f5665d353064ae9d05
validation,continuous,attack_random_continuous,attack,24,7,11011284618895436610,11117433691203936528,10932755917703128434,a53208d4cfed82c653319bf36340628a872828b79a5bd8f809f895e84a367edf,f75847213f086350b45395d0c54a77f72f05381e8fe5e73b655faa9dd8691aa5,150,479,48,431,6.108341395269573,43.358341395269576,22.18,30.0,4.420369239303994,0.9922643426090351,0,150,57,57,135,150,0.0,1.0,0.38,0.38,0.9,1.0,raw_runs/validation/attack_random_continuous/level_24/pair_07.jsonl.gz,edcf9780d5365d37b3deee0c156685a6e604cdad9a81608b19f25acde134ae87
validation,continuous,attack_random_continuous,attack,24,8,9701534151890880810,8462130559846442702,13053127542438976735,a21d77cde21f535d30cc4ef65e963d26999f6ff61f6635be45787d35a80b8840,b16edd50e7dbe7151e0b269efa169f5de231766f33b5b794a4a9ae29ba786114,150,497,36,461,6.238899994528942,43.48889999452894,23.133333333333333,30.549999999999983,4.49424788396436,0.9938119642210738,0,150,70,70,146,150,0.0,1.0,0.4666666666666667,0.4666666666666667,0.9733333333333334,1.0,raw_runs/validation/attack_random_continuous/level_24/pair_08.jsonl.gz,eefd70635c151a57053a50f537973f47e6ddc3ad001a091f2b3f6f355e7f9428
validation,continuous,attack_random_continuous,attack,24,9,3976943928879552847,8540069899174104864,3733939773452554764,1081ae5b56553c8f390b4700629b9b71e020023a1a2be738b72417cb41015fb8,cf6eb75dbf1c6c7ddfffb34bfafb8c554fc2ef7c6a3aa2296d43aeb05c2ee40a,150,521,53,468,6.156191287871627,43.40619128787163,23.726666666666667,33.0,4.525904378489946,0.9960358854088368,0,150,76,76,143,150,0.0,1.0,0.5066666666666667,0.5066666666666667,0.9533333333333334,1.0,raw_runs/validation/attack_random_continuous/level_24/pair_09.jsonl.gz,d799a88181bee288a4c5c1b4ba023603f58099709cfb043856bc3522d4408179
validation,continuous,attack_random_continuous,attack,60,0,10210537045640306180,13039003191039599806,11237029963245167682,432e7cf0167ffff5015f177e868903b025b6012c361f4dc8591bed2a990075b6,dc17a0a294b99a0e55c19a7a2e0221fbcf7962e5d412f173d0ff2da47f5391e3,150,1253,127,1126,6.096508261760505,43.346508261760505,58.513333333333335,67.54999999999998,5.829211049271436,0.9833006993232406,0,150,150,150,150,150,0.0,1.0,1.0,1.0,1.0,1.0,raw_runs/validation/attack_random_continuous/level_60/pair_00.jsonl.gz,24619d77589251a2ec164cad2961d5b56a7faf5c05d97384d4747cedf66c0f8b
validation,continuous,attack_random_continuous,attack,60,1,9928620648339921539,13239255145390138332,12775502787784311509,f806be8f1d08a3c802846997cc171ae87c409a4def8d277e0ddbd86427fea4f5,d7f309cf0ee52ec0146e0ba6749b2d83c249956c04f7284f33c0951bd783f552,150,1300,119,1181,6.041834152060623,43.29183415206062,61.14666666666667,72.0,5.898753396426812,0.9875328086165327,0,150,150,150,150,150,0.0,1.0,1.0,1.0,1.0,1.0,raw_runs/validation/attack_random_continuous/level_60/pair_01.jsonl.gz,7ef94ba7ac55218ee8ac3f6a0d7fd55f4f819bbd8d63401f438d52bf6112b6fc
validation,continuous,attack_random_continuous,attack,60,2,7522586624996396663,1904021104845447304,12548971024075572522,d2b71f52ceecbf342579d1571f68e0f1d2711a30c78f79aae3d4658162745f14,b2e824f41c5eff2c7d8e2a5adc0db00dadd68cba4af3a2cc0e9cb553270a7ac7,150,1292,139,1153,6.096715117160257,43.34671511716026,60.02,70.0,5.861449393761206,0.9815254380629846,0,150,150,150,150,150,0.0,1.0,1.0,1.0,1.0,1.0,raw_runs/validation/attack_random_continuous/level_60/pair_02.jsonl.gz,1d1a4206699194b0777acb76d075c6e57b2cd111e48b8f73e42c5704b3a79b84
validation,continuous,attack_random_continuous,attack,60,3,15433724244603090679,170838089815200015,4114593201728727511,766c44fb198452664208bb17f3b5b1b2ada57638283775597bf28db552614f47,ecb7eb14591604a6f525019511ec44cdbcbeb5ccd772bb30b8bacf482a0b7a70,150,1317,118,1199,6.249703722032016,43.49970372203202,61.346666666666664,75.54999999999998,5.904169613446734,0.9878742873625509,0,150,150,150,150,150,0.0,1.0,1.0,1.0,1.0,1.0,raw_runs/validation/attack_random_continuous/level_60/pair_03.jsonl.gz,446905fbd4c58cbcffdcf2012b6179502c9f92a40a62de887c92a78c05e0fca6
validation,continuous,attack_random_continuous,attack,60,4,11038982360530583690,2879818582982038012,6212021093881357819,1bffbd8b05a1b296883a05ee643d663048b9eb46dee92f25f52f467c972f8aac,10aebaaf39f44f893f4beb2a79dcd0598e417106e097f6242e7d5f779dccd75b,150,1338,136,1202,6.104050882513569,43.35405088251357,62.846666666666664,73.0,5.930264043080187,0.9842937623375565,0,150,150,150,150,150,0.0,1.0,1.0,1.0,1.0,1.0,raw_runs/validation/attack_random_continuous/level_60/pair_04.jsonl.gz,4500aaa4edaaf5692d0e13f01d340cfaec7dbf4d2d008f8ae1caad825d455bfa
validation,continuous,attack_random_continuous,attack,60,5,6501249040653453308,14162299130731498581,17146573052538407780,c1766199a63860dc224df676938cb39518f0b2e13132f3694b7f2976c5cf3bc5,a2d4ea153522c3022f8a38c0fafe94fcf1383a45889fd136f62c9586ac83a57a,150,1299,125,1174,6.151044227420136,43.40104422742014,59.96666666666667,73.64999999999995,5.867839886692651,0.9862922291731105,0,150,150,150,150,150,0.0,1.0,1.0,1.0,1.0,1.0,raw_runs/validation/attack_random_continuous/level_60/pair_05.jsonl.gz,83f1179dfcb8bd11a84b9c680a8814f094596e94746d204c05e2dda89997db6b
validation,continuous,attack_random_continuous,attack,60,6,6930678653229076526,15252313809878852804,6551553042611751972,74c3a65c7a39890555ea2ef83745a4f894f8dfd29f5f26fd0bac85d8a0067dfa,f11c305251a34ed3f342b0762eb9f4ae368d3534254260742db3795d4a88e21b,150,1360,133,1227,6.058917278961883,43.308917278961886,62.166666666666664,73.0,5.914745221625335,0.9823115023187091,0,150,150,150,150,150,0.0,1.0,1.0,1.0,1.0,1.0,raw_runs/validation/attack_random_continuous/level_60/pair_06.jsonl.gz,9de61d5be6cb39aa671168f1bef8ae098036be485bf0a86713b7736139b04e93
validation,continuous,attack_random_continuous,attack,60,7,1348166448913175725,7166705425644547172,17725296084633892045,3b3fd4ca1b418b46ae160232bb7ea9df85fab8cb2f885b3ee5869b7b7025ba7a,f81ee852ae94da7149be986556ca359f297c99f61e31a0e3ba1f71fedfd22019,150,1312,150,1162,6.067832573126943,43.31783257312694,61.333333333333336,73.54999999999998,5.903060976168988,0.9868558755202618,0,150,150,150,150,150,0.0,1.0,1.0,1.0,1.0,1.0,raw_runs/validation/attack_random_continuous/level_60/pair_07.jsonl.gz,679d1147823fe9b32b7966b25752551b5d2c9f88601b1e1d3d51a09f96e76380
validation,continuous,attack_random_continuous,attack,60,8,2223942126534782594,5544788755826056274,13775651675965753957,687d2a424be8b8efd7ebf54bd349725ce473ed065b0e4342220727021dd22ae6,5cc8e935f87b1631f0e1b192bf6d26c2e454e8bbf28c437a13417a080fd88846,150,1298,128,1170,6.179456669312525,43.42945666931252,60.4,75.54999999999998,5.868364025755943,0.9849057426628828,0,150,150,150,150,150,0.0,1.0,1.0,1.0,1.0,1.0,raw_runs/validation/attack_random_continuous/level_60/pair_08.jsonl.gz,b2e9717829ba97c8f99996dc1ad4ebe1f97445ea1da90fee292a283a22dadd6b
validation,continuous,attack_random_continuous,attack,60,9,3808796865063232507,11435988634758829509,2899209067240281994,cf763193d6503c3b26a2d262b080f3dc840c3b1ee7e0afe4f074062cd16a82ee,3bf8fc385035b10083c69f200712171afc9f035e471f6854a7c655fcb25ad4ba,150,1289,158,1131,6.052958211818615,43.30295821181861,60.193333333333335,73.0,5.872695437560823,0.9860925642841736,0,150,150,150,150,150,0.0,1.0,1.0,1.0,1.0,1.0,raw_runs/validation/attack_random_continuous/level_60/pair_09.jsonl.gz,22242c24760e3aaa094e913ff584c012800848f89a1269d23655a854cebc4262
validation,continuous,attack_random_continuous,attack,120,0,3323202025522884144,3919892587191201774,589858192480381693,4f7d26939bdc094d331838e7dfb08cf8839a752aa877c57d268901071658ce2a,998fc28387fb7d73904539ade66efdbdfb35ece6899bfdca7883835a29321836,150,2632,288,2344,6.081800537081934,43.33180053708193,121.39333333333333,139.54999999999998,6.8607879237345255,0.9710037355310229,0,150,150,150,150,150,0.0,1.0,1.0,1.0,1.0,1.0,raw_runs/validation/attack_random_continuous/level_120/pair_00.jsonl.gz,2b3498169bce80cbb1e9522cec1ac955f4af0bbdc003117ebf2c9b8158e11b68
validation,continuous,attack_random_continuous,attack,120,1,3632502082100150952,14458099276214665080,17434502309709462614,1d4f49b35b6c995a11a6613ae248928dfcefa7acede0dea72c411fbb22260b60,b58d9de989e3ffccc49fda66a98bdc5162c04a628e35305eb26665e94523ff91,150,2573,269,2304,6.1581349055919,43.4081349055919,118.68666666666667,131.54999999999998,6.825060525875381,0.9691321684739012,0,150,150,150,150,150,0.0,1.0,1.0,1.0,1.0,1.0,raw_runs/validation/attack_random_continuous/level_120/pair_01.jsonl.gz,b8e3aec15c6ec1812ee4ebc40615283fb330e6cfb9fb6e9deb0edecd2a6ee968
validation,continuous,attack_random_continuous,attack,120,2,574697187446849259,10357320109490916321,8590288594267966836,6fcc7db4f9ae8ad6676ef76e42cef9fdedcea064fb271a63a2b50315bf5c751b,1d14aa4af616e9e5a9f146fcfd6bdac98b14b8d30e6b56ebac7abf463c5cc135,150,2582,258,2324,6.17128757904506,43.42128757904506,118.39333333333333,136.0,6.817419019270664,0.9682389564077183,0,150,150,150,150,150,0.0,1.0,1.0,1.0,1.0,1.0,raw_runs/validation/attack_random_continuous/level_120/pair_02.jsonl.gz,1c11e101a99b7a09af5404f0e60f75c6507023c0666ea5d27d4f5039a173b76b
validation,continuous,attack_random_continuous,attack,120,3,14773419784552033624,3391129516678855901,16378976925080550978,6e5ac5ac60082f0e223fd2ed8b4f0d0fda254516fc6e92fcc714d958bb72aedb,716f6ed0ae59ef6db109c7263d0a530cd6a43c9a99551ed72df8a50452007d00,150,2629,267,2362,6.040220111687934,43.29022011168794,119.33333333333333,135.0,6.840694777974459,0.9735057286911846,0,150,150,150,150,150,0.0,1.0,1.0,1.0,1.0,1.0,raw_runs/validation/attack_random_continuous/level_120/pair_03.jsonl.gz,9f0e36242ee9f71744ef6b1ab05ffa89f5f764192a123b256e72d861d6420ade
validation,continuous,attack_random_continuous,attack,120,4,15448474526324906631,9601861437639727442,11196454241521476519,3783307b7d364f98e92e8853f4b632cf42f62aac444f97a8de8b804604931242,a9544cb0934dc26840e3afc1d98fb4fe5ff7a891bf1303b9946a769654b80f2e,150,2637,294,2343,6.087009859121857,43.337009859121856,120.34,134.54999999999998,6.848484447188186,0.9712455023482933,0,150,150,150,150,150,0.0,1.0,1.0,1.0,1.0,1.0,raw_runs/validation/attack_random_continuous/level_120/pair_04.jsonl.gz,4b1137d84c96bb721be4feb916115137fd7b5c849cdad2ca26e8c02a43ef98dc
validation,continuous,attack_random_continuous,attack,120,5,1377657481134050107,1823639970583859415,14586340664676403146,1b2b1942753879cc50aa4bd5bffe38e68cc49f8de5611616b98f39260236b3e4,e909e1c5ca1dbc68e129a0f8a280b0b6e65707f643dbd55d9c102db9ddf9ece7,150,2681,225,2456,6.02450567884228,43.27450567884228,122.24666666666667,140.54999999999998,6.871746352670756,0.9717252439925487,0,150,150,150,150,150,0.0,1.0,1.0,1.0,1.0,1.0,raw_runs/validation/attack_random_continuous/level_120/pair_05.jsonl.gz,5e50e796ea62bbfc27f87e516bc09adae6d08d8f42331e6a0f9c17309f4ff87c
validation,continuous,attack_random_continuous,attack,120,6,8400009760640007586,14621289125797335566,2165783321232318889,ad6c3c8fa4973966535deb4e98a22cf2da0017cf359f990f3ff551cddac407d0,a00cf530564c6923c37a6e5b89541020ffda79ff5488c87cbb71a9cc29f4fa9c,150,2555,255,2300,6.130285243733856,43.38028524373386,118.65333333333334,136.0,6.822791295718245,0.9698582186720615,0,150,150,150,150,150,0.0,1.0,1.0,1.0,1.0,1.0,raw_runs/validation/attack_random_continuous/level_120/pair_06.jsonl.gz,3dfb28d4d5cf1c0fbc33bacba9e32914750af65b22b5c61f4d9cbf3c2e786d82
validation,continuous,attack_random_continuous,attack,120,7,5475527399028966433,15282131669469359278,7244259740160083180,745b00006f7aa1831e4cb1153583f26e3416f59e5a6edec463e4268f957d5fcb,150292d16a3b8b342bedf3bd424d567617f21e9666d4addaeda5b547135cd36d,150,2642,240,2402,6.2217785369659975,43.471778536966,121.60666666666667,145.0,6.858711987454047,0.9705509716564491,0,150,150,150,150,150,0.0,1.0,1.0,1.0,1.0,1.0,raw_runs/validation/attack_random_continuous/level_120/pair_07.jsonl.gz,8ea6d54fcf00d7fdad487ffc8644c88fb99d1d709f2c9cdf7c0a1ce5962a6c15
validation,continuous,attack_random_continuous,attack,120,8,8501697092527940708,1068103047378825753,2777024546394964725,ff45bea18e0d0d79b2caff931a209522e59b796334c9b317a7e51652e15ab607,78ec999ffe959b4a28c9733ca888e0c6e46651c894ea8b4c307f4e1ad63ae731,150,2612,239,2373,6.202483654908547,43.45248365490855,122.36,138.54999999999998,6.8743667574580805,0.9731268233007694,0,150,150,150,150,150,0.0,1.0,1.0,1.0,1.0,1.0,raw_runs/validation/attack_random_continuous/level_120/pair_08.jsonl.gz,62561e4618bf4d17582ccd888dad112acc7688878015ef2d9a8e3d4f2c877499
validation,continuous,attack_random_continuous,attack,120,9,5766102741234575094,8092898047589033730,10253568787418113995,69ad04d76e05fed7307543b039f8beca20e53d6184de4ebdb2ef81b786977665,e7596ac415aed9cfd0c7ddc4cfb07a40979bf84635652401143891b81a6d36f1,150,2541,256,2285,6.126538218657421,43.37653821865742,116.42,130.0,6.798915603251598,0.9697438663516051,0,150,150,150,150,150,0.0,1.0,1.0,1.0,1.0,1.0,raw_runs/validation/attack_random_continuous/level_120/pair_09.jsonl.gz,615eee587135b1e44a3f657dcb8a8c0628b2f3fecbf76d1dfd5821fe86f13d8f
validation,continuous,attack_random_continuous,attack,200,0,16896053770025021303,7915734813195450471,8231911945203942939,d6271e64fe10dbc2de2748330b2473a4ff26d331ff00fb33f1da72be1ffa418a,49de654accff696dd3955f93e610af300ed809d256b843322d67cbea27ac4443,150,4325,415,3910,6.18261570604099,43.43261570604099,201.19333333333333,220.0,7.5460879242159535,0.9487462710624133,0,150,150,150,150,150,0.0,1.0,1.0,1.0,1.0,1.0,raw_runs/validation/attack_random_continuous/level_200/pair_00.jsonl.gz,fee1daa5f8d10f80d51cdf4e53d0431231a71460512b5f40a62c908ab0084a22
validation,continuous,attack_random_continuous,attack,200,1,12538011232869618596,8804615315091063918,1117926664143346037,458ca73347d2aa06e857410a017cc7fbb82c07e72e6832f1b324521941ae5fbb,4b2a8e3c3476ea778f76c888c9ed72faf00dd3ee05a7859497f54eddf8a0e7a8,150,4410,451,3959,6.154319324939192,43.404319324939195,203.68,227.54999999999998,7.569591030370033,0.951555585225389,0,150,150,150,150,150,0.0,1.0,1.0,1.0,1.0,1.0,raw_runs/validation/attack_random_continuous/level_200/pair_01.jsonl.gz,6b5d1043a0153674eef4f36454d8eaf973206e74a5df2447a430db0ac6a13a80
validation,continuous,attack_random_continuous,attack,200,2,11803072693694383989,3280735146631786287,7574578603076473712,1eeed2f06e4816d892330161aa88972a9e3eae28b647ad0004039b8b3854d04a,babdf68d65c3a150f943baf868dec2a73d7c668c7b11eb3fb5a5534a6de378fd,150,4296,425,3871,6.052010389897435,43.30201038989743,197.85333333333332,217.54999999999998,7.526515478362744,0.9510043477106255,0,150,150,150,150,150,0.0,1.0,1.0,1.0,1.0,1.0,raw_runs/validation/attack_random_continuous/level_200/pair_02.jsonl.gz,0488ca8230de0a109735ac3dbb771ed1f3d2f918e5f1497575c389a466bca3e2
validation,continuous,attack_random_continuous,attack,200,3,13487829710686587815,3110413854763646972,14375239042879919327,461c3c52a43c19eb111f881ccb78973890f3530d60df070b6555a88b1ed8cf5f,c7a5e684a27a7e21f92dbcd61b04737eefc3f50f1898d2c978ffa2099d79b129,150,4336,479,3857,6.144175744707097,43.3941757447071,201.08,222.0,7.552282320129887,0.952575213887835,0,150,150,150,150,150,0.0,1.0,1.0,1.0,1.0,1.0,raw_runs/validation/attack_random_continuous/level_200/pair_03.jsonl.gz,430253d476055238e8cc9ecc8d455386c6a3efb5486960147685a2e89ec9aa8e
validation,continuous,attack_random_continuous,attack,200,4,17380600800855691167,16011601727573698192,12398794957643940410,2b65dd9d583f256af599240663a48e8af3ae34531cde52ba43851b44e9dc7cb9,e4c9876a8521bd3fa9362756cccba28cc573e755147e119f0c5a96835c839aa4,150,4325,453,3872,6.22212131014862,43.47212131014862,199.85333333333332,220.09999999999997,7.5316775864839745,0.9466138480550986,0,150,150,150,150,150,0.0,1.0,1.0,1.0,1.0,1.0,raw_runs/validation/attack_random_continuous/level_200/pair_04.jsonl.gz,250c6c803344900d28adedf5c273af3f36cb3813a7140995659bb86a314bed29
validation,continuous,attack_random_continuous,attack,200,5,5754068155048241029,7449902621578396747,10331475047854051179,6716731180adf8e012de2621d72b24e94323bf2ba4ac00d394f14d6e77596aec,2ca5a3900f68bec8d63da7bd6ebb998ad932370ab92ec786ff9afe1690bdce2c,150,4297,409,3888,6.018876585395886,43.26887658539589,197.58666666666667,219.09999999999997,7.538498064231148,0.9581927132195195,0,150,150,150,150,150,0.0,1.0,1.0,1.0,1.0,1.0,raw_runs/validation/attack_random_continuous/level_200/pair_05.jsonl.gz,3b850ef33d73d09047409cae062fa44682717e25448605991b288687748ee4ad
validation,continuous,attack_random_continuous,attack,200,6,1645876900916925604,11395646348622656676,15150904445225529976,4caba74a1e76bfc43bb2d36e877e2149fe722ddda77bed53f9631785ce26a7fa,02af9b8e34616e4f235ff77928b82a1589a836b21919c267f03dfc478ddc7707,150,4248,456,3792,6.215066865568912,43.465066865568915,196.43333333333334,220.09999999999997,7.523173689694641,0.9549701892030572,0,150,150,150,150,150,0.0,1.0,1.0,1.0,1.0,1.0,raw_runs/validation/attack_random_continuous/level_200/pair_06.jsonl.gz,95f978216a647bea8f07f0eca7a1176fd01fd61bf389c81c17dd68397338942e
validation,continuous,attack_random_continuous,attack,200,7,13114428025745130402,17453802610118128909,2208547583735058864,194af0a5e567e86261a5fd8a25a6cb5ab3864ab4a56440e35d025de9b7c01246,bbe61de2834f8e66476b60e335705e0e7f225752fee9951295ebffeee28f8d70,150,4305,435,3870,6.09499432545937,43.34499432545937,198.93333333333334,223.54999999999998,7.544401822963428,0.9563536362513916,0,150,150,150,150,150,0.0,1.0,1.0,1.0,1.0,1.0,raw_runs/validation/attack_random_continuous/level_200/pair_07.jsonl.gz,0f24f2001322b0308e05cca9d0cb95e1092c0038f20af57f28ff5265e823e321
validation,continuous,attack_random_continuous,attack,200,8,3250270310716571915,1919140345050504339,14733208443446674703,e7a38b8a3d056b80a21ee2c4b6debfb3d2ff9785ff0bb2b2157bf722b2b9c777,ae07c3368e62aeafea0b94897588d6724e69ca60604c851f11be637bf4d6aa42,150,4283,430,3853,6.135860151302833,43.385860151302836,197.49333333333334,216.0,7.531968555078156,0.9544980244439993,0,150,150,150,150,150,0.0,1.0,1.0,1.0,1.0,1.0,raw_runs/validation/attack_random_continuous/level_200/pair_08.jsonl.gz,68aef57383805466b9db3e6a5e8dc1fc17b1c4f1954654ebcbb52868e5133eef
validation,continuous,attack_random_continuous,attack,200,9,10896150874945073060,5621468427271071362,65348494313535359,ce998a2b1320976fd4587663369052d5a5216daf37c98ef6824807a0e06faeae,dd446559fe24ba267bf30cd96b8dc5236cd0d2cc8c4339d55a809266e2bb32e6,150,4340,418,3922,6.024578123710188,43.274578123710185,201.11333333333334,219.54999999999998,7.554904749349019,0.9536493441416141,0,150,150,150,150,150,0.0,1.0,1.0,1.0,1.0,1.0,raw_runs/validation/attack_random_continuous/level_200/pair_09.jsonl.gz,3bd5f89880344f9024a18aa82b4aeef8b59a3306a5fc98dba03c61b1db195996
validation,continuous,attack_sweep_continuous,attack,24,0,3673551644062057245,4272863141513858583,3600039962718818843,fb07342938fec45439127d2e1d8c26f583971febc53554148bd9a789dbdafe21,8ec02c12bcc2c5e246b29e23a6e5e66e87a48660a8000f2f0df21dc38d16a9c3,150,550,56,494,6.234382007816665,43.48438200781666,25.64,33.54999999999998,4.65393076396461,0.9985811634718569,0,150,104,104,149,150,0.0,1.0,0.6933333333333334,0.6933333333333334,0.9933333333333333,1.0,raw_runs/validation/attack_sweep_continuous/level_24/pair_00.jsonl.gz,60419f7535229356cf75e163892e5cc3c7acf7802f55a5dd9b5a2ecbcbc5b3d1
validation,continuous,attack_sweep_continuous,attack,24,1,11431027195870344778,1373759827185832907,4393618039585266875,a9e1d50711b4b792183496ef9a70751c247e59ccaf442553977ea84ea50f0781,b8856205d8fe638b223dbd1331f7d82401bef456a86199a8036ba3ff4f90dd9e,150,469,64,405,6.0686765558200895,43.31867655582009,22.0,29.549999999999983,4.429615919781621,0.9981550341231501,0,150,51,51,146,150,0.0,1.0,0.34,0.34,0.9733333333333334,1.0,raw_runs/validation/attack_sweep_continuous/level_24/pair_01.jsonl.gz,16f55b0b575d2abfaae5a29c13aadd0c73682cd129f7811feaa5da55380a09fb
validation,continuous,attack_sweep_continuous,attack,24,2,12954679955638620947,12589799611093494771,15689123111886288824,91cf690c0f95948dbb1569633897bde05fbd5c7d4a5a53f037809106f433c30b,ae6be09285f96ebc26bf67c5fe44de83b5f934c15a6d30a25323d238d7105e06,150,484,45,439,6.053308136644306,43.303308136644304,21.966666666666665,32.0,4.41271322898247,0.995480297843787,0,150,46,46,138,150,0.0,1.0,0.30666666666666664,0.30666666666666664,0.92,1.0,raw_runs/validation/attack_sweep_continuous/level_24/pair_02.jsonl.gz,172ee9371d04676bbce0f116458b126cfb43e6586483941a6323a6340ee1a6ac
validation,continuous,attack_sweep_continuous,attack,24,3,8481146232666450752,9354429047332502121,7991873446317471074,91813afacb029de2f556df19d50ba83b798a478783538a65a998d8ad391745d5,552b7cf1e5a6d856eebcfe1f8a498e19d665b08185b1363390d1ba8c7dcd4f3e,150,505,50,455,6.118608159310356,43.368608159310355,23.18,30.549999999999983,4.501681791433633,0.9990198775256247,0,150,69,69,142,150,0.0,1.0,0.46,0.46,0.9466666666666667,1.0,raw_runs/validation/attack_sweep_continuous/level_24/pair_03.jsonl.gz,b9b585099353e72227ebb78c9620f8a2cb7ccd95f657df8be86c2af00f7bd5cb
validation,continuous,attack_sweep_continuous,attack,24,4,13567976593199891232,11869737719354102219,17548581696474634520,f4c2df7f5513326ed57afe93c65eac68719bd84f5aec16f708127b73166b11f9,ff47fc763476040f84b17d9cfd8ccba4dcd467d5ae48bb5a73a9ecaf12d573e1,150,526,61,465,6.20645561119592,43.45645561119592,24.393333333333334,32.0,4.5836459209924385,1.0,0,150,83,83,146,150,0.0,1.0,0.5533333333333333,0.5533333333333333,0.9733333333333334,1.0,raw_runs/validation/attack_sweep_continuous/level_24/pair_04.jsonl.gz,819c8da78850ee4da27a87438a2b9f520f8582eebbbacac4b68f008c9eb08faf
validation,continuous,attack_sweep_continuous,attack,24,5,14241141027202146377,16910298076832345794,3699736852854788280,1f9121ac152c6882ee96f718a5dae8e7b40da447a9e387533a1e365bc8cf6700,1d030f3309014c8c5ad0b8a16120dfc8da7d3000310eea7a70aacffe998f13c0,150,494,43,451,6.060113195098379,43.31011319509838,22.2,30.0,4.424620272414363,0.9982719222235352,0,150,69,69,132,150,0.0,1.0,0.46,0.46,0.88,1.0,raw_runs/validation/attack_sweep_continuous/level_24/pair_05.jsonl.gz,aa7be08ac28a5f8bae0e49eab6b60f31c7e6c0b575e74cd7511b1dfc747989a4
validation,continuous,attack_sweep_continuous,attack,24,6,7562000033540531603,14073620602045082575,5668466957207999156,3e1d1ae872ba53d15b30c68cded763e68f28b7777d7bfcb41a5d4b2cca3fd1d4,9233860205900d7a7bad89f908266f29b96aa919c8eecb6e40853be5e3aaf14b,150,507,57,450,6.21052951230692,43.46052951230692,23.92,33.0,4.534133622190385,0.9978944162118074,0,150,82,82,136,150,0.0,1.0,0.5466666666666666,0.5466666666666666,0.9066666666666666,1.0,raw_runs/validation/attack_sweep_continuous/level_24/pair_06.jsonl.gz,689290b6a700cc3cc636d00d78cd5f55d69a92f3a42cd95dd63096665864d760
validation,continuous,attack_sweep_continuous,attack,24,7,11011284618895436610,11117433691203936528,3758363398187790755,a53208d4cfed82c653319bf36340628a872828b79a5bd8f809f895e84a367edf,f75847213f086350b45395d0c54a77f72f05381e8fe5e73b655faa9dd8691aa5,150,479,46,433,6.108341395269573,43.358341395269576,22.18,30.0,4.435840554085924,1.0,0,150,57,57,138,150,0.0,1.0,0.38,0.38,0.92,1.0,raw_runs/validation/attack_sweep_continuous/level_24/pair_07.jsonl.gz,cd9c61e1be16233cc8c4658fbc0e5af9ab6858f4f60f5f4aec7489570990fec3
validation,continuous,attack_sweep_continuous,attack,24,8,9701534151890880810,8462130559846442702,16462701045538903159,a21d77cde21f535d30cc4ef65e963d26999f6ff61f6635be45787d35a80b8840,b16edd50e7dbe7151e0b269efa169f5de231766f33b5b794a4a9ae29ba786114,150,497,58,439,6.238899994528942,43.48889999452894,23.133333333333333,30.549999999999983,4.503548742933984,0.998462393705886,0,150,70,70,147,150,0.0,1.0,0.4666666666666667,0.4666666666666667,0.98,1.0,raw_runs/validation/attack_sweep_continuous/level_24/pair_08.jsonl.gz,2c2ab26803d9b36263d4264a02bec968e76944310583be58de0d97fab7ed7b39
validation,continuous,attack_sweep_continuous,attack,24,9,3976943928879552847,8540069899174104864,8804673050268048838,1081ae5b56553c8f390b4700629b9b71e020023a1a2be738b72417cb41015fb8,cf6eb75dbf1c6c7ddfffb34bfafb8c554fc2ef7c6a3aa2296d43aeb05c2ee40a,150,521,55,466,6.156191287871627,43.40619128787163,23.726666666666667,33.0,4.530818747203239,0.9984930697654837,0,150,76,76,143,150,0.0,1.0,0.5066666666666667,0.5066666666666667,0.9533333333333334,1.0,raw_runs/validation/attack_sweep_continuous/level_24/pair_09.jsonl.gz,e7d74d42775b0e7f269c6676c0ec9624c564ed2fe01445f838448f9db4b8bf03
validation,continuous,attack_sweep_continuous,attack,60,0,10210537045640306180,13039003191039599806,4526444219281526515,432e7cf0167ffff5015f177e868903b025b6012c361f4dc8591bed2a990075b6,dc17a0a294b99a0e55c19a7a2e0221fbcf7962e5d412f173d0ff2da47f5391e3,150,1253,125,1128,6.096508261760505,43.346508261760505,58.513333333333335,67.54999999999998,5.854413571700868,0.995901960537957,0,150,150,150,150,150,0.0,1.0,1.0,1.0,1.0,1.0,raw_runs/validation/attack_sweep_continuous/level_60/pair_00.jsonl.gz,e8379779e46770b07735f17d9e6fe8f31adef0569afaaeb3a4ead4d63e0046a1
validation,continuous,attack_sweep_continuous,attack,60,1,9928620648339921539,13239255145390138332,3156664600883177212,f806be8f1d08a3c802846997cc171ae87c409a4def8d277e0ddbd86427fea4f5,d7f309cf0ee52ec0146e0ba6749b2d83c249956c04f7284f33c0951bd783f552,150,1300,125,1175,6.041834152060623,43.29183415206062,61.14666666666667,72.0,5.920354073126049,0.9983331469661505,0,150,150,150,150,150,0.0,1.0,1.0,1.0,1.0,1.0,raw_runs/validation/attack_sweep_continuous/level_60/pair_01.jsonl.gz,f8977d0a2cb8549f799ca04c70606f16b91c43c472149a9715c104819416e3c7
validation,continuous,attack_sweep_continuous,attack,60,2,7522586624996396663,1904021104845447304,14102247575870772316,d2b71f52ceecbf342579d1571f68e0f1d2711a30c78f79aae3d4658162745f14,b2e824f41c5eff2c7d8e2a5adc0db00dadd68cba4af3a2cc0e9cb553270a7ac7,150,1292,117,1175,6.096715117160257,43.34671511716026,60.02,70.0,5.894837975058278,0.9980292421337951,0,150,150,150,150,150,0.0,1.0,1.0,1.0,1.0,1.0,raw_runs/validation/attack_sweep_continuous/level_60/pair_02.jsonl.gz,e0941c5ef5b56a0df737eaa8773cd1d0edbdf57a90207d891163faaab3e0994d
validation,continuous,attack_sweep_continuous,attack,60,3,15433724244603090679,170838089815200015,8307416916918236137,766c44fb198452664208bb17f3b5b1b2ada57638283775597bf28db552614f47,ecb7eb14591604a6f525019511ec44cdbcbeb5ccd772bb30b8bacf482a0b7a70,150,1317,121,1196,6.249703722032016,43.49970372203202,61.346666666666664,75.54999999999998,5.9247722077185845,0.9981065932150237,0,150,150,150,150,150,0.0,1.0,1.0,1.0,1.0,1.0,raw_runs/validation/attack_sweep_continuous/level_60/pair_03.jsonl.gz,fee18011624324ae58cc16a82026f4ecd659383f0ca830872fb78df421b95b2a
validation,continuous,attack_sweep_continuous,attack,60,4,11038982360530583690,2879818582982038012,1687596631635583873,1bffbd8b05a1b296883a05ee643d663048b9eb46dee92f25f52f467c972f8aac,10aebaaf39f44f893f4beb2a79dcd0598e417106e097f6242e7d5f779dccd75b,150,1338,122,1216,6.104050882513569,43.35405088251357,62.846666666666664,73.0,5.958493386051151,0.9984084338230385,0,150,150,150,150,150,0.0,1.0,1.0,1.0,1.0,1.0,raw_runs/validation/attack_sweep_continuous/level_60/pair_04.jsonl.gz,6ef9f8362a5b6f7590ec4e3e2c8c68156bd3e81d997de7bc467bc85577190bfb
validation,continuous,attack_sweep_continuous,attack,60,5,6501249040653453308,14162299130731498581,13974591106324520100,c1766199a63860dc224df676938cb39518f0b2e13132f3694b7f2976c5cf3bc5,a2d4ea153522c3022f8a38c0fafe94fcf1383a45889fd136f62c9586ac83a57a,150,1299,112,1187,6.151044227420136,43.40104422742014,59.96666666666667,73.64999999999995,5.8912821520479515,0.9980133618507606,0,150,150,150,150,150,0.0,1.0,1.0,1.0,1.0,1.0,raw_runs/validation/attack_sweep_continuous/level_60/pair_05.jsonl.gz,8bc2a5341521f9f4060914cbb0716ec333186802aad0021a6f6fb07fe8d63dc0
validation,continuous,attack_sweep_continuous,attack,60,6,6930678653229076526,15252313809878852804,1929803285500245700,74c3a65c7a39890555ea2ef83745a4f894f8dfd29f5f26fd0bac85d8a0067dfa,f11c305251a34ed3f342b0762eb9f4ae368d3534254260742db3795d4a88e21b,150,1360,151,1209,6.058917278961883,43.308917278961886,62.166666666666664,73.0,5.94036407253622,0.9951209277741516,0,150,150,150,150,150,0.0,1.0,1.0,1.0,1.0,1.0,raw_runs/validation/attack_sweep_continuous/level_60/pair_06.jsonl.gz,6a9c2dad81c81b7fe2302f680cb8d6bda0de76cda764efb163596582c678ec3b
validation,continuous,attack_sweep_continuous,attack,60,7,1348166448913175725,7166705425644547172,7331645877987769065,3b3fd4ca1b418b46ae160232bb7ea9df85fab8cb2f885b3ee5869b7b7025ba7a,f81ee852ae94da7149be986556ca359f297c99f61e31a0e3ba1f71fedfd22019,150,1312,116,1196,6.067832573126943,43.31783257312694,61.333333333333336,73.54999999999998,5.923430364953412,0.997040569912473,0,150,150,150,150,150,0.0,1.0,1.0,1.0,1.0,1.0,raw_runs/validation/attack_sweep_continuous/level_60/pair_07.jsonl.gz,5e781d1144a379260c1a4517e17ee14723d7b5a727db281ebd2345f93513eabc
validation,continuous,attack_sweep_continuous,attack,60,8,2223942126534782594,5544788755826056274,14529402812443370674,687d2a424be8b8efd7ebf54bd349725ce473ed065b0e4342220727021dd22ae6,5cc8e935f87b1631f0e1b192bf6d26c2e454e8bbf28c437a13417a080fd88846,150,1298,130,1168,6.179456669312525,43.42945666931252,60.4,75.54999999999998,5.895509996333087,0.9984787279514552,0,150,150,150,150,150,0.0,1.0,1.0,1.0,1.0,1.0,raw_runs/validation/attack_sweep_continuous/level_60/pair_08.jsonl.gz,ed9b2af207c9d79ff484cd64e858224653fea5ee19c4bf5b95dbd86cfafefdca
validation,continuous,attack_sweep_continuous,attack,60,9,3808796865063232507,11435988634758829509,4681694650915699469,cf763193d6503c3b26a2d262b080f3dc840c3b1ee7e0afe4f074062cd16a82ee,3bf8fc385035b10083c69f200712171afc9f035e471f6854a7c655fcb25ad4ba,150,1289,132,1157,6.052958211818615,43.30295821181861,60.193333333333335,73.0,5.899258471744322,0.9993740813759238,0,150,150,150,150,150,0.0,1.0,1.0,1.0,1.0,1.0,raw_runs/validation/attack_sweep_continuous/level_60/pair_09.jsonl.gz,652d5b3ab45307273296b68506d7ead16e0b5abd4e9a83c1b08caaceebe22eb7
validation,continuous,attack_sweep_continuous,attack,120,0,3323202025522884144,3919892587191201774,10719456450323330052,4f7d26939bdc094d331838e7dfb08cf8839a752aa877c57d268901071658ce2a,998fc28387fb7d73904539ade66efdbdfb35ece6899bfdca7883835a29321836,150,2632,236,2396,6.081800537081934,43.33180053708193,121.39333333333333,139.54999999999998,6.910877018151838,0.9958652358133558,0,150,150,150,150,150,0.0,1.0,1.0,1.0,1.0,1.0,raw_runs/validation/attack_sweep_continuous/level_120/pair_00.jsonl.gz,0da5a06a6e0774c91150877a12841a735073b7c111cfbe2b451a03a60cb185d0
validation,continuous,attack_sweep_continuous,attack,120,1,3632502082100150952,14458099276214665080,14814841107287113937,1d4f49b35b6c995a11a6613ae248928dfcefa7acede0dea72c411fbb22260b60,b58d9de989e3ffccc49fda66a98bdc5162c04a628e35305eb26665e94523ff91,150,2573,268,2305,6.1581349055919,43.4081349055919,118.68666666666667,131.54999999999998,6.878696499915647,0.9958452765901692,0,150,150,150,150,150,0.0,1.0,1.0,1.0,1.0,1.0,raw_runs/validation/attack_sweep_continuous/level_120/pair_01.jsonl.gz,2a02a90d634279b03627077a35aa678f983bda93c980ddeea54a9ec998321da6
validation,continuous,attack_sweep_continuous,attack,120,2,574697187446849259,10357320109490916321,14855910822742699395,6fcc7db4f9ae8ad6676ef76e42cef9fdedcea064fb271a63a2b50315bf5c751b,1d14aa4af616e9e5a9f146fcfd6bdac98b14b8d30e6b56ebac7abf463c5cc135,150,2582,259,2323,6.17128757904506,43.42128757904506,118.39333333333333,136.0,6.872150594319998,0.99547109938642,0,150,150,150,150,150,0.0,1.0,1.0,1.0,1.0,1.0,raw_runs/validation/attack_sweep_continuous/level_120/pair_02.jsonl.gz,3544db6ab66314ff6ff0bbf96636743f46a1ccb8a00cd73b581f1732953ecfd2
validation,continuous,attack_sweep_continuous,attack,120,3,14773419784552033624,3391129516678855901,2110115534338016198,6e5ac5ac60082f0e223fd2ed8b4f0d0fda254516fc6e92fcc714d958bb72aedb,716f6ed0ae59ef6db109c7263d0a530cd6a43c9a99551ed72df8a50452007d00,150,2629,249,2380,6.040220111687934,43.29022011168794,119.33333333333333,135.0,6.882824079981228,0.9944927117782257,0,150,150,150,150,150,0.0,1.0,1.0,1.0,1.0,1.0,raw_runs/validation/attack_sweep_continuous/level_120/pair_03.jsonl.gz,8d75cd049c592ab68b4a27ff107e0e2f0e7ead735a777167894fe72acfcd5c32
validation,continuous,attack_sweep_continuous,attack,120,4,15448474526324906631,9601861437639727442,12677898324842662800,3783307b7d364f98e92e8853f4b632cf42f62aac444f97a8de8b804604931242,a9544cb0934dc26840e3afc1d98fb4fe5ff7a891bf1303b9946a769654b80f2e,150,2637,247,2390,6.087009859121857,43.337009859121856,120.34,134.54999999999998,6.897270867419342,0.9954673745850744,0,150,150,150,150,150,0.0,1.0,1.0,1.0,1.0,1.0,raw_runs/validation/attack_sweep_continuous/level_120/pair_04.jsonl.gz,f99df840b92c94904aa43ddbb6e5a15bcd80fc27f03b622e22b0a1462d03bfd7
validation,continuous,attack_sweep_continuous,attack,120,5,1377657481134050107,1823639970583859415,14854723662357890916,1b2b1942753879cc50aa4bd5bffe38e68cc49f8de5611616b98f39260236b3e4,e909e1c5ca1dbc68e129a0f8a280b0b6e65707f643dbd55d9c102db9ddf9ece7,150,2681,286,2395,6.02450567884228,43.27450567884228,122.24666666666667,140.54999999999998,6.915304241881232,0.993372730395759,0,150,150,150,150,150,0.0,1.0,1.0,1.0,1.0,1.0,raw_runs/validation/attack_sweep_continuous/level_120/pair_05.jsonl.gz,d763336bf105e425c18ca414821a99ed93c7b6c77a7b3742570a0a8888223a96
validation,continuous,attack_sweep_continuous,attack,120,6,8400009760640007586,14621289125797335566,5299685343215441457,ad6c3c8fa4973966535deb4e98a22cf2da0017cf359f990f3ff551cddac407d0,a00cf530564c6923c37a6e5b89541020ffda79ff5488c87cbb71a9cc29f4fa9c,150,2555,227,2328,6.130285243733856,43.38028524373386,118.65333333333334,136.0,6.871970286807643,0.9941044749095821,0,150,150,150,150,150,0.0,1.0,1.0,1.0,1.0,1.0,raw_runs/validation/attack_sweep_continuous/level_120/pair_06.jsonl.gz,76149a5bd268f67457bcbb798f3fd04ccf004675dbee0d1bc792157ae28951a1
validation,continuous,attack_sweep_continuous,attack,120,7,5475527399028966433,15282131669469359278,4695543413278280149,745b00006f7aa1831e4cb1153583f26e3416f59e5a6edec463e4268f957d5fcb,150292d16a3b8b342bedf3bd424d567617f21e9666d4addaeda5b547135cd36d,150,2642,249,2393,6.2217785369659975,43.471778536966,121.60666666666667,145.0,6.911524896683378,0.9966960106579855,0,150,150,150,150,150,0.0,1.0,1.0,1.0,1.0,1.0,raw_runs/validation/attack_sweep_continuous/level_120/pair_07.jsonl.gz,12732f22056fbf9195e4c35b87276b80a771c672bdb688555ac6b486b8114876
validation,continuous,attack_sweep_continuous,attack,120,8,8501697092527940708,1068103047378825753,5985807260556870273,ff45bea18e0d0d79b2caff931a209522e59b796334c9b317a7e51652e15ab607,78ec999ffe959b4a28c9733ca888e0c6e46651c894ea8b4c307f4e1ad63ae731,150,2612,251,2361,6.202483654908547,43.45248365490855,122.36,138.54999999999998,6.919786262570406,0.9955659966310973,0,150,150,150,150,150,0.0,1.0,1.0,1.0,1.0,1.0,raw_runs/validation/attack_sweep_continuous/level_120/pair_08.jsonl.gz,dc3c56f5e8d2435b4594d7ea39c76ab1751044affffb344d3f0258b07fc2efc9
validation,continuous,attack_sweep_continuous,attack,120,9,5766102741234575094,8092898047589033730,8599978668378951321,69ad04d76e05fed7307543b039f8beca20e53d6184de4ebdb2ef81b786977665,e7596ac415aed9cfd0c7ddc4cfb07a40979bf84635652401143891b81a6d36f1,150,2541,244,2297,6.126538218657421,43.37653821865742,116.42,130.0,6.848929789414148,0.9945433152522521,0,150,150,150,150,150,0.0,1.0,1.0,1.0,1.0,1.0,raw_runs/validation/attack_sweep_continuous/level_120/pair_09.jsonl.gz,de7210a16180c071b78b2defa3d429fff06f0974e33415a0479ab6ead114b6f9
validation,continuous,attack_sweep_continuous,attack,200,0,16896053770025021303,7915734813195450471,7095599656311807234,d6271e64fe10dbc2de2748330b2473a4ff26d331ff00fb33f1da72be1ffa418a,49de654accff696dd3955f93e610af300ed809d256b843322d67cbea27ac4443,150,4325,414,3911,6.18261570604099,43.43261570604099,201.19333333333333,220.0,7.629834917391666,0.9898070050357537,0,150,150,150,150,150,0.0,1.0,1.0,1.0,1.0,1.0,raw_runs/validation/attack_sweep_continuous/level_200/pair_00.jsonl.gz,74644c9c9098e9ee6c7655d6d5d900aa00091232a542670581ee0bc8faa8d4a1
validation,continuous,attack_sweep_continuous,attack,200,1,12538011232869618596,8804615315091063918,130051642864853068,458ca73347d2aa06e857410a017cc7fbb82c07e72e6832f1b324521941ae5fbb,4b2a8e3c3476ea778f76c888c9ed72faf00dd3ee05a7859497f54eddf8a0e7a8,150,4410,453,3957,6.154319324939192,43.404319324939195,203.68,227.54999999999998,7.6492639880811115,0.9910566846472568,0,150,150,150,150,150,0.0,1.0,1.0,1.0,1.0,1.0,raw_runs/validation/attack_sweep_continuous/level_200/pair_01.jsonl.gz,142e6c9cf56a762eba3c9b9b7c7fbc67554541e875670f9e794ab44b2b816bb8
validation,continuous,attack_sweep_continuous,attack,200,2,11803072693694383989,3280735146631786287,15411845028979792376,1eeed2f06e4816d892330161aa88972a9e3eae28b647ad0004039b8b3854d04a,babdf68d65c3a150f943baf868dec2a73d7c668c7b11eb3fb5a5534a6de378fd,150,4296,380,3916,6.052010389897435,43.30201038989743,197.85333333333332,217.54999999999998,7.610205330755252,0.9925513665745048,0,150,150,150,150,150,0.0,1.0,1.0,1.0,1.0,1.0,raw_runs/validation/attack_sweep_continuous/level_200/pair_02.jsonl.gz,723f74f42653f5c5c0f5ca2af89d5e40192c63ad1438ccc310e3f3f9c7546375
validation,continuous,attack_sweep_continuous,attack,200,3,13487829710686587815,3110413854763646972,16585377949257669122,461c3c52a43c19eb111f881ccb78973890f3530d60df070b6555a88b1ed8cf5f,c7a5e684a27a7e21f92dbcd61b04737eefc3f50f1898d2c978ffa2099d79b129,150,4336,436,3900,6.144175744707097,43.3941757447071,201.08,222.0,7.629586560025173,0.9908622215826449,0,150,150,150,150,150,0.0,1.0,1.0,1.0,1.0,1.0,raw_runs/validation/attack_sweep_continuous/level_200/pair_03.jsonl.gz,a8af8477997775bd8d2adaf4e27a0aad197083876c04d391eb672c66c8446d08
validation,continuous,attack_sweep_continuous,attack,200,4,17380600800855691167,16011601727573698192,10827877655160664180,2b65dd9d583f256af599240663a48e8af3ae34531cde52ba43851b44e9dc7cb9,e4c9876a8521bd3fa9362756cccba28cc573e755147e119f0c5a96835c839aa4,150,4325,440,3885,6.22212131014862,43.47212131014862,199.85333333333332,220.09999999999997,7.6212321819052855,0.9906573279010573,0,150,150,150,150,150,0.0,1.0,1.0,1.0,1.0,1.0,raw_runs/validation/attack_sweep_continuous/level_200/pair_04.jsonl.gz,3df12a105d127b9e00b2c33c4c2bfcc21c89ad15ef228911b19ed42a59fcbce3
validation,continuous,attack_sweep_continuous,attack,200,5,5754068155048241029,7449902621578396747,2262214082512400504,6716731180adf8e012de2621d72b24e94323bf2ba4ac00d394f14d6e77596aec,2ca5a3900f68bec8d63da7bd6ebb998ad932370ab92ec786ff9afe1690bdce2c,150,4297,419,3878,6.018876585395886,43.26887658539589,197.58666666666667,219.09999999999997,7.6026068944066445,0.9897636391121782,0,150,150,150,150,150,0.0,1.0,1.0,1.0,1.0,1.0,raw_runs/validation/attack_sweep_continuous/level_200/pair_05.jsonl.gz,c50365f10eea33922892cdcfea2826ee0ea0523c67b9eec6da8d5925529dba14
validation,continuous,attack_sweep_continuous,attack,200,6,1645876900916925604,11395646348622656676,7308285307794835667,4caba74a1e76bfc43bb2d36e877e2149fe722ddda77bed53f9631785ce26a7fa,02af9b8e34616e4f235ff77928b82a1589a836b21919c267f03dfc478ddc7707,150,4248,423,3825,6.215066865568912,43.465066865568915,196.43333333333334,220.09999999999997,7.591620445387194,0.9888619913079727,0,150,150,150,150,150,0.0,1.0,1.0,1.0,1.0,1.0,raw_runs/validation/attack_sweep_continuous/level_200/pair_06.jsonl.gz,7f029eee33646aac699e69ea2e88ef3a5eaf347afd3d8ccdc21e57df77fd1a04
validation,continuous,attack_sweep_continuous,attack,200,7,13114428025745130402,17453802610118128909,13768674352436381842,194af0a5e567e86261a5fd8a25a6cb5ab3864ab4a56440e35d025de9b7c01246,bbe61de2834f8e66476b60e335705e0e7f225752fee9951295ebffeee28f8d70,150,4305,419,3886,6.09499432545937,43.34499432545937,198.93333333333334,223.54999999999998,7.612449221084328,0.9898691952686982,0,150,150,150,150,150,0.0,1.0,1.0,1.0,1.0,1.0,raw_runs/validation/attack_sweep_continuous/level_200/pair_07.jsonl.gz,62ea1821cbb04e9651c6ada76c68ad49793a854b21cc98478ab2aa6784006ee7
validation,continuous,attack_sweep_continuous,attack,200,8,3250270310716571915,1919140345050504339,1940069844330373828,e7a38b8a3d056b80a21ee2c4b6debfb3d2ff9785ff0bb2b2157bf722b2b9c777,ae07c3368e62aeafea0b94897588d6724e69ca60604c851f11be637bf4d6aa42,150,4283,464,3819,6.135860151302833,43.385860151302836,197.49333333333334,216.0,7.601929108042475,0.9892555549267172,0,150,150,150,150,150,0.0,1.0,1.0,1.0,1.0,1.0,raw_runs/validation/attack_sweep_continuous/level_200/pair_08.jsonl.gz,d69e73592d59564e9b920c160717f9e2503d3e66ab8d630b3149e5274552fa44
validation,continuous,attack_sweep_continuous,attack,200,9,10896150874945073060,5621468427271071362,10810775267165848132,ce998a2b1320976fd4587663369052d5a5216daf37c98ef6824807a0e06faeae,dd446559fe24ba267bf30cd96b8dc5236cd0d2cc8c4339d55a809266e2bb32e6,150,4340,405,3935,6.024578123710188,43.274578123710185,201.11333333333334,219.54999999999998,7.625791855542412,0.9884832774119119,0,150,150,150,150,150,0.0,1.0,1.0,1.0,1.0,1.0,raw_runs/validation/attack_sweep_continuous/level_200/pair_09.jsonl.gz,f33dc4bbb436009dec98ba25adf52f5f54ebcd837d750d5b5cb1ef4b380ddf05
validation,continuous,benign_continuous,benign,24,0,3673551644062057245,4272863141513858583,17886223019504002330,fb07342938fec45439127d2e1d8c26f583971febc53554148bd9a789dbdafe21,8ec02c12bcc2c5e246b29e23a6e5e66e87a48660a8000f2f0df21dc38d16a9c3,150,550,550,0,6.234382007816665,43.48438200781666,25.64,33.54999999999998,4.639741307584577,0.9914864352818408,0,150,104,104,149,150,0.0,1.0,0.6933333333333334,0.6933333333333334,0.9933333333333333,1.0,raw_runs/validation/benign_continuous/level_24/pair_00.jsonl.gz,42555cb15a4ccd6ed26e912e8691b66f71163a05324a722d8d25341516c2f2c9
validation,continuous,benign_continuous,benign,24,1,11431027195870344778,1373759827185832907,8278788210625467037,a9e1d50711b4b792183496ef9a70751c247e59ccaf442553977ea84ea50f0781,b8856205d8fe638b223dbd1331f7d82401bef456a86199a8036ba3ff4f90dd9e,150,469,469,0,6.0686765558200895,43.31867655582009,22.0,29.549999999999983,4.4265122688431875,0.9966032086539334,0,150,51,51,146,150,0.0,1.0,0.34,0.34,0.9733333333333334,1.0,raw_runs/validation/benign_continuous/level_24/pair_01.jsonl.gz,ae70032ceb7d40a2665bf5e11ed800077acdb6c6bbeb6f0ef8bb613fc53e61dd
validation,continuous,benign_continuous,benign,24,2,12954679955638620947,12589799611093494771,1586597214915507440,91cf690c0f95948dbb1569633897bde05fbd5c7d4a5a53f037809106f433c30b,ae6be09285f96ebc26bf67c5fe44de83b5f934c15a6d30a25323d238d7105e06,150,484,484,0,6.053308136644306,43.303308136644304,21.966666666666665,32.0,4.412542679051608,0.9953950228783562,0,150,46,46,138,150,0.0,1.0,0.30666666666666664,0.30666666666666664,0.92,1.0,raw_runs/validation/benign_continuous/level_24/pair_02.jsonl.gz,7d3f32fa8ef74c4dc1a1c2560a5c4f23324620a7209243374005aa5b0c0dfa3c
validation,continuous,benign_continuous,benign,24,3,8481146232666450752,9354429047332502121,685053397882332160,91813afacb029de2f556df19d50ba83b798a478783538a65a998d8ad391745d5,552b7cf1e5a6d856eebcfe1f8a498e19d665b08185b1363390d1ba8c7dcd4f3e,150,505,505,0,6.118608159310356,43.368608159310355,23.18,30.549999999999983,4.496660382272893,0.9965091729452551,0,150,69,69,142,150,0.0,1.0,0.46,0.46,0.9466666666666667,1.0,raw_runs/validation/benign_continuous/level_24/pair_03.jsonl.gz,266dfe3bbf038986458dd5fdd71bb9000d2f57dcfe8e8f131fd1aa09e82ec2b2
validation,continuous,benign_continuous,benign,24,4,13567976593199891232,11869737719354102219,13624782941386030772,f4c2df7f5513326ed57afe93c65eac68719bd84f5aec16f708127b73166b11f9,ff47fc763476040f84b17d9cfd8ccba4dcd467d5ae48bb5a73a9ecaf12d573e1,150,526,526,0,6.20645561119592,43.45645561119592,24.393333333333334,32.0,4.5718888283576655,0.9941214536826143,0,150,83,83,144,150,0.0,1.0,0.5533333333333333,0.5533333333333333,0.96,1.0,raw_runs/validation/benign_continuous/level_24/pair_04.jsonl.gz,ef47dffc282257f19f49e33b3d460684f306339442dbf31b7a0fae6cacf08239
validation,continuous,benign_continuous,benign,24,5,14241141027202146377,16910298076832345794,15403529883811425231,1f9121ac152c6882ee96f718a5dae8e7b40da447a9e387533a1e365bc8cf6700,1d030f3309014c8c5ad0b8a16120dfc8da7d3000310eea7a70aacffe998f13c0,150,494,494,0,6.060113195098379,43.31011319509838,22.2,30.0,4.41892017622721,0.9954218741299588,0,150,69,69,132,150,0.0,1.0,0.46,0.46,0.88,1.0,raw_runs/validation/benign_continuous/level_24/pair_05.jsonl.gz,7c9934e452d4ddd6139590c29993942005006eefb4ef7fca3a7bb691a2da1385
validation,continuous,benign_continuous,benign,24,6,7562000033540531603,14073620602045082575,4174922517941567928,3e1d1ae872ba53d15b30c68cded763e68f28b7777d7bfcb41a5d4b2cca3fd1d4,9233860205900d7a7bad89f908266f29b96aa919c8eecb6e40853be5e3aaf14b,150,507,507,0,6.21052951230692,43.46052951230692,23.92,33.0,4.528931905156111,0.9952935576946701,0,150,82,82,136,150,0.0,1.0,0.5466666666666666,0.5466666666666666,0.9066666666666666,1.0,raw_runs/validation/benign_continuous/level_24/pair_06.jsonl.gz,5cf104095bb0dfba5f6e520d361b6b6db1b29e229bd809c9df96ff4faa92a1a6
validation,continuous,benign_continuous,benign,24,7,11011284618895436610,11117433691203936528,1279602131603168311,a53208d4cfed82c653319bf36340628a872828b79a5bd8f809f895e84a367edf,f75847213f086350b45395d0c54a77f72f05381e8fe5e73b655faa9dd8691aa5,150,479,479,0,6.108341395269573,43.358341395269576,22.18,30.0,4.427832090714841,0.995995768314459,0,150,57,57,138,150,0.0,1.0,0.38,0.38,0.92,1.0,raw_runs/validation/benign_continuous/level_24/pair_07.jsonl.gz,d3abf15053f5d467925cf8abb6b0d566680a5b0f44f872243f2b2146ab129e64
validation,continuous,benign_continuous,benign,24,8,9701534151890880810,8462130559846442702,4346657267074607474,a21d77cde21f535d30cc4ef65e963d26999f6ff61f6635be45787d35a80b8840,b16edd50e7dbe7151e0b269efa169f5de231766f33b5b794a4a9ae29ba786114,150,497,497,0,6.238899994528942,43.48889999452894,23.133333333333333,30.549999999999983,4.4882325673741255,0.9908043059259565,0,150,70,70,147,150,0.0,1.0,0.4666666666666667,0.4666666666666667,0.98,1.0,raw_runs/validation/benign_continuous/level_24/pair_08.jsonl.gz,95c7404d8bd6c15602968883334f7dabbea7d79f1ad5082d75b690e87db5078d
validation,continuous,benign_continuous,benign,24,9,3976943928879552847,8540069899174104864,18139133323378751663,1081ae5b56553c8f390b4700629b9b71e020023a1a2be738b72417cb41015fb8,cf6eb75dbf1c6c7ddfffb34bfafb8c554fc2ef7c6a3aa2296d43aeb05c2ee40a,150,521,521,0,6.156191287871627,43.40619128787163,23.726666666666667,33.0,4.51411161816575,0.9901395052467391,0,150,76,76,142,150,0.0,1.0,0.5066666666666667,0.5066666666666667,0.9466666666666667,1.0,raw_runs/validation/benign_continuous/level_24/pair_09.jsonl.gz,1dd0a9ca36a386132d6ae17f08aca5d8d563e8a01ce58930697a298974b08319
validation,continuous,benign_continuous,benign,60,0,10210537045640306180,13039003191039599806,10684412902463485517,432e7cf0167ffff5015f177e868903b025b6012c361f4dc8591bed2a990075b6,dc17a0a294b99a0e55c19a7a2e0221fbcf7962e5d412f173d0ff2da47f5391e3,150,1253,1253,0,6.096508261760505,43.346508261760505,58.513333333333335,67.54999999999998,5.837432510745282,0.9874114300601646,0,150,150,150,150,150,0.0,1.0,1.0,1.0,1.0,1.0,raw_runs/validation/benign_continuous/level_60/pair_00.jsonl.gz,eaf863e061a7dc545c5e959f054f61eeac88a32364a24c86439ea5772088eba7
validation,continuous,benign_continuous,benign,60,1,9928620648339921539,13239255145390138332,10911411366688118113,f806be8f1d08a3c802846997cc171ae87c409a4def8d277e0ddbd86427fea4f5,d7f309cf0ee52ec0146e0ba6749b2d83c249956c04f7284f33c0951bd783f552,150,1300,1300,0,6.041834152060623,43.29183415206062,61.14666666666667,72.0,5.897665414285486,0.986988817545869,0,150,150,150,150,150,0.0,1.0,1.0,1.0,1.0,1.0,raw_runs/validation/benign_continuous/level_60/pair_01.jsonl.gz,1383108fa0b141b5d406e63f8804459a9e208231e2c754151a76893f60393b06
validation,continuous,benign_continuous,benign,60,2,7522586624996396663,1904021104845447304,1380828949492438624,d2b71f52ceecbf342579d1571f68e0f1d2711a30c78f79aae3d4658162745f14,b2e824f41c5eff2c7d8e2a5adc0db00dadd68cba4af3a2cc0e9cb553270a7ac7,150,1292,1292,0,6.096715117160257,43.34671511716026,60.02,70.0,5.86430285799161,0.9828785377217851,0,150,150,150,150,150,0.0,1.0,1.0,1.0,1.0,1.0,raw_runs/validation/benign_continuous/level_60/pair_02.jsonl.gz,8fc56b0248d3619682de415e0b714dc848bb099e0c9849296f50d0e6b46e4888
validation,continuous,benign_continuous,benign,60,3,15433724244603090679,170838089815200015,4207319843745132643,766c44fb198452664208bb17f3b5b1b2ada57638283775597bf28db552614f47,ecb7eb14591604a6f525019511ec44cdbcbeb5ccd772bb30b8bacf482a0b7a70,150,1317,1317,0,6.249703722032016,43.49970372203202,61.346666666666664,75.54999999999998,5.907593911252304,0.9895174449818831,0,150,150,150,150,150,0.0,1.0,1.0,1.0,1.0,1.0,raw_runs/validation/benign_continuous/level_60/pair_03.jsonl.gz,5317ded95f41f7767fc87163c26e1149c070643307435ccdb70507624060664a
validation,continuous,benign_continuous,benign,60,4,11038982360530583690,2879818582982038012,5507030510362401424,1bffbd8b05a1b296883a05ee643d663048b9eb46dee92f25f52f467c972f8aac,10aebaaf39f44f893f4beb2a79dcd0598e417106e097f6242e7d5f779dccd75b,150,1338,1338,0,6.104050882513569,43.35405088251357,62.846666666666664,73.0,5.929975633942377,0.984149557768651,0,150,150,150,150,150,0.0,1.0,1.0,1.0,1.0,1.0,raw_runs/validation/benign_continuous/level_60/pair_04.jsonl.gz,eee56a9b8e8b8ffaaecc78a56de24287c7c37f6f3a747297d22bca2622b04c50
validation,continuous,benign_continuous,benign,60,5,6501249040653453308,14162299130731498581,1572305598374283546,c1766199a63860dc224df676938cb39518f0b2e13132f3694b7f2976c5cf3bc5,a2d4ea153522c3022f8a38c0fafe94fcf1383a45889fd136f62c9586ac83a57a,150,1299,1299,0,6.151044227420136,43.40104422742014,59.96666666666667,73.64999999999995,5.871947948625266,0.988346260139418,0,150,150,150,150,150,0.0,1.0,1.0,1.0,1.0,1.0,raw_runs/validation/benign_continuous/level_60/pair_05.jsonl.gz,63d8e259c99202bf06ce406779db414dc4cce58de3fb9003984d774be8e6dfcc
validation,continuous,benign_continuous,benign,60,6,6930678653229076526,15252313809878852804,3007866419289675907,74c3a65c7a39890555ea2ef83745a4f894f8dfd29f5f26fd0bac85d8a0067dfa,f11c305251a34ed3f342b0762eb9f4ae368d3534254260742db3795d4a88e21b,150,1360,1360,0,6.058917278961883,43.308917278961886,62.166666666666664,73.0,5.923016440022817,0.9865447833653176,0,150,150,150,150,150,0.0,1.0,1.0,1.0,1.0,1.0,raw_runs/validation/benign_continuous/level_60/pair_06.jsonl.gz,c980e42117a17d70396b6c5c9b5b3c015b2997c9547b4630b7bba54faf48d386
validation,continuous,benign_continuous,benign,60,7,1348166448913175725,7166705425644547172,1746846252470736694,3b3fd4ca1b418b46ae160232bb7ea9df85fab8cb2f885b3ee5869b7b7025ba7a,f81ee852ae94da7149be986556ca359f297c99f61e31a0e3ba1f71fedfd22019,150,1312,1312,0,6.067832573126943,43.31783257312694,61.333333333333336,73.54999999999998,5.899339683711081,0.9850778194404101,0,150,150,150,150,150,0.0,1.0,1.0,1.0,1.0,1.0,raw_runs/validation/benign_continuous/level_60/pair_07.jsonl.gz,5e4f1ba6c0d22bef32914971804eb208d286b3c59f8242a9fda86626e427b2b9
validation,continuous,benign_continuous,benign,60,8,2223942126534782594,5544788755826056274,12882337581736114440,687d2a424be8b8efd7ebf54bd349725ce473ed065b0e4342220727021dd22ae6,5cc8e935f87b1631f0e1b192bf6d26c2e454e8bbf28c437a13417a080fd88846,150,1298,1298,0,6.179456669312525,43.42945666931252,60.4,75.54999999999998,5.870659369037142,0.9860534143034825,0,150,150,150,150,150,0.0,1.0,1.0,1.0,1.0,1.0,raw_runs/validation/benign_continuous/level_60/pair_08.jsonl.gz,f147ccf74d97d21ab4bf4400f0c7df03120a38fe5f82d30dfa50eaa97b54cdef
validation,continuous,benign_continuous,benign,60,9,3808796865063232507,11435988634758829509,3373203604982695613,cf763193d6503c3b26a2d262b080f3dc840c3b1ee7e0afe4f074062cd16a82ee,3bf8fc385035b10083c69f200712171afc9f035e471f6854a7c655fcb25ad4ba,150,1289,1289,0,6.052958211818615,43.30295821181861,60.193333333333335,73.0,5.869041704319096,0.9842656976633096,0,150,150,150,150,150,0.0,1.0,1.0,1.0,1.0,1.0,raw_runs/validation/benign_continuous/level_60/pair_09.jsonl.gz,e2e6676b352d2202e4bf1da64015ae1f12b5f19599892f14e1995b988349c50a
validation,continuous,benign_continuous,benign,120,0,3323202025522884144,3919892587191201774,13809857721791902556,4f7d26939bdc094d331838e7dfb08cf8839a752aa877c57d268901071658ce2a,998fc28387fb7d73904539ade66efdbdfb35ece6899bfdca7883835a29321836,150,2632,2632,0,6.081800537081934,43.33180053708193,121.39333333333333,139.54999999999998,6.856672970100465,0.9688103110982793,0,150,150,150,150,150,0.0,1.0,1.0,1.0,1.0,1.0,raw_runs/validation/benign_continuous/level_120/pair_00.jsonl.gz,fcbb5c3c5cc0ce6b8982ca83960e66c35ce51db289e169a5b7b6661349b216a9
validation,continuous,benign_continuous,benign,120,1,3632502082100150952,14458099276214665080,3818930486840116614,1d4f49b35b6c995a11a6613ae248928dfcefa7acede0dea72c411fbb22260b60,b58d9de989e3ffccc49fda66a98bdc5162c04a628e35305eb26665e94523ff91,150,2573,2573,0,6.1581349055919,43.4081349055919,118.68666666666667,131.54999999999998,6.830781272150725,0.9722812569633345,0,150,150,150,150,150,0.0,1.0,1.0,1.0,1.0,1.0,raw_runs/validation/benign_continuous/level_120/pair_01.jsonl.gz,90a2da4b0faf73a485a6f512d19b12aae2cd17806cd42f92aa66674fcba6a764
validation,continuous,benign_continuous,benign,120,2,574697187446849259,10357320109490916321,14962890677897337317,6fcc7db4f9ae8ad6676ef76e42cef9fdedcea064fb271a63a2b50315bf5c751b,1d14aa4af616e9e5a9f146fcfd6bdac98b14b8d30e6b56ebac7abf463c5cc135,150,2582,2582,0,6.17128757904506,43.42128757904506,118.39333333333333,136.0,6.823833076515494,0.9714179099069999,0,150,150,150,150,150,0.0,1.0,1.0,1.0,1.0,1.0,raw_runs/validation/benign_continuous/level_120/pair_02.jsonl.gz,373718ed84f0dfd78485d5a6fe95568d5e280d5ef0288d685596c05fbd2502d1
validation,continuous,benign_continuous,benign,120,3,14773419784552033624,3391129516678855901,7399040351891850289,6e5ac5ac60082f0e223fd2ed8b4f0d0fda254516fc6e92fcc714d958bb72aedb,716f6ed0ae59ef6db109c7263d0a530cd6a43c9a99551ed72df8a50452007d00,150,2629,2629,0,6.040220111687934,43.29022011168794,119.33333333333333,135.0,6.838509531121381,0.9724321480461717,0,150,150,150,150,150,0.0,1.0,1.0,1.0,1.0,1.0,raw_runs/validation/benign_continuous/level_120/pair_03.jsonl.gz,69ecc062f152481de3090ecef8660abb1b7078868f01f5c5b781860019e6e904
validation,continuous,benign_continuous,benign,120,4,15448474526324906631,9601861437639727442,16178394492021732135,3783307b7d364f98e92e8853f4b632cf42f62aac444f97a8de8b804604931242,a9544cb0934dc26840e3afc1d98fb4fe5ff7a891bf1303b9946a769654b80f2e,150,2637,2637,0,6.087009859121857,43.337009859121856,120.34,134.54999999999998,6.855973503560657,0.9749202793880891,0,150,150,150,150,150,0.0,1.0,1.0,1.0,1.0,1.0,raw_runs/validation/benign_continuous/level_120/pair_04.jsonl.gz,ad7e4cdec80a2fdef0039de87b935bb6ef70ee8d8b82c7576d7d29583b9ee5a3
validation,continuous,benign_continuous,benign,120,5,1377657481134050107,1823639970583859415,2133942331941710131,1b2b1942753879cc50aa4bd5bffe38e68cc49f8de5611616b98f39260236b3e4,e909e1c5ca1dbc68e129a0f8a280b0b6e65707f643dbd55d9c102db9ddf9ece7,150,2681,2681,0,6.02450567884228,43.27450567884228,122.24666666666667,140.54999999999998,6.878257663546377,0.9748945512191229,0,150,150,150,150,150,0.0,1.0,1.0,1.0,1.0,1.0,raw_runs/validation/benign_continuous/level_120/pair_05.jsonl.gz,c8b86b54329721ece293531b3d13dd41162218f64f88024561bb0d091599d67c
validation,continuous,benign_continuous,benign,120,6,8400009760640007586,14621289125797335566,9302636104103127104,ad6c3c8fa4973966535deb4e98a22cf2da0017cf359f990f3ff551cddac407d0,a00cf530564c6923c37a6e5b89541020ffda79ff5488c87cbb71a9cc29f4fa9c,150,2555,2555,0,6.130285243733856,43.38028524373386,118.65333333333334,136.0,6.816981663974172,0.9668452890659027,0,150,150,150,150,150,0.0,1.0,1.0,1.0,1.0,1.0,raw_runs/validation/benign_continuous/level_120/pair_06.jsonl.gz,f0ab408488c507d0b9227171bac778961503e98cb1df141ddd06472a6bb9fb9c
validation,continuous,benign_continuous,benign,120,7,5475527399028966433,15282131669469359278,8076644475177416513,745b00006f7aa1831e4cb1153583f26e3416f59e5a6edec463e4268f957d5fcb,150292d16a3b8b342bedf3bd424d567617f21e9666d4addaeda5b547135cd36d,150,2642,2642,0,6.2217785369659975,43.471778536966,121.60666666666667,145.0,6.861963171115476,0.97238225218119,0,150,150,150,150,150,0.0,1.0,1.0,1.0,1.0,1.0,raw_runs/validation/benign_continuous/level_120/pair_07.jsonl.gz,6e771c4efbed9c3bcb20a51b832b341fa6ce51352f32530c4ed3a9963aaa05f9
validation,continuous,benign_continuous,benign,120,8,8501697092527940708,1068103047378825753,17886811125392345042,ff45bea18e0d0d79b2caff931a209522e59b796334c9b317a7e51652e15ab607,78ec999ffe959b4a28c9733ca888e0c6e46651c894ea8b4c307f4e1ad63ae731,150,2612,2612,0,6.202483654908547,43.45248365490855,122.36,138.54999999999998,6.860880279210608,0.9664353285217206,0,150,150,150,150,150,0.0,1.0,1.0,1.0,1.0,1.0,raw_runs/validation/benign_continuous/level_120/pair_08.jsonl.gz,3921313c4a5d6c22643b60b1a097d5a8a64933fcd0bf0b940dc5b78d5980c099
validation,continuous,benign_continuous,benign,120,9,5766102741234575094,8092898047589033730,17838961268661491920,69ad04d76e05fed7307543b039f8beca20e53d6184de4ebdb2ef81b786977665,e7596ac415aed9cfd0c7ddc4cfb07a40979bf84635652401143891b81a6d36f1,150,2541,2541,0,6.126538218657421,43.37653821865742,116.42,130.0,6.797436780147676,0.9689456506169806,0,150,150,150,150,150,0.0,1.0,1.0,1.0,1.0,1.0,raw_runs/validation/benign_continuous/level_120/pair_09.jsonl.gz,2d9bb73fdfce7fdb9b8e0cadcef59c0ba2a77162a68322a007451a92d3beaa96
validation,continuous,benign_continuous,benign,200,0,16896053770025021303,7915734813195450471,1859074153943623676,d6271e64fe10dbc2de2748330b2473a4ff26d331ff00fb33f1da72be1ffa418a,49de654accff696dd3955f93e610af300ed809d256b843322d67cbea27ac4443,150,4325,4325,0,6.18261570604099,43.43261570604099,201.19333333333333,220.0,7.56159622037699,0.9562222305251987,0,150,150,150,150,150,0.0,1.0,1.0,1.0,1.0,1.0,raw_runs/validation/benign_continuous/level_200/pair_00.jsonl.gz,10d357e27e69f28bb56f16cfb725765b9825a8b8e1773e560251603ee007f202
validation,continuous,benign_continuous,benign,200,1,12538011232869618596,8804615315091063918,1205384494211598764,458ca73347d2aa06e857410a017cc7fbb82c07e72e6832f1b324521941ae5fbb,4b2a8e3c3476ea778f76c888c9ed72faf00dd3ee05a7859497f54eddf8a0e7a8,150,4410,4410,0,6.154319324939192,43.404319324939195,203.68,227.54999999999998,7.561843708741081,0.9479489427323131,0,150,150,150,150,150,0.0,1.0,1.0,1.0,1.0,1.0,raw_runs/validation/benign_continuous/level_200/pair_01.jsonl.gz,9ad82f0e7f41b75da10fb12ab8a6aa70aa79ccf1dbd42a3eae39dfa80be3818f
validation,continuous,benign_continuous,benign,200,2,11803072693694383989,3280735146631786287,18105349416826401344,1eeed2f06e4816d892330161aa88972a9e3eae28b647ad0004039b8b3854d04a,babdf68d65c3a150f943baf868dec2a73d7c668c7b11eb3fb5a5534a6de378fd,150,4296,4296,0,6.052010389897435,43.30201038989743,197.85333333333332,217.54999999999998,7.529711551645578,0.9532161236996501,0,150,150,150,150,150,0.0,1.0,1.0,1.0,1.0,1.0,raw_runs/validation/benign_continuous/level_200/pair_02.jsonl.gz,f82833e2af30201a977d5c582669676d66de9fa77030b7dfbadd8feb540615c8
validation,continuous,benign_continuous,benign,200,3,13487829710686587815,3110413854763646972,237779379617910618,461c3c52a43c19eb111f881ccb78973890f3530d60df070b6555a88b1ed8cf5f,c7a5e684a27a7e21f92dbcd61b04737eefc3f50f1898d2c978ffa2099d79b129,150,4336,4336,0,6.144175744707097,43.3941757447071,201.08,222.0,7.549523316421504,0.9518798328630752,0,150,150,150,150,150,0.0,1.0,1.0,1.0,1.0,1.0,raw_runs/validation/benign_continuous/level_200/pair_03.jsonl.gz,ff638afb26c90ffeda2bc859029dd88c4451fb3feca41324ae41b8bbc2015832
validation,continuous,benign_continuous,benign,200,4,17380600800855691167,16011601727573698192,11123256734170909121,2b65dd9d583f256af599240663a48e8af3ae34531cde52ba43851b44e9dc7cb9,e4c9876a8521bd3fa9362756cccba28cc573e755147e119f0c5a96835c839aa4,150,4325,4325,0,6.22212131014862,43.47212131014862,199.85333333333332,220.09999999999997,7.543647767177584,0.9523806923843378,0,150,150,150,150,150,0.0,1.0,1.0,1.0,1.0,1.0,raw_runs/validation/benign_continuous/level_200/pair_04.jsonl.gz,e4e97e8beaa3b8bb90fb79e6db0ff530001a365f91dcb975e6990dd8d40c283a
validation,continuous,benign_continuous,benign,200,5,5754068155048241029,7449902621578396747,18010338764637876871,6716731180adf8e012de2621d72b24e94323bf2ba4ac00d394f14d6e77596aec,2ca5a3900f68bec8d63da7bd6ebb998ad932370ab92ec786ff9afe1690bdce2c,150,4297,4297,0,6.018876585395886,43.26887658539589,197.58666666666667,219.09999999999997,7.523154888042092,0.9507209521910428,0,150,150,150,150,150,0.0,1.0,1.0,1.0,1.0,1.0,raw_runs/validation/benign_continuous/level_200/pair_05.jsonl.gz,050bf9f7da7e3b4e3b83872bb0f4db675f67c516d1bd91df061cca0ad53e3fe2
validation,continuous,benign_continuous,benign,200,6,1645876900916925604,11395646348622656676,9846960750791319677,4caba74a1e76bfc43bb2d36e877e2149fe722ddda77bed53f9631785ce26a7fa,02af9b8e34616e4f235ff77928b82a1589a836b21919c267f03dfc478ddc7707,150,4248,4248,0,6.215066865568912,43.465066865568915,196.43333333333334,220.09999999999997,7.520363182162855,0.9537396864639087,0,150,150,150,150,150,0.0,1.0,1.0,1.0,1.0,1.0,raw_runs/validation/benign_continuous/level_200/pair_06.jsonl.gz,3bea4fb1c4e1af586cd3e0dd058663e00605cf995aa65a550d9b3f3b300361da
validation,continuous,benign_continuous,benign,200,7,13114428025745130402,17453802610118128909,12463081182992590330,194af0a5e567e86261a5fd8a25a6cb5ab3864ab4a56440e35d025de9b7c01246,bbe61de2834f8e66476b60e335705e0e7f225752fee9951295ebffeee28f8d70,150,4305,4305,0,6.09499432545937,43.34499432545937,198.93333333333334,223.54999999999998,7.546801758091357,0.9574348425846112,0,150,150,150,150,150,0.0,1.0,1.0,1.0,1.0,1.0,raw_runs/validation/benign_continuous/level_200/pair_07.jsonl.gz,be94e5b8a24f7ea5279b741ffff18992bf30b8940bba5916b40799e513543b68
validation,continuous,benign_continuous,benign,200,8,3250270310716571915,1919140345050504339,5803039635223835658,e7a38b8a3d056b80a21ee2c4b6debfb3d2ff9785ff0bb2b2157bf722b2b9c777,ae07c3368e62aeafea0b94897588d6724e69ca60604c851f11be637bf4d6aa42,150,4283,4283,0,6.135860151302833,43.385860151302836,197.49333333333334,216.0,7.524737978264756,0.9513054097465452,0,150,150,150,150,150,0.0,1.0,1.0,1.0,1.0,1.0,raw_runs/validation/benign_continuous/level_200/pair_08.jsonl.gz,1ff46bef8a937084b6611007776321236ff7e211595e75922c076a174b7de92d
validation,continuous,benign_continuous,benign,200,9,10896150874945073060,5621468427271071362,11142034116184712351,ce998a2b1320976fd4587663369052d5a5216daf37c98ef6824807a0e06faeae,dd446559fe24ba267bf30cd96b8dc5236cd0d2cc8c4339d55a809266e2bb32e6,150,4340,4340,0,6.024578123710188,43.274578123710185,201.11333333333334,219.54999999999998,7.553213585941631,0.9526049850010736,0,150,150,150,150,150,0.0,1.0,1.0,1.0,1.0,1.0,raw_runs/validation/benign_continuous/level_200/pair_09.jsonl.gz,82bbc7b5ab61a05f662040c14e52633366c30eca8fe2e47d953bd64943599b52
test,bursty,attack_sweep_bursty,attack,24,0,7031087724318038522,521999132909312506,12775011226328059650,cd5ba418c5ff607e74ecaf1189b93052dc76d3082604b3a5efb7e726e085c221,87fa7bfb3d9e1dae1815cc39287f1deaad7c4bf5a2c0d202a30d3dd4381b6b66,150,519,42,477,6.114400702023729,43.36440070202373,23.7,37.0,4.481761324901872,1.0,0,150,69,69,126,150,0.0,1.0,0.46,0.46,0.84,1.0,raw_runs/test/attack_sweep_bursty/level_24/pair_00.jsonl.gz,746eda40c851279f3e1c7ea9b1b27827eba8bf27f9c248669dc83c2162a6a759
test,bursty,attack_sweep_bursty,attack,24,1,18299917803484112097,14549112322483931621,1331487767042403496,ca0d5f930818d17b11593579194b7f5c247c807c53b7b4555c3c7fcb475ab2a2,dad5933368c7500acde12d0e280cc22b9c13a6b78c4c578a79061c67a47c26ba,150,519,49,470,6.016470860519395,43.2664708605194,23.46,39.0,4.445342085458758,1.0,0,150,75,75,119,150,0.0,1.0,0.5,0.5,0.7933333333333333,1.0,raw_runs/test/attack_sweep_bursty/level_24/pair_01.jsonl.gz,d42c20b9ed4f4f4d77bd9eb4de3eea0cf2665edf45617e8ed34e97b35751419f
test,bursty,attack_sweep_bursty,attack,24,2,11731983724895013540,13024542973532231930,15195426576899889052,161d6cd0635ee1d5647bc504fcf4520cc3acedb08ce10c662bf595d38696dfab,eb242833172e7d5adc67a16463c10f4d635a48246c1ef0dc9d00fda995b406ab,150,498,40,458,6.05431002792076,43.304310027920764,24.033333333333335,40.64999999999995,4.472656122680487,0.9994340813248376,0,150,73,73,118,150,0.0,1.0,0.4866666666666667,0.4866666666666667,0.7866666666666666,1.0,raw_runs/test/attack_sweep_bursty/level_24/pair_02.jsonl.gz,c3fba4233f47e7982ecbc1e1bc00fcb725bf15c7580a5cc52bd70d34ba8d96b5
test,bursty,attack_sweep_bursty,attack,24,3,15427335249318728485,16968161023381961262,8291315038350603555,0def5a0953ea76b11e8bd0a375dddc9ecdebcc6a5c3f2fc384a70858e4583dec,129768bf4ed7b69c7f8529b4c6e7268eab74d98ae58850b1e35e6628d2a317e6,150,510,48,462,6.07408881053318,43.32408881053318,23.56,41.0,4.4222993778227995,1.0,0,150,70,70,115,150,0.0,1.0,0.4666666666666667,0.4666666666666667,0.7666666666666667,1.0,raw_runs/test/attack_sweep_bursty/level_24/pair_03.jsonl.gz,41c041451315bd77aa4e7f58801644c6ad80fa890907d97534e8c9e5a1229009
test,bursty,attack_sweep_bursty,attack,24,4,10941371021059456085,2598864490307091718,8201118471956510366,f0aed36c0dbd639f8446cc8b05530daa419af11459210b8966f1eab29a5c666f,385409fd6515f6df8874f31b0b0b8d9b21b4e0248876d3aaee26e87b13a0742d,150,513,46,467,6.021664721593212,43.27166472159321,24.26,36.0,4.517017244415166,0.9987131163855302,0,150,84,84,129,150,0.0,1.0,0.56,0.56,0.86,1.0,raw_runs/test/attack_sweep_bursty/level_24/pair_04.jsonl.gz,9a158a27a8fea80f8f439d66ea073cf57d6658e31f31e4c57e6c7c9a2d424d61
test,bursty,attack_sweep_bursty,attack,24,5,12256277931077687574,10261321010413077719,2618517580941228654,333c627ca6584b0682606529b2e462fc9dfe241529b61bf1d6dab3b50d4e1ae8,f5de13deae83e6e438d438bc7af33908e0a9ba8a3f9435f9139290fd99150b25,150,534,57,477,6.186963034214351,43.43696303421435,24.366666666666667,38.0,4.494151579944147,0.9976785279762278,0,150,76,76,126,150,0.0,1.0,0.5066666666666667,0.5066666666666667,0.84,1.0,raw_runs/test/attack_sweep_bursty/level_24/pair_05.jsonl.gz,df593106e94091902f1b634d98a67051e1d2e2b58f976417a8ba98837510d131
test,bursty,attack_sweep_bursty,attack,24,6,14362360602421453026,9829941686261655947,16618036935826120477,d66e486150c19eecdf2159f2da348404d1917b09e7b028d0e798b53a34a1fb1f,4047a996e3f3c363426f84efee8804e41791cda84eb2c79659c9a6a9f1dcf313,150,517,52,465,6.165369743402512,43.415369743402515,23.58,36.0,4.472693771460536,0.9991825396825397,0,150,75,75,120,150,0.0,1.0,0.5,0.5,0.8,1.0,raw_runs/test/attack_sweep_bursty/level_24/pair_06.jsonl.gz,7d3974dbce226d7b2c2644ed6acd778a591cab7a419ebb45571593cf88e0a176
test,bursty,attack_sweep_bursty,attack,24,7,11806216866448157296,5641573086108471734,3081108674637183380,a20b170461eb7cd5b429af47c7dd67a4870a69335c97ef57b4b1b6d734cc177f,f1338bdf8e51c884b73a94845634f51b3fa1c20412c84944eb701e5ddc3edb36,150,486,40,446,6.065554697723137,43.31555469772314,22.76,36.54999999999998,4.4240461805627485,0.9980213199977693,0,150,65,65,122,150,0.0,1.0,0.43333333333333335,0.43333333333333335,0.8133333333333334,1.0,raw_runs/test/attack_sweep_bursty/level_24/pair_07.jsonl.gz,9366d6ee7ff5444b82bdf5c845f72804142af48b6a1650f41fc86becffa48f2b
test,bursty,attack_sweep_bursty,attack,24,8,2107769414726670299,5053104952758278221,12306363563077170239,87692d981c36616d17e24e7c52a99e3401f350ba73299b4d0214c39bd1b18284,61325d036c63409e4a2899b52dfb58a8e64885735d6e09ec4d2eca35096175c2,150,516,45,471,6.019586511624109,43.26958651162411,23.733333333333334,38.54999999999998,4.4859917841579335,1.0,0,150,72,72,129,150,0.0,1.0,0.48,0.48,0.86,1.0,raw_runs/test/attack_sweep_bursty/level_24/pair_08.jsonl.gz,59683fa61e9249d425af5fb9b848477a46b8fbc7c46cc190513ae39e4ad889ce
test,bursty,attack_sweep_bursty,attack,24,9,11358452612906502398,14465317457533706838,3943760344659747891,7c50eefad4b8f1eb75f20632672a0556fa93f68920e62ee0be1623a7cafe8104,b1322b5aa4ba12f380385cf08fdc1a03b54d811b917a7a68d0413d5bb95cba5d,150,494,50,444,6.102034585459206,43.35203458545921,22.84,32.54999999999998,4.440664164471837,0.9984703998060707,0,150,73,73,122,150,0.0,1.0,0.4866666666666667,0.4866666666666667,0.8133333333333334,1.0,raw_runs/test/attack_sweep_bursty/level_24/pair_09.jsonl.gz,55252bb4c7c66ee9b1d2b66fd4c8ddf3dcf6f662aeb79afc97e783a54ceb39e1
test,bursty,attack_sweep_bursty,attack,24,10,12957076017819254940,8346406131059714819,8841720963112587397,4aa1bf3e00feeaf138c7c3d1e0d8397e7fd8ba1b7598597f0fdbe0bd45f5339a,5d20e5688425be9f9db0bfe75db6ad12e2df59966efe390a18be5a4a8ad7097a,150,550,41,509,6.104416313931075,43.354416313931075,25.62,43.099999999999966,4.574496203310779,1.0,0,150,79,79,126,150,0.0,1.0,0.5266666666666666,0.5266666666666666,0.84,1.0,raw_runs/test/attack_sweep_bursty/level_24/pair_10.jsonl.gz,8f7e4a588de220a964cfe4b7407e5dd07c13ae6fc862a24571ccfb57ecc8dc91
test,bursty,attack_sweep_bursty,attack,24,11,12938451552124007813,9940534528171644088,8264989886654717195,c28614727aa94274a815732025b85e17e8fde05cf602cb2f3291b5e47c2ec3b9,df55bdaea7ce21fd97c6713f8915573f6586798879316bdf63a84bff187500be,150,488,50,438,6.007709966795945,43.25770996679594,23.206666666666667,39.0,4.438608943219883,1.0,0,150,68,68,119,150,0.0,1.0,0.4533333333333333,0.4533333333333333,0.7933333333333333,1.0,raw_runs/test/attack_sweep_bursty/level_24/pair_11.jsonl.gz,4ec6f8affc242df09551c03b9c2d9e9fe46915c3526b20cb9f9b90e6602e4d54
test,bursty,attack_sweep_bursty,attack,24,12,17290730975127025859,16248527617210306373,14896565629355751322,9bef694133e1d1add0075a542883c2a6bef11201188ba1f1de4ea3ec39ca1c2b,bc46dd86cd0cc13bb1296644f60e7f650f912c1d068e5fb87e7c15f3c0906d6e,150,528,44,484,6.116434518338851,43.36643451833885,23.993333333333332,38.0,4.490988196983533,1.0,0,150,73,73,124,150,0.0,1.0,0.4866666666666667,0.4866666666666667,0.8266666666666667,1.0,raw_runs/test/attack_sweep_bursty/level_24/pair_12.jsonl.gz,d6c425b90274dc8fd8cc725ac91318aa35b4b70f8632ac5bae0b3459d93d9779
test,bursty,attack_sweep_bursty,attack,24,13,15398952453020799613,2269231728745071893,17713891981233246452,e3b89c4a29d0698ce7e415188854c89c47ee4b3cd07760f457f9accbe7ab398c,711cb59c624cd5380146382a244067f46e72314b3995ea24be69ceae0e493166,150,509,50,459,6.203296984693126,43.453296984693125,22.76,37.0,4.417535209469233,1.0,0,150,68,68,118,150,0.0,1.0,0.4533333333333333,0.4533333333333333,0.7866666666666666,1.0,raw_runs/test/attack_sweep_bursty/level_24/pair_13.jsonl.gz,60d3a5a340dea29147752a3f8a6c866f14b58bc1860df29b4e0e62b662854d5f
test,bursty,attack_sweep_bursty,attack,24,14,1528823186042818636,2015516010930686336,15388255482390444246,e137f396c1fecbf4ce8b4f888e08b2e843460463822a6e0817bd4f7283694208,9c596898bccc4f1ab493d5b4837bdd79d0d3d283041035721b3be7e18d9b9831,150,557,69,488,6.037121485432639,43.287121485432635,24.846666666666668,36.0,4.556568223932348,0.9996491228070176,0,150,80,80,132,150,0.0,1.0,0.5333333333333333,0.5333333333333333,0.88,1.0,raw_runs/test/attack_sweep_bursty/level_24/pair_14.jsonl.gz,87a855df8bd6eedd37a8ba37370771fcb75c3854408d2a7e823c575e639c5401
test,bursty,attack_sweep_bursty,attack,24,15,3348558786788259330,11446981430502276868,949802653645601596,5cf7d2d5cf01c78f8de95b3c0aa3545bfe1e21ef3227c05d4b692149944eb14d,a828154abd5a7ce838ee5496b34140f62030241fb6cf6924e4c231fc08e2154f,150,549,46,503,6.21773039354327,43.46773039354327,25.966666666666665,44.0,4.589861860725366,1.0,0,150,81,81,129,150,0.0,1.0,0.54,0.54,0.86,1.0,raw_runs/test/attack_sweep_bursty/level_24/pair_15.jsonl.gz,6972ba8c665ae9f84b88220b7381035862c93dc23639038420bc7a3e0bfe9a0e
test,bursty,attack_sweep_bursty,attack,24,16,3904011933236831565,14107443848382601732,6793739212806710675,849a1d75af6c8994c9071f8dc4c508ae756c27c96d458a16ca38643af5d9f67e,59b7f07c7f073432fb7a439fef87f737888a6145f8db2a80586fd3736895ea3a,150,544,62,482,6.2053573058267455,43.455357305826745,24.133333333333333,39.54999999999998,4.473916706203454,0.999010989010989,0,150,76,76,120,150,0.0,1.0,0.5066666666666667,0.5066666666666667,0.8,1.0,raw_runs/test/attack_sweep_bursty/level_24/pair_16.jsonl.gz,5e87e5e0dcc5a30ccfd62ad83ac18fe1e7545e434a28e6f8ebffcf592c69faec
test,bursty,attack_sweep_bursty,attack,24,17,2699201686156082149,10321045553301550088,3728656294388698984,68e425e1b5b41cff2d07b5fc99a70fa2b833f127b9c3a813f0b5d0a99105051e,2dc57249cc31f5f4a1b96ecb6142dc4e441dc8064cdfe1a960ed5f52d54fdbfb,150,537,58,479,6.1050234714495115,43.35502347144951,24.166666666666668,35.54999999999998,4.525427482889618,0.9998245614035087,0,150,80,80,131,150,0.0,1.0,0.5333333333333333,0.5333333333333333,0.8733333333333333,1.0,raw_runs/test/attack_sweep_bursty/level_24/pair_17.jsonl.gz,6d9136a0bbd62ac0a65f80cee8d6c8d3d307c3963c7cbddf7bcd1e06656339aa
test,bursty,attack_sweep_bursty,attack,24,18,8606871396493972771,13721112442664091815,10380996279012035615,b0dd71d649dfd38fa281e4e67c028dfb8a37f15a537e2e24d801b52e57dab4aa,0ab8a21d88bce862142ec30e011aee09a4278b8070cfba676581f8787989739c,150,530,56,474,6.164340058731557,43.414340058731554,22.94,37.54999999999998,4.422559955976182,0.995232614825233,0,150,71,71,121,150,0.0,1.0,0.47333333333333333,0.47333333333333333,0.8066666666666666,1.0,raw_runs/test/attack_sweep_bursty/level_24/pair_18.jsonl.gz,6292eac3b681e0baf418b6d27a57590f5027cb46baabd7b834e39ea048839b02
test,bursty,attack_sweep_bursty,attack,24,19,15222006655384463927,14384269102284837911,9121646485693104430,16b98634a47d449ca740ac0b39d0b098555bbcb3c3b52a8eb3b5127b0563aff2,825a565b941005aad9a485f26532570d7ff7af2db08fb8569974c53356bf56e2,150,523,58,465,6.128969856357267,43.378969856357266,23.72,36.54999999999998,4.477745750991323,0.9982392084565996,0,150,74,74,122,150,0.0,1.0,0.49333333333333335,0.49333333333333335,0.8133333333333334,1.0,raw_runs/test/attack_sweep_bursty/level_24/pair_19.jsonl.gz,2a7d005d67f23353af7c5651b298ec57228d8f6364d600cf92f259a4d278970d
test,bursty,attack_sweep_bursty,attack,60,0,4728291661238065303,3256045249883301069,8628487699059468242,b4f7c93bd63dbce9d6e2fb6ca0bea57d0831322083a674f359ea50d9c7cf2a56,609643504ca3e186ddbf84976c8d2bcd6821a6661d4954db3e4d89371849de26,150,1271,136,1135,6.0270900011448925,43.27709000114489,59.66,88.54999999999998,5.820548236780179,0.9965544761205561,0,150,150,150,150,150,0.0,1.0,1.0,1.0,1.0,1.0,raw_runs/test/attack_sweep_bursty/level_60/pair_00.jsonl.gz,7f0d69760e6ad65e4882c14c2c37a69ce7b41e1d55362e367c43d7b3dbb9327d
test,bursty,attack_sweep_bursty,attack,60,1,10626907232040107754,12733732827271703484,16257649683702580205,46a3066797aabdbae93b252fe2f7fd23c41ec9654787ed4adfd55da0e103fa98,4312d02cadd3942cbc0146b2d3d5ee4d1553646179855664a9cbca184edbd559,150,1372,131,1241,6.056757347910395,43.30675734791039,60.70666666666666,87.0,5.8554102923107445,0.9985428097447766,0,150,150,150,150,150,0.0,1.0,1.0,1.0,1.0,1.0,raw_runs/test/attack_sweep_bursty/level_60/pair_01.jsonl.gz,19d147b15c776774f9c68ba982d0eaf2f5370cd491e187e776171fd1525f8606
test,bursty,attack_sweep_bursty,attack,60,2,12193141472780891747,2280695331476173544,7060011171587311360,3de8347be1234adbf76e9e73ab8cc99c4c47b7ed7763c026eff861dde14d36d2,3cea94406ba8245b0255bde28b6da10f0a7311ca2f3cfa72cf258d32cb8369d0,150,1288,114,1174,6.145152045870287,43.39515204587029,60.85333333333333,90.19999999999993,5.853162192712187,0.9982701947591327,0,150,150,150,150,150,0.0,1.0,1.0,1.0,1.0,1.0,raw_runs/test/attack_sweep_bursty/level_60/pair_02.jsonl.gz,47482b058eb614028f1bd3075162dbdedb9ea1a2c94126481c69452dfc81d5ac
test,bursty,attack_sweep_bursty,attack,60,3,13957978195480844126,16137068541999678016,1277205507257500057,a8b2b94eab8ea9243b22afecf4b4199818c75f9d6464fe4470fbd60f16399f55,9bcbf7373268a27d7e2d1ba567d09364600ac741ad8026de0ee764eea9d8d630,150,1301,110,1191,6.17597216943645,43.42597216943645,60.75333333333333,91.54999999999998,5.859107749643944,0.9985862622050076,0,150,150,150,150,150,0.0,1.0,1.0,1.0,1.0,1.0,raw_runs/test/attack_sweep_bursty/level_60/pair_03.jsonl.gz,75e8b8fac6bf4dca87611283bbb69521b58d1f4353b05f0b2cbcf4f5b083384b
test,bursty,attack_sweep_bursty,attack,60,4,16157349877590930817,8265084416615399815,9944728373084942259,126532c429d00d98653d307bca4e7fa9d95c2363cfd12ba8989fe956761c6107,b1827c2ac42da0551d7989303855eb8d35ccfa5c7430955efac24a8b502e7ad4,150,1302,141,1161,6.043837545416029,43.293837545416025,60.1,87.0,5.844175139422183,0.9996769676543356,0,150,150,150,150,150,0.0,1.0,1.0,1.0,1.0,1.0,raw_runs/test/attack_sweep_bursty/level_60/pair_04.jsonl.gz,28c721601533e6d1e8f52cba9bdf2651da157351a12084ba04943bb832aeec5a
test,bursty,attack_sweep_bursty,attack,60,5,5365915920768804960,1444703689198968028,1401811091713927232,3855cb1ab9cf5cc611f41425e99e6626eed89b03ae48ee84f90487456fcd6438,cef70b0b67676ca7402cd41f380185d2d9030ce5c0d8d03ca12ead4f448ef10e,150,1318,113,1205,6.14317382126017,43.39317382126017,59.63333333333333,87.09999999999997,5.825013057638868,0.9985023819980413,0,150,150,150,150,150,0.0,1.0,1.0,1.0,1.0,1.0,raw_runs/test/attack_sweep_bursty/level_60/pair_05.jsonl.gz,ae3c130cc43c7e5009ada6157e50ed3719dc0548e8d5ddfd1eb61b8d05668720
test,bursty,attack_sweep_bursty,attack,60,6,3481910348492203474,10101454239527221363,3051011719133664590,3a010f8cdda0b561635e8c5fcf756f217095a6197780512e60c158e57c39697e,3efd9a0fce02b40f0b852d693fded3163dd1affaa1ba358dda8e7ea91e33b670,150,1306,138,1168,6.029187178585506,43.2791871785855,58.88,86.0,5.799404052174524,0.9957400716938916,0,150,150,150,150,150,0.0,1.0,1.0,1.0,1.0,1.0,raw_runs/test/attack_sweep_bursty/level_60/pair_06.jsonl.gz,ab46ab45729afd50876c061ae599be704a740e2f9ade3c49372b2cb72062e96a
test,bursty,attack_sweep_bursty,attack,60,7,5607973933383313552,15594808418798255805,5414944679362734279,ab885e8ff00bcf5923d01d1404f1cfc5ffd3ae3b1c8692df5e6371cc760f7c7e,3751e8a4383524b883ec3b6121096588b5b5d9b885b818a88ddbece86542f50c,150,1233,132,1101,6.006516981060812,43.25651698106081,57.21333333333333,86.0,5.764388347633551,0.9977856350713182,0,150,149,149,150,150,0.0,1.0,0.9933333333333333,0.9933333333333333,1.0,1.0,raw_runs/test/attack_sweep_bursty/level_60/pair_07.jsonl.gz,f5dc2b54c875ec84b6237800a33f0b5dc672fefa22e8421b69ef436c38f7ac7e
test,bursty,attack_sweep_bursty,attack,60,8,117741995419115625,3410315107802305461,1155375177731027001,3c9185bb9ad283538ede111fe7f65fb64bef9f637ea82915911e071fb1d6ab9e,d53607bc240b35042cb793c1de25617bd88dd03ac916a6815b681d44e18c84a5,150,1257,119,1138,6.088558708729074,43.338558708729074,60.71333333333333,88.0,5.850475735478423,0.9970687981472277,0,150,150,150,150,150,0.0,1.0,1.0,1.0,1.0,1.0,raw_runs/test/attack_sweep_bursty/level_60/pair_08.jsonl.gz,1c8cdebdb10d93c86d5533658b9e2d66e746063cd0882a994b83a76916a0ae77
test,bursty,attack_sweep_bursty,attack,60,9,2878065899226068233,5763900466979319014,8202043247545964514,0fd463d88f867e1043fe26e14a65685dfac142c46d435a7bc98e3c06c8626082,e717df89e2ed85d3db4631a90ea78033cd83b4414da86951c76aaf663bf68d9a,150,1340,128,1212,6.203735273524038,43.45373527352404,62.6,89.0,5.897796650182532,0.996955833053028,0,150,150,150,150,150,0.0,1.0,1.0,1.0,1.0,1.0,raw_runs/test/attack_sweep_bursty/level_60/pair_09.jsonl.gz,2c05afa4f5a4c1a8f0dd6c6c50fd7205b5a2cd55ad9b9ffd48b08fcdb40b0557
test,bursty,attack_sweep_bursty,attack,60,10,78743034156872817,7744895399556128114,13463303039551370826,65fd437223162bc0dc1288c1586ae9a57e20189b64b33069487ae16f5135c1b6,be0bc4d676d38c799f4cd8be77590f430fc058f73e5c820dcd12e513edc0f9a7,150,1278,130,1148,6.218271618288086,43.468271618288085,59.153333333333336,85.0,5.811283731449004,0.9961740058812074,0,150,150,150,150,150,0.0,1.0,1.0,1.0,1.0,1.0,raw_runs/test/attack_sweep_bursty/level_60/pair_10.jsonl.gz,9d923760a807fe36cb268d46a1b47152dbe7fb276f4d753d922f28c5b22a940c
test,bursty,attack_sweep_bursty,attack,60,11,11959727002202433164,13974460987346353953,17117620938477563400,0e5962392d0ecbc89b794cbe45fdc512eff2474e67cce792a3c90b8ddd5de223,4388fa1a9da112631e30b8573414ab440300a6f76265bcc9f3b838e11e049a9d,150,1331,122,1209,6.0335153168346505,43.28351531683465,60.77333333333333,85.54999999999998,5.856914039686808,0.9987425121972404,0,150,150,150,150,150,0.0,1.0,1.0,1.0,1.0,1.0,raw_runs/test/attack_sweep_bursty/level_60/pair_11.jsonl.gz,49af6b16d409ede5aa1ba2dfffa4fb5dbf7305226f01ee22baa1b01649c22804
test,bursty,attack_sweep_bursty,attack,60,12,15204481003135083174,11587197522998189836,17645838293153777199,bc0455882bf973153dc18daec66903155dd538011a246434893fd147bdb90273,9c8fbfde1551f3b30d8c831e0c1bff25198c22c1a8cf379cb7b5cf65a3275ab9,150,1263,123,1140,6.003768610927332,43.25376861092733,59.89333333333333,87.0,5.8240357298275605,0.9947477617697075,0,150,149,149,150,150,0.0,1.0,0.9933333333333333,0.9933333333333333,1.0,1.0,raw_runs/test/attack_sweep_bursty/level_60/pair_12.jsonl.gz,c2b5049468a36a98cc130de3b7440538d7c6f8d8d5d772a08c64964d029fd638
test,bursty,attack_sweep_bursty,attack,60,13,10871333545479817243,7563558602441166387,9237068683017463299,714b9613dea4d2ceeb12ef5eb4c3d8f65b51c5c1e8ce7a649d685c38f2b47882,785102fde87ad8a70e99844ea3295db64f9b66cae0f5487ccfcc7ef3f4c8255c,150,1397,147,1250,6.18475018903361,43.43475018903361,62.78,94.0,5.8856630106491155,0.9964405546048049,0,150,150,150,150,150,0.0,1.0,1.0,1.0,1.0,1.0,raw_runs/test/attack_sweep_bursty/level_60/pair_13.jsonl.gz,f9f7efdfbacd2dabcda192e1152cda4078738e3bb1658317a39fdea33e084ac3
test,bursty,attack_sweep_bursty,attack,60,14,2798099764286777473,8986116746278208679,4387796230989818925,938550ee9e758ead76d63628d7c7527eb2a1cdd344d927e3908d1ccbcf9a578f,311fa6c2a384362f7e9d2f7ae866ae4c97f5cb6e40067c9c28f476a2069003a9,150,1289,122,1167,6.045167905239544,43.295167905239545,57.63333333333333,86.0,5.765892070672191,0.9988270898604272,0,150,148,148,150,150,0.0,1.0,0.9866666666666667,0.9866666666666667,1.0,1.0,raw_runs/test/attack_sweep_bursty/level_60/pair_14.jsonl.gz,236903acbc2e047714ada7cec1691d2db5b765e7643fff139c6b8ecc1d958353
test,bursty,attack_sweep_bursty,attack,60,15,17097306720387306107,4114087812797548196,943503534761742385,89c538ccb4914afa58d8f70c55f5c533bba23dd6d543c53841b4ca661c5dfc40,3b7c187855a3eed29a3d316241275d6da11f394da6df4292cf7273c222f917cf,150,1300,119,1181,6.238672133476845,43.48867213347685,59.81333333333333,91.54999999999998,5.828539563797207,0.9967320264521853,0,150,150,150,150,150,0.0,1.0,1.0,1.0,1.0,1.0,raw_runs/test/attack_sweep_bursty/level_60/pair_15.jsonl.gz,ca929401932129c2dc769d1c6ddf4b7e62736d48f7a6e51706f72210a23649cb
test,bursty,attack_sweep_bursty,attack,60,16,1684478467566215520,14681944726587086290,6201456098694059713,84baadbdc8521be632dee4e2375859c94dd9877fef904280c2e7959a84239e5b,4dcc027ecba96ac6488452076a24f5f5ae9e8034b184f25f0c09159d5eacbf04,150,1280,130,1150,6.03358522822634,43.28358522822634,59.36,88.09999999999997,5.808626092756291,0.9989542877837935,0,150,150,150,150,150,0.0,1.0,1.0,1.0,1.0,1.0,raw_runs/test/attack_sweep_bursty/level_60/pair_16.jsonl.gz,573546176ba3d088a2c02e795959b9baf7e41dbe9a5c81f68c05b0ae1a2fd40e
test,bursty,attack_sweep_bursty,attack,60,17,14235558214642707832,17856287676692079206,6396357538751269291,2468f017fd0c4ae2dadd5bc76716e10278864f463ea5063a267398b8a72da19b,b2966ff90176c3d6cfc3e2ba757210e6a8a741a5a7ab3f3b191ec208e81fc55e,150,1372,128,1244,6.222332430217775,43.472332430217776,61.9,91.64999999999995,5.872335159725519,0.9971878043018031,0,150,150,150,150,150,0.0,1.0,1.0,1.0,1.0,1.0,raw_runs/test/attack_sweep_bursty/level_60/pair_17.jsonl.gz,eb4436aadb8275b35b90aa1306d802ed0d0b173c5e15259c16a21d4ce2c38690
test,bursty,attack_sweep_bursty,attack,60,18,9804069978694791450,12954677911242742428,8270658855319737701,a004962f8cdd7d1a651f4bc59f1b0958967835928083fa573cbd5da2f58a8028,81f26f7c582d14608bd363381c6acae8f3f1f3d6df9ff08340714c2af354eca1,150,1208,101,1107,6.019564879984748,43.26956487998475,57.32,82.0,5.777141676987086,0.9991069822842239,0,150,150,150,150,150,0.0,1.0,1.0,1.0,1.0,1.0,raw_runs/test/attack_sweep_bursty/level_60/pair_18.jsonl.gz,3561f3caa7fce5cc4ca4791f7ed3630d95b9bf37def675895c66c8860e89737e
test,bursty,attack_sweep_bursty,attack,60,19,2893823591515303878,18222017690021044820,2988636491520513084,8452e5afda41dd507e21fbb7b7aacce3c7a17ade8c90d545f48af55814fb0f1b,0567cde63c193b98abbac43926e4d6db5613fc17cba5c6eead1c76fa209252f3,150,1297,120,1177,6.150511731269282,43.40051173126928,57.873333333333335,84.0,5.786450020405071,0.9983414342458722,0,150,150,150,150,150,0.0,1.0,1.0,1.0,1.0,1.0,raw_runs/test/attack_sweep_bursty/level_60/pair_19.jsonl.gz,f67db476f820f0f5a43f840bf9eccee4214c914b03be460aa728b1fee73a492a
test,bursty,attack_sweep_bursty,attack,120,0,17677778801770958739,6829398312328068154,9008762742206350213,fbb467ad009618b8b1312566ae15b958bb4987c25663c0efeb8b1640d20f02ca,f1d429a74aefbaff5ff76c3de0af927dfc8d6e31313466866867632d147ea386,150,2644,252,2392,6.231272544082715,43.481272544082714,123.22,177.0,6.860972651913709,0.9930000152835926,0,150,150,150,150,150,0.0,1.0,1.0,1.0,1.0,1.0,raw_runs/test/attack_sweep_bursty/level_120/pair_00.jsonl.gz,0c2e7a8d4b7f69abc240f3fc182eb9170b375b340e24c4bc72a5b0ce3cc85f9b
test,bursty,attack_sweep_bursty,attack,120,1,8508802059021800781,930787583123559901,12203028603118391814,46a4adcd1fbfc500df817a1e15bd450e6fcb170eb11b84af7175c07ff58dc446,3648af7bfe2856ab9baa0a2525b4d0456301932e039c0175204ac48ec932d90b,150,2500,255,2245,6.080903798955948,43.330903798955944,117.18666666666667,166.0,6.804876799111062,0.996430846189904,0,150,150,150,150,150,0.0,1.0,1.0,1.0,1.0,1.0,raw_runs/test/attack_sweep_bursty/level_120/pair_01.jsonl.gz,615bd58453bf1adc28b88b3828f19ff669f6da238e679e38345df96574cd5b81
test,bursty,attack_sweep_bursty,attack,120,2,14012732547975858607,2148828941729288347,1300637124792948870,b6a16b5493bd6f2a293ac33fcf2d9b81fed24ca18012974e1a0c52bfac87dd03,f6af602ec5b4cd5f61735a81d1b62710c7615af28e0c2864c3b93b0fa2be3856,150,2619,288,2331,6.1268790140801075,43.37687901408011,124.66666666666667,176.54999999999998,6.891819458439281,0.9953265227523834,0,150,150,150,150,150,0.0,1.0,1.0,1.0,1.0,1.0,raw_runs/test/attack_sweep_bursty/level_120/pair_02.jsonl.gz,2fb3893cd0b1c5f0d7a24f7394da4354bd5de1417f7b2062438574c924f93526
test,bursty,attack_sweep_bursty,attack,120,3,2348384244368873237,10678651135538379153,2830291058140067042,5bdc2a4cdff52ab8d76d9a22dba76bdb151515d74476504c5c185c9d3ecf8275,dbe5c60b1e6663dcc35bd3c75406742c37dbd88f73f989e030d1ca85b840a60d,150,2606,256,2350,6.00903633071874,43.25903633071874,123.64,181.54999999999998,6.875314654454002,0.9969281483498581,0,150,150,150,150,150,0.0,1.0,1.0,1.0,1.0,1.0,raw_runs/test/attack_sweep_bursty/level_120/pair_03.jsonl.gz,5dcc3c8c10e29ab247a528b2fd60569e133de039eaa2c07e8747a28f60dc7a8d
test,bursty,attack_sweep_bursty,attack,120,4,12068768551392945050,5862145283542478514,909858893527025447,796e55419db78f140096aa48ed8df9752d32ae633c2e24168dba0ae88bd044ef,7645b784e0bcac108eb95e2cf4a41381e9c619c8f48b8208857ae70f30abc349,150,2548,274,2274,6.213283860139065,43.463283860139065,118.34666666666666,169.54999999999998,6.806065859494942,0.9945546390593283,0,150,150,150,150,150,0.0,1.0,1.0,1.0,1.0,1.0,raw_runs/test/attack_sweep_bursty/level_120/pair_04.jsonl.gz,c885b0e969666f14170ecbf4f376a145c77e8190986bb85c02e4ebca9157be29
test,bursty,attack_sweep_bursty,attack,120,5,11754546574889286477,17320219234250889673,9920720143454083942,e75ee591b02d84062e9e3f08561b545c6ac2def6f278030dc83ec3e63b3ba2d6,766cafefbe76832830ea6541c1e2badc61ba679b2f09481abf71f7a60f56c16b,150,2695,306,2389,6.126470998348932,43.376470998348935,120.72666666666667,175.0,6.832747179470031,0.9928448836881694,0,150,150,150,150,150,0.0,1.0,1.0,1.0,1.0,1.0,raw_runs/test/attack_sweep_bursty/level_120/pair_05.jsonl.gz,dd060e1d9d96a22dd8eede90fe7e045aa4116cc9edbd4c359befbebb09e2a0ac
test,bursty,attack_sweep_bursty,attack,120,6,8686578293534854415,11973128124416859319,949820372980707532,96c191f864bc8cdc9422ad1269800ecf7196bc2c56a360f5ab891b555c761785,e1d1196b005bc19f50846aab2edf71ab433d9dde82ddebce7b7b69903bff2228,150,2541,262,2279,6.132766076707838,43.38276607670784,119.63333333333334,172.09999999999997,6.822885974462091,0.9952318952777466,0,150,150,150,150,150,0.0,1.0,1.0,1.0,1.0,1.0,raw_runs/test/attack_sweep_bursty/level_120/pair_06.jsonl.gz,efdf7a46bfb35c99441e9c7d5063ba7efb24e6b17323f071050ae8e41a5254fb
test,bursty,attack_sweep_bursty,attack,120,7,10137070029227726156,646216227087379654,14734530899994330053,75bf15dc79359e1241af3807c28474fd18f443040fe301fc9a27461265a0112f,332bef8cb53e1f83b74d768503632d5c686335c40533885c7ac5002fa3cb39e9,150,2521,224,2297,6.171654486628849,43.42165448662885,118.91333333333333,171.54999999999998,6.815745209960971,0.9949487707783174,0,150,150,150,150,150,0.0,1.0,1.0,1.0,1.0,1.0,raw_runs/test/attack_sweep_bursty/level_120/pair_07.jsonl.gz,b79f15cd9583e13eecb7ff57b639becb12285d0e5901932654c661e4763902f4
test,bursty,attack_sweep_bursty,attack,120,8,630050063957971533,6139190161411610768,2814289976947490079,89598fbc36b773d70896e0bfca4b584a8a2fe010c11068c96f65f28685b8aba5,7563faa4c56e2e7d4d3acfa3f2a15da6bbf06403e6717e77a4541114e4637a12,150,2653,237,2416,6.169959062015312,43.41995906201531,118.47333333333333,167.0,6.811804896192787,0.992543981160469,0,150,150,150,150,150,0.0,1.0,1.0,1.0,1.0,1.0,raw_runs/test/attack_sweep_bursty/level_120/pair_08.jsonl.gz,5f6003da67b36ef2217ffbe14c6bb155ca90be0b9ed0e6194fe4f1632dc6d83a
test,bursty,attack_sweep_bursty,attack,120,9,2729294043633015870,12831543257470076485,9871102926552991243,777ec0c8ce6c81384b5eb17736f07ed3a054c876cc1bf28848f8a0d626d43c15,881deebb2e7b5da6b8773e0a22f32054d6d69d1773affcd3410fd099c88f5c78,150,2570,253,2317,6.049084431248641,43.299084431248644,122.34,174.09999999999997,6.867286482311372,0.9968214228976997,0,150,150,150,150,150,0.0,1.0,1.0,1.0,1.0,1.0,raw_runs/test/attack_sweep_bursty/level_120/pair_09.jsonl.gz,1382699517f1c50d3338fada2573e3258c74b62714a57103f45366fccd5016ed
test,bursty,attack_sweep_bursty,attack,120,10,10265540251891105962,6735019329757629085,8561946510933151310,c896064e13d7fc55104456ead018dd76ce81ebf013a478e3b9bf4f397a0a2146,13e39786576b3dfb2fcb398dae8becb264bf20f7d963298038d1856cfda0ed62,150,2585,241,2344,6.040337725524269,43.29033772552427,119.11333333333333,172.54999999999998,6.817331044789065,0.9951814360533516,0,150,150,150,150,150,0.0,1.0,1.0,1.0,1.0,1.0,raw_runs/test/attack_sweep_bursty/level_120/pair_10.jsonl.gz,946a1a83161bd75395a6eefe77df23ed13b3084c4b684bdc90d55381eea95674
test,bursty,attack_sweep_bursty,attack,120,11,2596634394329281386,14823892494879232447,15133534248254124329,8bd50ec675ec88525f62a268da21db56a6113460d7dc3f8208baf91263090ffb,08e6ae54b74fb3e6fe893c312426c26cdb61299ec0f45eba2372d1dc7d6316c5,150,2531,245,2286,6.147986789311924,43.39798678931192,119.08,172.54999999999998,6.8143735824447775,0.9936615245583994,0,150,150,150,150,150,0.0,1.0,1.0,1.0,1.0,1.0,raw_runs/test/attack_sweep_bursty/level_120/pair_11.jsonl.gz,44a9383e8f724dbc67aca437283bef1ce12f77904afc0284b0ec5cb7694b2d43
test,bursty,attack_sweep_bursty,attack,120,12,1437341747633275469,3511160682749090487,10042814650808473716,a9a02cdf4e2a6b8d7fd6767361c7fc6ecfef8961a20497b3500b27ada1035f04,fbb1dbb19be40ffb91030388e20b7f5e35e40b722e7e02dac2213da2150eaf6f,150,2599,275,2324,6.071433618136301,43.321433618136304,120.97333333333333,170.0,6.846895998513837,0.9940079130241759,0,150,150,150,150,150,0.0,1.0,1.0,1.0,1.0,1.0,raw_runs/test/attack_sweep_bursty/level_120/pair_12.jsonl.gz,2103fb989bdb491b012f9c6b917b395cf3abf0df84160081ad05b13dc12e3cc5
test,bursty,attack_sweep_bursty,attack,120,13,14719362781366742488,8981918555081330760,18412639621132331322,9ca2f72d6330bc7979295eba30d70e29b1caf704628c2bcf44bb88a5eab1f22a,01b142b1cb4303ff6a8084b526cae2864cf83d8321902831b89fa7e156ee4e47,150,2634,269,2365,6.0836179590307,43.3336179590307,122.36,180.0,6.859814871426622,0.9945593323385385,0,150,150,150,150,150,0.0,1.0,1.0,1.0,1.0,1.0,raw_runs/test/attack_sweep_bursty/level_120/pair_13.jsonl.gz,e0ca9b9ccc8f655796e260c34f4b5e550778874d460463e42f1e350693d6a9a8
test,bursty,attack_sweep_bursty,attack,120,14,14474661752500536637,17617004064125541860,80669475586118984,aadf53e83138be966c48fc4650b9f82c73934c4c9882b4fe4000bb276a5a5864,625388c379279bb9af205d608254a1b841cb119ef3ba6e6794cfdf40a6362851,150,2539,248,2291,6.24231393270592,43.49231393270592,120.03333333333333,175.0,6.829048393555083,0.9940967185984562,0,150,150,150,150,150,0.0,1.0,1.0,1.0,1.0,1.0,raw_runs/test/attack_sweep_bursty/level_120/pair_14.jsonl.gz,34a195df0a920d367b7dc53387957e5b20410cf964a13b0920f93d61f76594b7
test,bursty,attack_sweep_bursty,attack,120,15,9057122810702578651,4543646872701268467,7540475410841380462,41284ca1a22c8fe03bdbabd13fca4b6df9ce68c81718d68cad5b36aaa06c0997,07f4c185ff247baffbad63d470ac39ec5de09c4a251538f48b375c40566cc84b,150,2550,257,2293,6.091740150517711,43.34174015051771,118.78,167.54999999999998,6.816377799795271,0.9950848953149399,0,150,150,150,150,150,0.0,1.0,1.0,1.0,1.0,1.0,raw_runs/test/attack_sweep_bursty/level_120/pair_15.jsonl.gz,a525bad1e99b0facbccdb899e9d6c782ee038a3c6cb1c81f456eaeaeb2ca53c7
test,bursty,attack_sweep_bursty,attack,120,16,12846439749721313369,7362486142867485648,677927368494314774,5306223a67fd603927f52d3edfc77f76991744b4448b92e32603d0eabdcf57b1,8e99a1f9eb35a0983fd496ef9f66215493fc61b48754df76fd5afde89f6a531b,150,2532,248,2284,6.064512845798391,43.31451284579839,114.43333333333334,166.54999999999998,6.758560073285673,0.9934878530108718,0,150,150,150,150,150,0.0,1.0,1.0,1.0,1.0,1.0,raw_runs/test/attack_sweep_bursty/level_120/pair_16.jsonl.gz,820eeeb289a5bafe2c93084ff0583d75a22bb774e01fae2540640d0d6d90b98b
test,bursty,attack_sweep_bursty,attack,120,17,9366898388875760307,11526361026516754993,5014763395610347038,b93c815b1c1524f717fe29c09f501d2c2ff263cf0a51dc423e69735f782b365f,af1e9f435fe8868402f198f6e12b7a3c98b7eea2ffb844d44318906b67ea7904,150,2592,234,2358,6.077640960550096,43.3276409605501,124.34666666666666,176.0,6.883306150154788,0.9940425173610379,0,150,150,150,150,150,0.0,1.0,1.0,1.0,1.0,1.0,raw_runs/test/attack_sweep_bursty/level_120/pair_17.jsonl.gz,596d716cc4268aeb08ba44196c219c7d3588aa92f3b95f43952b07876042b1a0
test,bursty,attack_sweep_bursty,attack,120,18,459606337061139932,17309434019910614744,2501636349304126578,34ea11c6cc27205c23a6bd8aa92768d3a12092213561505a645c81286f50b0b8,faa4b06792998d32cc6438e6cacb9e365623dea10939abc01a995a37e6d62b78,150,2721,260,2461,6.031956006548407,43.281956006548405,121.35333333333334,179.64999999999995,6.841401353069998,0.9934307326402506,0,150,150,150,150,150,0.0,1.0,1.0,1.0,1.0,1.0,raw_runs/test/attack_sweep_bursty/level_120/pair_18.jsonl.gz,965352d1e7d5a9ebd2340d2f57753bb27857a8887ef4c72375249bfb1e383405
test,bursty,attack_sweep_bursty,attack,120,19,18079239627301317534,123194317669093861,4588573694024981789,4fed31ca27edc43fc557eba82debcb5af7c9f752b16be8c20440885032b554d7,b94503ced58092f11add55413003cfbd7b4c2fc285d6e9e34f8c0435c88927dd,150,2748,272,2476,6.140093328849063,43.39009332884906,123.44666666666667,180.84999999999988,6.873410536748355,0.9952814729239269,0,150,150,150,150,150,0.0,1.0,1.0,1.0,1.0,1.0,raw_runs/test/attack_sweep_bursty/level_120/pair_19.jsonl.gz,f6dca2fa42533d437f0de3fc9fb153ff95aae6425d1ed133cb2d0b3dfa312c71
test,bursty,attack_sweep_bursty,attack,200,0,6244464861570204875,1183215605325143094,15907749265583154238,0a616c52a1d64c99be849e79d40009605deddd6f000a2642e5cc32f22e54cb62,523cc01b0e87be7a3618fcf6e4996dd19b3934c7476a47dca10a56e5e974de05,150,4470,444,4026,6.161421157703115,43.41142115770312,201.14,284.0,7.5722408558841625,0.9904145155666849,0,150,150,150,150,150,0.0,1.0,1.0,1.0,1.0,1.0,raw_runs/test/attack_sweep_bursty/level_200/pair_00.jsonl.gz,fcf63f62a6e4a27c3eb50abcd6ea6b246a34f17b138e3741a1262f6b837d8643
test,bursty,attack_sweep_bursty,attack,200,1,15499418933323906708,13973998937141136578,17882438942939768434,4ca879ecbb7124cf849c10534f16ad978854c5cf1a410a7d08001197e5fbb369,29b8f425da0602426347ba0cc9b92cbbb1f752e384a692abc580e43bf882308a,150,4417,460,3957,6.121395170632892,43.371395170632894,201.01333333333332,290.54999999999995,7.563178363847407,0.9909503505891413,0,150,150,150,150,150,0.0,1.0,1.0,1.0,1.0,1.0,raw_runs/test/attack_sweep_bursty/level_200/pair_01.jsonl.gz,2d91874982efb682e687afbdb47a8682f848f2b5790d1bc4da9f1a3dc88b27dc
test,bursty,attack_sweep_bursty,attack,200,2,5327217777066326399,3694338404923262196,14306968688506292010,9ef55218a0f72fce8821204a6405dcb572f0f94b30f0c19076879d2689e50b4e,dba811b637500e15faba79fcf7d4b9a3e77937012475376a25cc83b6b80b6694,150,4431,467,3964,6.001818689928701,43.2518186899287,199.28,287.54999999999995,7.555507391288596,0.9912692286601943,0,150,150,150,150,150,0.0,1.0,1.0,1.0,1.0,1.0,raw_runs/test/attack_sweep_bursty/level_200/pair_02.jsonl.gz,a95eb78708f3961310562c25bbb911ded40ceebd1fed8c8300fa16de2bfa1f28
test,bursty,attack_sweep_bursty,attack,200,3,13610089189584132482,8131595809746710667,8069722380059393305,f80bb35c763ba8842263fba57f3c70a04b4e9cab692162c8b8297d9e7d515ed6,51657b15699e2cfb77f62afe311c192cf6884b196c48a279230d03cd82d678a9,150,4382,463,3919,6.131788837158965,43.381788837158965,200.18,284.0,7.567043608454786,0.9916748910314728,0,150,150,150,150,150,0.0,1.0,1.0,1.0,1.0,1.0,raw_runs/test/attack_sweep_bursty/level_200/pair_03.jsonl.gz,6322034253f73fd73609d438e73703462c67e1cb226b70c96e9eddbbad960abd
test,bursty,attack_sweep_bursty,attack,200,4,8324496539110995588,14362473866316968579,2732836827785674496,c6ed23db98ebb46d17e2566b75862b0432a19f18ef0df8cb0168336867b6c241,8f65c27e9836553b867c68549c6eafa344ee8fd805afd5824d1741735834565d,150,4404,437,3967,6.212793074467247,43.46279307446725,199.76666666666668,284.54999999999995,7.5599241288841785,0.9918136127666124,0,150,150,150,150,150,0.0,1.0,1.0,1.0,1.0,1.0,raw_runs/test/attack_sweep_bursty/level_200/pair_04.jsonl.gz,5ae6cf1bccbf1cf25dcdeac2149708ac13453a7b75a4421e704dcee297769d96
test,bursty,attack_sweep_bursty,attack,200,5,15024157627771418902,16364490518133932789,14433205736520273455,aff78f473b3e62b8817925edcbdc704c88847914cd977df440fed51cd1b5ef45,bdfd3f96596123ef5aa07911abce77e4ea24490061426d44258b47bbfefef4b8,150,4266,423,3843,6.114419951716373,43.36441995171637,200.24666666666667,285.54999999999995,7.560592199316164,0.9903526892035931,0,150,150,150,150,150,0.0,1.0,1.0,1.0,1.0,1.0,raw_runs/test/attack_sweep_bursty/level_200/pair_05.jsonl.gz,62a633a285e21bf622f2dc75b0a3500f485eea302c89b9d39d53bedb98f72d66
test,bursty,attack_sweep_bursty,attack,200,6,370976341244047154,13051650883290848420,5745589403233918020,1553918a47e74d42d755cfbfcb81c043721f6b4d22d1aed5c71edaa6976b20b3,56a2c5bf7a81febe6f8ba5ef7014ae8e6e93e3f726ea0a7a39f93a826fe6b010,150,4178,405,3773,6.195429232988327,43.445429232988324,190.44666666666666,271.65,7.494381738048695,0.9921110463091048,0,150,150,150,150,150,0.0,1.0,1.0,1.0,1.0,1.0,raw_runs/test/attack_sweep_bursty/level_200/pair_06.jsonl.gz,d55f92bf382ce5fb14b7c3346b1fd747bfc32101b4261e876796e72020f5a537
test,bursty,attack_sweep_bursty,attack,200,7,3219024180408530195,2500295282128676561,15510970424392945761,2868f72fea63719b14e25e11e363d68307f0bcf85f303905e7192f900a48c2d6,28574117101a19febfd0fd79c4101b7f5b8089582afcb32b33d6742461e0cd7f,150,4376,432,3944,6.164017558590053,43.414017558590054,199.43333333333334,284.54999999999995,7.555495787440165,0.9895052542498782,0,150,150,150,150,150,0.0,1.0,1.0,1.0,1.0,1.0,raw_runs/test/attack_sweep_bursty/level_200/pair_07.jsonl.gz,56977cff7ed4b26e861f4ce8cd29ac364da9babd0deb6829108df4485abac5d1
test,bursty,attack_sweep_bursty,attack,200,8,9886612851880066305,6544157466683481380,11527304901330095748,e97b3135a8df99886c5616a2ad86fcd606745c2f042317cc731873368d409070,6f3f5df18399bba44981fca6bd01b6147a95ad1c2ee62168daf5a9401308598b,150,4444,455,3989,6.085762438951061,43.335762438951065,203.86,285.0,7.586007584539402,0.9888147859541616,0,150,150,150,150,150,0.0,1.0,1.0,1.0,1.0,1.0,raw_runs/test/attack_sweep_bursty/level_200/pair_08.jsonl.gz,5ef792159f8ecdb47f5fc0ed234e5980a0b01b6d9694db6d5567e5195e43bdd8
test,bursty,attack_sweep_bursty,attack,200,9,15870556802420508910,6226783974891202791,5083523645011077746,ede32d91b65b4eacbd6fe4f3ff31f5993fc98bf753257e65051f83042efd93ca,97574b74f9fc9a253e66b7df97fdb54e39230e48918d9ebf939a961896e7111f,150,4259,394,3865,6.093580239821864,43.34358023982186,201.49333333333334,291.2999999999999,7.575834399494446,0.9917358041377751,0,150,150,150,150,150,0.0,1.0,1.0,1.0,1.0,1.0,raw_runs/test/attack_sweep_bursty/level_200/pair_09.jsonl.gz,6a4a63d139aa1975abe03fd0dd4d665c532b4d4587dfc06864551dd79a3df55b
test,bursty,attack_sweep_bursty,attack,200,10,15203838369661115206,1613144383195996876,12933453668689687108,d4e0bf92cae9a8271c546ff00e8c4e49076cd8faed558ea7f35f26d96a6baddb,69e901ab374abad89f70d7ff184c741a1798562a4b1ef2313d461307b8c2b18e,150,4251,466,3785,6.158354504285287,43.408354504285285,195.74,278.09999999999997,7.526604588136833,0.9888285864277127,0,150,150,150,150,150,0.0,1.0,1.0,1.0,1.0,1.0,raw_runs/test/attack_sweep_bursty/level_200/pair_10.jsonl.gz,8acc9e899910284f467d4aad13b3322bde875eba92b1a9c05bdc0b209be4f229
test,bursty,attack_sweep_bursty,attack,200,11,7683858403345927260,7337104196067686003,15771659903865047330,3b3fef23c92cb2d28fa6345ca6fd16cacf4f5babb8794b74e072885e2c36822b,e9e4ac17614dd13f2f3c3b3cc4efb91d6548f4c2dce213a4f400cad286e1517b,150,4488,453,4035,6.123551774934856,43.37355177493485,200.02,284.19999999999993,7.559919537880202,0.9896590179195213,0,150,150,150,150,150,0.0,1.0,1.0,1.0,1.0,1.0,raw_runs/test/attack_sweep_bursty/level_200/pair_11.jsonl.gz,426695bb10bef2e67efe2ed3d9c8db3c1e4d0787009127d1e8569e1b4e43ab55
test,bursty,attack_sweep_bursty,attack,200,12,6311134007492821947,4130871909149489640,17884852795141381434,75c123089eb40112adf86d4d63e73e3d7c4da652f4911e116deaba5a788c5056,3d1f5e6f370b7c67f530f7c7218fa5753a069de0371b395642519d2f8acc950e,150,4459,461,3998,6.2389632008356966,43.4889632008357,206.47333333333333,292.09999999999997,7.615368808251052,0.9913262843023332,0,150,150,150,150,150,0.0,1.0,1.0,1.0,1.0,1.0,raw_runs/test/attack_sweep_bursty/level_200/pair_12.jsonl.gz,f03279a06e073f40e635a329140c49cf1301ef60aadd927d2b7e2bd872e42cd0
test,bursty,attack_sweep_bursty,attack,200,13,16950859001948405348,15895434542567619661,17721516856981892445,55b4b24d7cd5a408da1b035386ad9ed9f0b5e0e3c67aec593b3219cdecbdd1e0,8cc02d96bb8770b04c5e3c5921b1c69ed88dfbc5e7660ae4bc6d4e8a4f69fdb2,150,4350,468,3882,6.22978809426351,43.47978809426351,200.84666666666666,284.8499999999999,7.565607833729688,0.9882785170114895,0,150,150,150,150,150,0.0,1.0,1.0,1.0,1.0,1.0,raw_runs/test/attack_sweep_bursty/level_200/pair_13.jsonl.gz,1865f45ca9702d4aa1bd17c6ec14a4f6dc9d55dedd08d248dec37aacb98d15ad
test,bursty,attack_sweep_bursty,attack,200,14,16974673210848834108,8452702851695548547,15064670483591741423,7075c6c5b0fca93143669986de7010dccf7698760839a4240cc04f73b0246465,3871ca74f399384d77f7e210a851b790013078acc86d07ed0b39d53be5b0de71,150,4348,394,3954,6.126450498122583,43.37645049812258,204.54,290.0,7.594166072180216,0.9926233776982031,0,150,150,150,150,150,0.0,1.0,1.0,1.0,1.0,1.0,raw_runs/test/attack_sweep_bursty/level_200/pair_14.jsonl.gz,b41948cd48b553b385a51e2bacf4d64957b70fcaba9ddafb88545ae5b869b44c
test,bursty,attack_sweep_bursty,attack,200,15,16933897845982676019,5524196988270083756,11449269866157372233,0736df471bc54e65617e8dc3f7e9a49dbeae5edf459994651938e7081cb340b2,4d748ef399db74ba90a234cecd092d18e2833dbf22e3d19341f35efe1e6817e9,150,4225,421,3804,6.238575196797134,43.488575196797136,197.73333333333332,284.54999999999995,7.547347862672182,0.9923581933288684,0,150,150,150,150,150,0.0,1.0,1.0,1.0,1.0,1.0,raw_runs/test/attack_sweep_bursty/level_200/pair_15.jsonl.gz,6405c6f341c3d48bc3154c234219f188b5a12acf889f251f0630eebd60742167
test,bursty,attack_sweep_bursty,attack,200,16,15885110187064147692,57442648831050994,12262997356226086925,d9a384c561ad8a644695bbcf086d796c74555a9b65af3068fe85653ebab104ee,556f9d3cf69b5e2916f8f2576ebca8a99c0684202a1f67d53dde87f5eb93f0ad,150,4195,446,3749,6.034544019592463,43.28454401959246,199.59333333333333,289.09999999999997,7.548285595649101,0.9892711619388952,0,150,150,150,150,150,0.0,1.0,1.0,1.0,1.0,1.0,raw_runs/test/attack_sweep_bursty/level_200/pair_16.jsonl.gz,eb8a26066a813638c0750c0526f29087b9e3076fed85387283504fd75be7fb7a
test,bursty,attack_sweep_bursty,attack,200,17,16082895555938700704,1591820421127213634,4425531689569750914,48eed4a7f38e8dc0c334d87ae91b066dc92e047bd10e9d9c75794159f7783419,2ba76d647fe2820a1e7ae2550cb4409d7e991c06999383dbc4c6b533e93b53ac,150,4407,448,3959,6.192388495175628,43.44238849517563,199.66,284.54999999999995,7.558047511981649,0.9913634972209392,0,150,150,150,150,150,0.0,1.0,1.0,1.0,1.0,1.0,raw_runs/test/attack_sweep_bursty/level_200/pair_17.jsonl.gz,af00e74348e7c67fa5b266d5ae961aa160fd90c7b3ecb139b05615a3fee7695e
test,bursty,attack_sweep_bursty,attack,200,18,11074568029261538688,11718188790058518948,7952911216406921071,7f19b6bc4a791df4fe5c1e42712738a696104a3b8fb161e89f9722daaa26de4e,524e81ff335a2206fca64cdbbbe95dca2cd7080ac4fab5c0b03a0bd10cc5bb7f,150,4324,444,3880,6.240930009018878,43.490930009018875,196.22666666666666,280.0,7.535675066934,0.9907909523365441,0,150,150,150,150,150,0.0,1.0,1.0,1.0,1.0,1.0,raw_runs/test/attack_sweep_bursty/level_200/pair_18.jsonl.gz,3ffeb56c98deb32535ed2e779406e6f1a769f0d2b2d05686b517f1d791ff802f
test,bursty,attack_sweep_bursty,attack,200,19,16704663931438455338,13502363092250765548,10952474130777891961,bea5ea49f507bf35c3ad4ddcc668b0d8d5477e6c2cb05c8168243c32632c4328,a42a653d1d6e10080540675d09be6e2bef23ee0642efb9afb4ef063593d1c9c2,150,4240,425,3815,6.051359015258408,43.301359015258406,198.81333333333333,286.0,7.55115142394298,0.9911060420275548,0,150,150,150,150,150,0.0,1.0,1.0,1.0,1.0,1.0,raw_runs/test/attack_sweep_bursty/level_200/pair_19.jsonl.gz,95b0f4e516a47bd7bd5f125ec5baffa4fd8d8656acd03d054d6b6d22c8116604
test,bursty,benign_bursty,benign,24,0,7031087724318038522,521999132909312506,444502564299328626,cd5ba418c5ff607e74ecaf1189b93052dc76d3082604b3a5efb7e726e085c221,87fa7bfb3d9e1dae1815cc39287f1deaad7c4bf5a2c0d202a30d3dd4381b6b66,150,519,519,0,6.114400702023729,43.36440070202373,23.7,37.0,4.468751581266744,0.9934951281824362,0,150,69,69,125,150,0.0,1.0,0.46,0.46,0.8333333333333334,1.0,raw_runs/test/benign_bursty/level_24/pair_00.jsonl.gz,c0f7c00cd90b7798f49246bd6f35cc4d0af5e94b6f13cc4bedf9dac096d781ab
test,bursty,benign_bursty,benign,24,1,18299917803484112097,14549112322483931621,7407477101400667555,ca0d5f930818d17b11593579194b7f5c247c807c53b7b4555c3c7fcb475ab2a2,dad5933368c7500acde12d0e280cc22b9c13a6b78c4c578a79061c67a47c26ba,150,519,519,0,6.016470860519395,43.2664708605194,23.46,39.0,4.4429028812176075,0.9987803978794246,0,150,75,75,119,150,0.0,1.0,0.5,0.5,0.7933333333333333,1.0,raw_runs/test/benign_bursty/level_24/pair_01.jsonl.gz,c361db7e2b026a02dc65027d7b89cca7b26f52a68a6f616158b0994bddcd6875
test,bursty,benign_bursty,benign,24,2,11731983724895013540,13024542973532231930,11168402352704962770,161d6cd0635ee1d5647bc504fcf4520cc3acedb08ce10c662bf595d38696dfab,eb242833172e7d5adc67a16463c10f4d635a48246c1ef0dc9d00fda995b406ab,150,498,498,0,6.05431002792076,43.304310027920764,24.033333333333335,40.64999999999995,4.455014290268395,0.990761182276079,0,150,73,73,117,150,0.0,1.0,0.4866666666666667,0.4866666666666667,0.78,1.0,raw_runs/test/benign_bursty/level_24/pair_02.jsonl.gz,f46288fb999d483802e27ce987db8e7a38a737c17ae31b448b6cd12b48fc59f1
test,bursty,benign_bursty,benign,24,3,15427335249318728485,16968161023381961262,14516313432479827648,0def5a0953ea76b11e8bd0a375dddc9ecdebcc6a5c3f2fc384a70858e4583dec,129768bf4ed7b69c7f8529b4c6e7268eab74d98ae58850b1e35e6628d2a317e6,150,510,510,0,6.07408881053318,43.32408881053318,23.56,41.0,4.404076370999851,0.9908884965885255,0,150,70,70,113,150,0.0,1.0,0.4666666666666667,0.4666666666666667,0.7533333333333333,1.0,raw_runs/test/benign_bursty/level_24/pair_03.jsonl.gz,6542e2f573ea29d0fbeb0892a13a388fbd94737c133a7ed5e16c540bef83a44d
test,bursty,benign_bursty,benign,24,4,10941371021059456085,2598864490307091718,783360630308584777,f0aed36c0dbd639f8446cc8b05530daa419af11459210b8966f1eab29a5c666f,385409fd6515f6df8874f31b0b0b8d9b21b4e0248876d3aaee26e87b13a0742d,150,513,513,0,6.021664721593212,43.27166472159321,24.26,36.0,4.509108136869632,0.9947585626127625,0,150,84,84,128,150,0.0,1.0,0.56,0.56,0.8533333333333334,1.0,raw_runs/test/benign_bursty/level_24/pair_04.jsonl.gz,49db98cdf58b25a571301dc55d3b188fd0e72b6a92fe13c469f68a9355ef6250
test,bursty,benign_bursty,benign,24,5,12256277931077687574,10261321010413077719,6481431341507642299,333c627ca6584b0682606529b2e462fc9dfe241529b61bf1d6dab3b50d4e1ae8,f5de13deae83e6e438d438bc7af33908e0a9ba8a3f9435f9139290fd99150b25,150,534,534,0,6.186963034214351,43.43696303421435,24.366666666666667,38.0,4.484877848591153,0.9930416622997306,0,150,76,76,127,150,0.0,1.0,0.5066666666666667,0.5066666666666667,0.8466666666666667,1.0,raw_runs/test/benign_bursty/level_24/pair_05.jsonl.gz,fdc6e99ab08c719d8b1214ed985152dd468aeda9c392702f412952a356c77f44
test,bursty,benign_bursty,benign,24,6,14362360602421453026,9829941686261655947,12734190377424887418,d66e486150c19eecdf2159f2da348404d1917b09e7b028d0e798b53a34a1fb1f,4047a996e3f3c363426f84efee8804e41791cda84eb2c79659c9a6a9f1dcf313,150,517,517,0,6.165369743402512,43.415369743402515,23.58,36.0,4.468416818763205,0.9970440633338747,0,150,75,75,120,150,0.0,1.0,0.5,0.5,0.8,1.0,raw_runs/test/benign_bursty/level_24/pair_06.jsonl.gz,e457de2c2b1bd38be832bf5997bd2ceee04f41d95be8ef69fef24fb50d3f43be
test,bursty,benign_bursty,benign,24,7,11806216866448157296,5641573086108471734,12033247235716996940,a20b170461eb7cd5b429af47c7dd67a4870a69335c97ef57b4b1b6d734cc177f,f1338bdf8e51c884b73a94845634f51b3fa1c20412c84944eb701e5ddc3edb36,150,486,486,0,6.065554697723137,43.31555469772314,22.76,36.54999999999998,4.417387191634881,0.9946918255338357,0,150,65,65,121,150,0.0,1.0,0.43333333333333335,0.43333333333333335,0.8066666666666666,1.0,raw_runs/test/benign_bursty/level_24/pair_07.jsonl.gz,02397cc11aa7ec6a59ca27caa33833da32cc0d589701009e8251ff50d59ccb9f
test,bursty,benign_bursty,benign,24,8,2107769414726670299,5053104952758278221,16251300694104686636,87692d981c36616d17e24e7c52a99e3401f350ba73299b4d0214c39bd1b18284,61325d036c63409e4a2899b52dfb58a8e64885735d6e09ec4d2eca35096175c2,150,516,516,0,6.019586511624109,43.26958651162411,23.733333333333334,38.54999999999998,4.47215026983469,0.9930792428383783,0,150,72,72,126,150,0.0,1.0,0.48,0.48,0.84,1.0,raw_runs/test/benign_bursty/level_24/pair_08.jsonl.gz,99b22bbd82620f41b0f7bde0e4c1fd549aca93698e4d29c8e4858df029a156bb
test,bursty,benign_bursty,benign,24,9,11358452612906502398,14465317457533706838,17438462786830919036,7c50eefad4b8f1eb75f20632672a0556fa93f68920e62ee0be1623a7cafe8104,b1322b5aa4ba12f380385cf08fdc1a03b54d811b917a7a68d0413d5bb95cba5d,150,494,494,0,6.102034585459206,43.35203458545921,22.84,32.54999999999998,4.430278672425588,0.9932776537829462,0,150,73,73,120,150,0.0,1.0,0.4866666666666667,0.4866666666666667,0.8,1.0,raw_runs/test/benign_bursty/level_24/pair_09.jsonl.gz,0928fedb78bb8dc3146b9c19b25cc7e0698f1939b1e4cef381834c26f175bb58
test,bursty,benign_bursty,benign,24,10,12957076017819254940,8346406131059714819,12578814462851931978,4aa1bf3e00feeaf138c7c3d1e0d8397e7fd8ba1b7598597f0fdbe0bd45f5339a,5d20e5688425be9f9db0bfe75db6ad12e2df59966efe390a18be5a4a8ad7097a,150,550,550,0,6.104416313931075,43.354416313931075,25.62,43.099999999999966,4.555453830580555,0.9904788136348884,0,150,79,79,124,150,0.0,1.0,0.5266666666666666,0.5266666666666666,0.8266666666666667,1.0,raw_runs/test/benign_bursty/level_24/pair_10.jsonl.gz,5a3af74a0a0ae5ad9893b5738a4648d366fcd97156f1852947ebe74c9a12f254
test,bursty,benign_bursty,benign,24,11,12938451552124007813,9940534528171644088,3915180572852334340,c28614727aa94274a815732025b85e17e8fde05cf602cb2f3291b5e47c2ec3b9,df55bdaea7ce21fd97c6713f8915573f6586798879316bdf63a84bff187500be,150,488,488,0,6.007709966795945,43.25770996679594,23.206666666666667,39.0,4.409511909389245,0.9854514830846806,0,150,68,68,119,150,0.0,1.0,0.4533333333333333,0.4533333333333333,0.7933333333333333,1.0,raw_runs/test/benign_bursty/level_24/pair_11.jsonl.gz,2199c64c9861520619af93c205d5a069835042440130362758ea7a9b3dbaa9e0
test,bursty,benign_bursty,benign,24,12,17290730975127025859,16248527617210306373,387386428970809142,9bef694133e1d1add0075a542883c2a6bef11201188ba1f1de4ea3ec39ca1c2b,bc46dd86cd0cc13bb1296644f60e7f650f912c1d068e5fb87e7c15f3c0906d6e,150,528,528,0,6.116434518338851,43.36643451833885,23.993333333333332,38.0,4.468229984253846,0.9886208936351568,0,150,73,73,122,150,0.0,1.0,0.4866666666666667,0.4866666666666667,0.8133333333333334,1.0,raw_runs/test/benign_bursty/level_24/pair_12.jsonl.gz,8866c16f746287de56eda2672793ec92df6c839faf1ada14ffd30d739952e11b
test,bursty,benign_bursty,benign,24,13,15398952453020799613,2269231728745071893,13458650548899104031,e3b89c4a29d0698ce7e415188854c89c47ee4b3cd07760f457f9accbe7ab398c,711cb59c624cd5380146382a244067f46e72314b3995ea24be69ceae0e493166,150,509,509,0,6.203296984693126,43.453296984693125,22.76,37.0,4.405911100236931,0.9941879453838484,0,150,68,68,118,150,0.0,1.0,0.4533333333333333,0.4533333333333333,0.7866666666666666,1.0,raw_runs/test/benign_bursty/level_24/pair_13.jsonl.gz,7fa234bfa6040e5d3d1fec15d121f0ea1df1e8d254690a268f44afe38a46215c
test,bursty,benign_bursty,benign,24,14,1528823186042818636,2015516010930686336,5981732789506284639,e137f396c1fecbf4ce8b4f888e08b2e843460463822a6e0817bd4f7283694208,9c596898bccc4f1ab493d5b4837bdd79d0d3d283041035721b3be7e18d9b9831,150,557,557,0,6.037121485432639,43.287121485432635,24.846666666666668,36.0,4.543920337994009,0.9933251798378482,0,150,80,80,132,150,0.0,1.0,0.5333333333333333,0.5333333333333333,0.88,1.0,raw_runs/test/benign_bursty/level_24/pair_14.jsonl.gz,21e7d699bdbc11f454927d2d1918659f12a594e14671b7bebd4119e8fd91ae8c
test,bursty,benign_bursty,benign,24,15,3348558786788259330,11446981430502276868,16604358317960529736,5cf7d2d5cf01c78f8de95b3c0aa3545bfe1e21ef3227c05d4b692149944eb14d,a828154abd5a7ce838ee5496b34140f62030241fb6cf6924e4c231fc08e2154f,150,549,549,0,6.21773039354327,43.46773039354327,25.966666666666665,44.0,4.570334534245109,0.9902363367598727,0,150,81,81,127,150,0.0,1.0,0.54,0.54,0.8466666666666667,1.0,raw_runs/test/benign_bursty/level_24/pair_15.jsonl.gz,b3a6493b7d16ca74bdfbac5418116f9bd66148a60fdd3b1d371634c8bfd4528a
test,bursty,benign_bursty,benign,24,16,3904011933236831565,14107443848382601732,1729652104613616218,849a1d75af6c8994c9071f8dc4c508ae756c27c96d458a16ca38643af5d9f67e,59b7f07c7f073432fb7a439fef87f737888a6145f8db2a80586fd3736895ea3a,150,544,544,0,6.2053573058267455,43.455357305826745,24.133333333333333,39.54999999999998,4.4598980748836015,0.9920016733510626,0,150,76,76,120,150,0.0,1.0,0.5066666666666667,0.5066666666666667,0.8,1.0,raw_runs/test/benign_bursty/level_24/pair_16.jsonl.gz,a434f2b9ee36d10b641bf629bc51441483d78d873923d2c4ab4cf232e84df470
test,bursty,benign_bursty,benign,24,17,2699201686156082149,10321045553301550088,3934837143288803490,68e425e1b5b41cff2d07b5fc99a70fa2b833f127b9c3a813f0b5d0a99105051e,2dc57249cc31f5f4a1b96ecb6142dc4e441dc8064cdfe1a960ed5f52d54fdbfb,150,537,537,0,6.1050234714495115,43.35502347144951,24.166666666666668,35.54999999999998,4.511650069403542,0.9929358546604707,0,150,80,80,130,150,0.0,1.0,0.5333333333333333,0.5333333333333333,0.8666666666666667,1.0,raw_runs/test/benign_bursty/level_24/pair_17.jsonl.gz,975fe093a1f14957d216d9d24bbd09c57f682cd00354614e35f829f2ceb2f28a
test,bursty,benign_bursty,benign,24,18,8606871396493972771,13721112442664091815,4991869423216001066,b0dd71d649dfd38fa281e4e67c028dfb8a37f15a537e2e24d801b52e57dab4aa,0ab8a21d88bce862142ec30e011aee09a4278b8070cfba676581f8787989739c,150,530,530,0,6.164340058731557,43.414340058731554,22.94,37.54999999999998,4.424192141006042,0.9960487073401627,0,150,71,71,122,150,0.0,1.0,0.47333333333333333,0.47333333333333333,0.8133333333333334,1.0,raw_runs/test/benign_bursty/level_24/pair_18.jsonl.gz,0623feeb4daedf329a3689855c0796a77a2391d9f07ddd9ffd325a2d140c367b
test,bursty,benign_bursty,benign,24,19,15222006655384463927,14384269102284837911,2182652014222323358,16b98634a47d449ca740ac0b39d0b098555bbcb3c3b52a8eb3b5127b0563aff2,825a565b941005aad9a485f26532570d7ff7af2db08fb8569974c53356bf56e2,150,523,523,0,6.128969856357267,43.378969856357266,23.72,36.54999999999998,4.468883391237808,0.9938080285798427,0,150,74,74,122,150,0.0,1.0,0.49333333333333335,0.49333333333333335,0.8133333333333334,1.0,raw_runs/test/benign_bursty/level_24/pair_19.jsonl.gz,1fafb929ab3752e6e4d22ed2b63d1196ec764ff34547d120485430baeb58121a
test,bursty,benign_bursty,benign,60,0,4728291661238065303,3256045249883301069,13039768009876027381,b4f7c93bd63dbce9d6e2fb6ca0bea57d0831322083a674f359ea50d9c7cf2a56,609643504ca3e186ddbf84976c8d2bcd6821a6661d4954db3e4d89371849de26,150,1271,1271,0,6.0270900011448925,43.27709000114489,59.66,88.54999999999998,5.799076153047597,0.9858184342542654,0,150,150,150,150,150,0.0,1.0,1.0,1.0,1.0,1.0,raw_runs/test/benign_bursty/level_60/pair_00.jsonl.gz,8e2064c82ea62a8091bdcd4c6d33152973206789dc186b278580cea44adc8bb0
test,bursty,benign_bursty,benign,60,1,10626907232040107754,12733732827271703484,10432158054626902460,46a3066797aabdbae93b252fe2f7fd23c41ec9654787ed4adfd55da0e103fa98,4312d02cadd3942cbc0146b2d3d5ee4d1553646179855664a9cbca184edbd559,150,1372,1372,0,6.056757347910395,43.30675734791039,60.70666666666666,87.0,5.8268816586306,0.9842784929047048,0,150,150,150,150,150,0.0,1.0,1.0,1.0,1.0,1.0,raw_runs/test/benign_bursty/level_60/pair_01.jsonl.gz,f55ebdb894ed9ac74c90e3bd0ef1f97e4d2a665f24037bfd1719fcf4cd920a85
test,bursty,benign_bursty,benign,60,2,12193141472780891747,2280695331476173544,7329899822002328909,3de8347be1234adbf76e9e73ab8cc99c4c47b7ed7763c026eff861dde14d36d2,3cea94406ba8245b0255bde28b6da10f0a7311ca2f3cfa72cf258d32cb8369d0,150,1288,1288,0,6.145152045870287,43.39515204587029,60.85333333333333,90.19999999999993,5.827914569274481,0.9856463830402792,0,150,150,150,150,150,0.0,1.0,1.0,1.0,1.0,1.0,raw_runs/test/benign_bursty/level_60/pair_02.jsonl.gz,b4a0b6cd0c0b3827db6629085a9702cb20bb24721742cfdf55adaf02cb95043b
test,bursty,benign_bursty,benign,60,3,13957978195480844126,16137068541999678016,6711364123799898070,a8b2b94eab8ea9243b22afecf4b4199818c75f9d6464fe4470fbd60f16399f55,9bcbf7373268a27d7e2d1ba567d09364600ac741ad8026de0ee764eea9d8d630,150,1301,1301,0,6.17597216943645,43.42597216943645,60.75333333333333,91.54999999999998,5.831243963443774,0.9848006494017182,0,150,150,150,150,150,0.0,1.0,1.0,1.0,1.0,1.0,raw_runs/test/benign_bursty/level_60/pair_03.jsonl.gz,4bddc41fc25ee3fb01780149081ca3242fd19d31c88d29853612f175f9cc7ac5
test,bursty,benign_bursty,benign,60,4,16157349877590930817,8265084416615399815,17263596027417360675,126532c429d00d98653d307bca4e7fa9d95c2363cfd12ba8989fe956761c6107,b1827c2ac42da0551d7989303855eb8d35ccfa5c7430955efac24a8b502e7ad4,150,1302,1302,0,6.043837545416029,43.293837545416025,60.1,87.0,5.820862979885334,0.9880208878859112,0,150,150,150,150,150,0.0,1.0,1.0,1.0,1.0,1.0,raw_runs/test/benign_bursty/level_60/pair_04.jsonl.gz,5dbfdb5b01ac00505abfea018d023d3b17cef8f3ad9b478fb6a8a6a6e43e552b
test,bursty,benign_bursty,benign,60,5,5365915920768804960,1444703689198968028,9885930283635600459,3855cb1ab9cf5cc611f41425e99e6626eed89b03ae48ee84f90487456fcd6438,cef70b0b67676ca7402cd41f380185d2d9030ce5c0d8d03ca12ead4f448ef10e,150,1318,1318,0,6.14317382126017,43.39317382126017,59.63333333333333,87.09999999999997,5.800622278531758,0.9863069924444865,0,150,150,150,150,150,0.0,1.0,1.0,1.0,1.0,1.0,raw_runs/test/benign_bursty/level_60/pair_05.jsonl.gz,4dba4f440c562f01e061eef0df38983ccc603c0649276c8f2a75c09845c96c9d
test,bursty,benign_bursty,benign,60,6,3481910348492203474,10101454239527221363,17377491778791444596,3a010f8cdda0b561635e8c5fcf756f217095a6197780512e60c158e57c39697e,3efd9a0fce02b40f0b852d693fded3163dd1affaa1ba358dda8e7ea91e33b670,150,1306,1306,0,6.029187178585506,43.2791871785855,58.88,86.0,5.785403605812515,0.9887398485128865,0,150,150,150,150,150,0.0,1.0,1.0,1.0,1.0,1.0,raw_runs/test/benign_bursty/level_60/pair_06.jsonl.gz,75ebf46765b98c2b651913f2b32091a89f6d6c6ef1a296d049d5b44abe938a77
test,bursty,benign_bursty,benign,60,7,5607973933383313552,15594808418798255805,11668774991284141463,ab885e8ff00bcf5923d01d1404f1cfc5ffd3ae3b1c8692df5e6371cc760f7c7e,3751e8a4383524b883ec3b6121096588b5b5d9b885b818a88ddbece86542f50c,150,1233,1233,0,6.006516981060812,43.25651698106081,57.21333333333333,86.0,5.749533472353141,0.9903581974311134,0,150,149,149,150,150,0.0,1.0,0.9933333333333333,0.9933333333333333,1.0,1.0,raw_runs/test/benign_bursty/level_60/pair_07.jsonl.gz,b789e7c6394b29c6cba6cf45366234d68c78debd6c4678992783c5e0619633d0
test,bursty,benign_bursty,benign,60,8,117741995419115625,3410315107802305461,10671344833319657244,3c9185bb9ad283538ede111fe7f65fb64bef9f637ea82915911e071fb1d6ab9e,d53607bc240b35042cb793c1de25617bd88dd03ac916a6815b681d44e18c84a5,150,1257,1257,0,6.088558708729074,43.338558708729074,60.71333333333333,88.0,5.829017613953852,0.9865919011361469,0,150,150,150,150,150,0.0,1.0,1.0,1.0,1.0,1.0,raw_runs/test/benign_bursty/level_60/pair_08.jsonl.gz,3bd806f22ce9c33fd2976f37bea877ebaf1de8caf01ff49c2de308c6bdacc2bc
test,bursty,benign_bursty,benign,60,9,2878065899226068233,5763900466979319014,816254412983183635,0fd463d88f867e1043fe26e14a65685dfac142c46d435a7bc98e3c06c8626082,e717df89e2ed85d3db4631a90ea78033cd83b4414da86951c76aaf663bf68d9a,150,1340,1340,0,6.203735273524038,43.45373527352404,62.6,89.0,5.881611710836218,0.9888633633798706,0,150,150,150,150,150,0.0,1.0,1.0,1.0,1.0,1.0,raw_runs/test/benign_bursty/level_60/pair_09.jsonl.gz,2ddb34c442702c80a9e144f5ef18491d54cbd97a298b91cc01fc182ae2736c48
test,bursty,benign_bursty,benign,60,10,78743034156872817,7744895399556128114,4519915359307138169,65fd437223162bc0dc1288c1586ae9a57e20189b64b33069487ae16f5135c1b6,be0bc4d676d38c799f4cd8be77590f430fc058f73e5c820dcd12e513edc0f9a7,150,1278,1278,0,6.218271618288086,43.468271618288085,59.153333333333336,85.0,5.794681313409056,0.9878727968612334,0,150,150,150,150,150,0.0,1.0,1.0,1.0,1.0,1.0,raw_runs/test/benign_bursty/level_60/pair_10.jsonl.gz,2917c20533f173a1c4bda933968aa55f651f698fb1d0ee8ec3dd9c51880a2b4f
test,bursty,benign_bursty,benign,60,11,11959727002202433164,13974460987346353953,1171038325795760593,0e5962392d0ecbc89b794cbe45fdc512eff2474e67cce792a3c90b8ddd5de223,4388fa1a9da112631e30b8573414ab440300a6f76265bcc9f3b838e11e049a9d,150,1331,1331,0,6.0335153168346505,43.28351531683465,60.77333333333333,85.54999999999998,5.8265436399293336,0.9835573123185032,0,150,150,150,150,150,0.0,1.0,1.0,1.0,1.0,1.0,raw_runs/test/benign_bursty/level_60/pair_11.jsonl.gz,c1817199bb10973ebcf9f1fbda383255c74ad3d25c97e0c62932dcf9bbbac835
test,bursty,benign_bursty,benign,60,12,15204481003135083174,11587197522998189836,12455466616995120937,bc0455882bf973153dc18daec66903155dd538011a246434893fd147bdb90273,9c8fbfde1551f3b30d8c831e0c1bff25198c22c1a8cf379cb7b5cf65a3275ab9,150,1263,1263,0,6.003768610927332,43.25376861092733,59.89333333333333,87.0,5.806272985788639,0.9861362148202485,0,150,149,149,150,150,0.0,1.0,0.9933333333333333,0.9933333333333333,1.0,1.0,raw_runs/test/benign_bursty/level_60/pair_12.jsonl.gz,5a8b13c9bb867eb382293fcb026355102560a30c877bfab4918272be99877fec
test,bursty,benign_bursty,benign,60,13,10871333545479817243,7563558602441166387,6168568347771512340,714b9613dea4d2ceeb12ef5eb4c3d8f65b51c5c1e8ce7a649d685c38f2b47882,785102fde87ad8a70e99844ea3295db64f9b66cae0f5487ccfcc7ef3f4c8255c,150,1397,1397,0,6.18475018903361,43.43475018903361,62.78,94.0,5.85962433971083,0.9834212191356625,0,150,150,150,150,150,0.0,1.0,1.0,1.0,1.0,1.0,raw_runs/test/benign_bursty/level_60/pair_13.jsonl.gz,798778873a6438693cc219efe9fcb2b3dea4715d1c40f778924de35214eb2dee
test,bursty,benign_bursty,benign,60,14,2798099764286777473,8986116746278208679,9007475769579974256,938550ee9e758ead76d63628d7c7527eb2a1cdd344d927e3908d1ccbcf9a578f,311fa6c2a384362f7e9d2f7ae866ae4c97f5cb6e40067c9c28f476a2069003a9,150,1289,1289,0,6.045167905239544,43.295167905239545,57.63333333333333,86.0,5.736853258302788,0.9844275750544019,0,150,148,148,150,150,0.0,1.0,0.9866666666666667,0.9866666666666667,1.0,1.0,raw_runs/test/benign_bursty/level_60/pair_14.jsonl.gz,2409ac45da4d307d86b43b89d0f657cea9f3d9a35a85c4abff43afd055200ca7
test,bursty,benign_bursty,benign,60,15,17097306720387306107,4114087812797548196,11896658454210599186,89c538ccb4914afa58d8f70c55f5c533bba23dd6d543c53841b4ca661c5dfc40,3b7c187855a3eed29a3d316241275d6da11f394da6df4292cf7273c222f917cf,150,1300,1300,0,6.238672133476845,43.48867213347685,59.81333333333333,91.54999999999998,5.808152275313852,0.9865383822105078,0,150,150,150,150,150,0.0,1.0,1.0,1.0,1.0,1.0,raw_runs/test/benign_bursty/level_60/pair_15.jsonl.gz,6b073db1ac840478848a206e22523a47b01d36f6a31798677c2ed39d840b3380
test,bursty,benign_bursty,benign,60,16,1684478467566215520,14681944726587086290,6985629303606511074,84baadbdc8521be632dee4e2375859c94dd9877fef904280c2e7959a84239e5b,4dcc027ecba96ac6488452076a24f5f5ae9e8034b184f25f0c09159d5eacbf04,150,1280,1280,0,6.03358522822634,43.28358522822634,59.36,88.09999999999997,5.785654449224402,0.9875015751188213,0,150,150,150,150,150,0.0,1.0,1.0,1.0,1.0,1.0,raw_runs/test/benign_bursty/level_60/pair_16.jsonl.gz,b90d9e6b05b99c52fb98459d940be0b950c99dd12149bca5e78a7449a4af4da0
test,bursty,benign_bursty,benign,60,17,14235558214642707832,17856287676692079206,2705748920624525277,2468f017fd0c4ae2dadd5bc76716e10278864f463ea5063a267398b8a72da19b,b2966ff90176c3d6cfc3e2ba757210e6a8a741a5a7ab3f3b191ec208e81fc55e,150,1372,1372,0,6.222332430217775,43.472332430217776,61.9,91.64999999999995,5.838324908403644,0.9803885344123231,0,150,150,150,150,150,0.0,1.0,1.0,1.0,1.0,1.0,raw_runs/test/benign_bursty/level_60/pair_17.jsonl.gz,a1563fa09928eb2f6512f65bb29e018e9bcf401a1470a82c6752e40b445519df
test,bursty,benign_bursty,benign,60,18,9804069978694791450,12954677911242742428,11972951785033017450,a004962f8cdd7d1a651f4bc59f1b0958967835928083fa573cbd5da2f58a8028,81f26f7c582d14608bd363381c6acae8f3f1f3d6df9ff08340714c2af354eca1,150,1208,1208,0,6.019564879984748,43.26956487998475,57.32,82.0,5.746679066207863,0.9840106330127613,0,150,150,150,150,150,0.0,1.0,1.0,1.0,1.0,1.0,raw_runs/test/benign_bursty/level_60/pair_18.jsonl.gz,ffe8983d3b393fca858336a3a2d3d36c1fc40fcb9af3bfc0ddcace1a6594da72
test,bursty,benign_bursty,benign,60,19,2893823591515303878,18222017690021044820,594861234652769343,8452e5afda41dd507e21fbb7b7aacce3c7a17ade8c90d545f48af55814fb0f1b,0567cde63c193b98abbac43926e4d6db5613fc17cba5c6eead1c76fa209252f3,150,1297,1297,0,6.150511731269282,43.40051173126928,57.873333333333335,84.0,5.760107906560285,0.9853723641456626,0,150,150,150,150,150,0.0,1.0,1.0,1.0,1.0,1.0,raw_runs/test/benign_bursty/level_60/pair_19.jsonl.gz,407a22a3f6b6fd01b5980cd0e0468a5374b42f78f3032e6152d2b55af4335368
test,bursty,benign_bursty,benign,120,0,17677778801770958739,6829398312328068154,12718203004814404258,fbb467ad009618b8b1312566ae15b958bb4987c25663c0efeb8b1640d20f02ca,f1d429a74aefbaff5ff76c3de0af927dfc8d6e31313466866867632d147ea386,150,2644,2644,0,6.231272544082715,43.481272544082714,123.22,177.0,6.820710871813006,0.9730406024635723,0,150,150,150,150,150,0.0,1.0,1.0,1.0,1.0,1.0,raw_runs/test/benign_bursty/level_120/pair_00.jsonl.gz,3a33d61708170b596d2c3959bc8f474bb823ed94527b5d2e55297ed75594c787
test,bursty,benign_bursty,benign,120,1,8508802059021800781,930787583123559901,506954954702634113,46a4adcd1fbfc500df817a1e15bd450e6fcb170eb11b84af7175c07ff58dc446,3648af7bfe2856ab9baa0a2525b4d0456301932e039c0175204ac48ec932d90b,150,2500,2500,0,6.080903798955948,43.330903798955944,117.18666666666667,166.0,6.763106350617934,0.97554562194334,0,150,150,150,150,150,0.0,1.0,1.0,1.0,1.0,1.0,raw_runs/test/benign_bursty/level_120/pair_01.jsonl.gz,148abb8cce6ad40dbdcfdedea7e5f30ce6570d932d3e9c0be4d7d22dff3187fc
test,bursty,benign_bursty,benign,120,2,14012732547975858607,2148828941729288347,6766705188605012955,b6a16b5493bd6f2a293ac33fcf2d9b81fed24ca18012974e1a0c52bfac87dd03,f6af602ec5b4cd5f61735a81d1b62710c7615af28e0c2864c3b93b0fa2be3856,150,2619,2619,0,6.1268790140801075,43.37687901408011,124.66666666666667,176.54999999999998,6.8500903874834576,0.974591644081353,0,150,150,150,150,150,0.0,1.0,1.0,1.0,1.0,1.0,raw_runs/test/benign_bursty/level_120/pair_02.jsonl.gz,827166a1b01efccaaab068121364cfb4d88384be17ed58df99f6514b5b27e123
test,bursty,benign_bursty,benign,120,3,2348384244368873237,10678651135538379153,6426113014419728148,5bdc2a4cdff52ab8d76d9a22dba76bdb151515d74476504c5c185c9d3ecf8275,dbe5c60b1e6663dcc35bd3c75406742c37dbd88f73f989e030d1ca85b840a60d,150,2606,2606,0,6.00903633071874,43.25903633071874,123.64,181.54999999999998,6.823578681947672,0.9711500852124156,0,150,150,150,150,150,0.0,1.0,1.0,1.0,1.0,1.0,raw_runs/test/benign_bursty/level_120/pair_03.jsonl.gz,519a4f486fa18d3bafa77bed2593b9e7b1307cce3e7345aff7dcef025d5ea689
test,bursty,benign_bursty,benign,120,4,12068768551392945050,5862145283542478514,240262987700750886,796e55419db78f140096aa48ed8df9752d32ae633c2e24168dba0ae88bd044ef,7645b784e0bcac108eb95e2cf4a41381e9c619c8f48b8208857ae70f30abc349,150,2548,2548,0,6.213283860139065,43.463283860139065,118.34666666666666,169.54999999999998,6.758256702332719,0.9711128172656318,0,150,150,150,150,150,0.0,1.0,1.0,1.0,1.0,1.0,raw_runs/test/benign_bursty/level_120/pair_04.jsonl.gz,6265ad12a14d6ba3d6d6ea32e7b821598f85e05781b13f19a89646c02d71e23d
test,bursty,benign_bursty,benign,120,5,11754546574889286477,17320219234250889673,5690097895691668524,e75ee591b02d84062e9e3f08561b545c6ac2def6f278030dc83ec3e63b3ba2d6,766cafefbe76832830ea6541c1e2badc61ba679b2f09481abf71f7a60f56c16b,150,2695,2695,0,6.126470998348932,43.376470998348935,120.72666666666667,175.0,6.79508183762932,0.9741321694526986,0,150,150,150,150,150,0.0,1.0,1.0,1.0,1.0,1.0,raw_runs/test/benign_bursty/level_120/pair_05.jsonl.gz,5da32ed822b71535a9516987151b86d6ba0ae07571b8757c57ee2d75c5ef1518
test,bursty,benign_bursty,benign,120,6,8686578293534854415,11973128124416859319,256921344224467890,96c191f864bc8cdc9422ad1269800ecf7196bc2c56a360f5ab891b555c761785,e1d1196b005bc19f50846aab2edf71ab433d9dde82ddebce7b7b69903bff2228,150,2541,2541,0,6.132766076707838,43.38276607670784,119.63333333333334,172.09999999999997,6.765119494379916,0.9668439776614521,0,150,150,150,150,150,0.0,1.0,1.0,1.0,1.0,1.0,raw_runs/test/benign_bursty/level_120/pair_06.jsonl.gz,768a042fee12b3bf5a2e1ef395f8b048841c54eb9f579b528b1f7a74d483e122
test,bursty,benign_bursty,benign,120,7,10137070029227726156,646216227087379654,7291114740559178034,75bf15dc79359e1241af3807c28474fd18f443040fe301fc9a27461265a0112f,332bef8cb53e1f83b74d768503632d5c686335c40533885c7ac5002fa3cb39e9,150,2521,2521,0,6.171654486628849,43.42165448662885,118.91333333333333,171.54999999999998,6.766294832731735,0.9704308142511266,0,150,150,150,150,150,0.0,1.0,1.0,1.0,1.0,1.0,raw_runs/test/benign_bursty/level_120/pair_07.jsonl.gz,f19ebcece1eca61717c5c3e1f980ab4d7896f2414c57e90b63fa505e447c2e2e
test,bursty,benign_bursty,benign,120,8,630050063957971533,6139190161411610768,4512997853520989023,89598fbc36b773d70896e0bfca4b584a8a2fe010c11068c96f65f28685b8aba5,7563faa4c56e2e7d4d3acfa3f2a15da6bbf06403e6717e77a4541114e4637a12,150,2653,2653,0,6.169959062015312,43.41995906201531,118.47333333333333,167.0,6.772998444098192,0.973233885246913,0,150,150,150,150,150,0.0,1.0,1.0,1.0,1.0,1.0,raw_runs/test/benign_bursty/level_120/pair_08.jsonl.gz,cef100b103e061b91eafd4330a4273f6ad5d6089a00cd499efa9815fc23ea6da
test,bursty,benign_bursty,benign,120,9,2729294043633015870,12831543257470076485,1306053647998119112,777ec0c8ce6c81384b5eb17736f07ed3a054c876cc1bf28848f8a0d626d43c15,881deebb2e7b5da6b8773e0a22f32054d6d69d1773affcd3410fd099c88f5c78,150,2570,2570,0,6.049084431248641,43.299084431248644,122.34,174.09999999999997,6.816553484038263,0.9715776678161369,0,150,150,150,150,150,0.0,1.0,1.0,1.0,1.0,1.0,raw_runs/test/benign_bursty/level_120/pair_09.jsonl.gz,b6b5f8f4ba56816cc07581524fe13de51cb1a55540fa36fb0138059d291f2b83
test,bursty,benign_bursty,benign,120,10,10265540251891105962,6735019329757629085,3298922494815422066,c896064e13d7fc55104456ead018dd76ce81ebf013a478e3b9bf4f397a0a2146,13e39786576b3dfb2fcb398dae8becb264bf20f7d963298038d1856cfda0ed62,150,2585,2585,0,6.040337725524269,43.29033772552427,119.11333333333333,172.54999999999998,6.765726662235623,0.9694456785961707,0,150,150,150,150,150,0.0,1.0,1.0,1.0,1.0,1.0,raw_runs/test/benign_bursty/level_120/pair_10.jsonl.gz,1bf6869b5cfea6f920e0a90ca9a6f0eb79e651828cca30cd55816a1bff93b7e7
test,bursty,benign_bursty,benign,120,11,2596634394329281386,14823892494879232447,6271437321620789139,8bd50ec675ec88525f62a268da21db56a6113460d7dc3f8208baf91263090ffb,08e6ae54b74fb3e6fe893c312426c26cdb61299ec0f45eba2372d1dc7d6316c5,150,2531,2531,0,6.147986789311924,43.39798678931192,119.08,172.54999999999998,6.77188988080973,0.9726516990775413,0,150,150,150,150,150,0.0,1.0,1.0,1.0,1.0,1.0,raw_runs/test/benign_bursty/level_120/pair_11.jsonl.gz,c535ebfa207819bcd11e30dfbcdeca38049d329ad79d287a7c1235e48d974b36
test,bursty,benign_bursty,benign,120,12,1437341747633275469,3511160682749090487,4273612336636422366,a9a02cdf4e2a6b8d7fd6767361c7fc6ecfef8961a20497b3500b27ada1035f04,fbb1dbb19be40ffb91030388e20b7f5e35e40b722e7e02dac2213da2150eaf6f,150,2599,2599,0,6.071433618136301,43.321433618136304,120.97333333333333,170.0,6.806269872978145,0.9737109230066119,0,150,150,150,150,150,0.0,1.0,1.0,1.0,1.0,1.0,raw_runs/test/benign_bursty/level_120/pair_12.jsonl.gz,fb8e969fa8ff2774cd3de209b8fa324cc398c45bf6cd62100a1c9ad877f87dd7
test,bursty,benign_bursty,benign,120,13,14719362781366742488,8981918555081330760,2873193931782601540,9ca2f72d6330bc7979295eba30d70e29b1caf704628c2bcf44bb88a5eab1f22a,01b142b1cb4303ff6a8084b526cae2864cf83d8321902831b89fa7e156ee4e47,150,2634,2634,0,6.0836179590307,43.3336179590307,122.36,180.0,6.818894914906817,0.974235025428258,0,150,150,150,150,150,0.0,1.0,1.0,1.0,1.0,1.0,raw_runs/test/benign_bursty/level_120/pair_13.jsonl.gz,80dc5271a5b71996edd58d35ee7d2007c2ee03d5af2ce7ba4d25007273d5d112
test,bursty,benign_bursty,benign,120,14,14474661752500536637,17617004064125541860,14414670301308548372,aadf53e83138be966c48fc4650b9f82c73934c4c9882b4fe4000bb276a5a5864,625388c379279bb9af205d608254a1b841cb119ef3ba6e6794cfdf40a6362851,150,2539,2539,0,6.24231393270592,43.49231393270592,120.03333333333333,175.0,6.782329186591493,0.9708084002823075,0,150,150,150,150,150,0.0,1.0,1.0,1.0,1.0,1.0,raw_runs/test/benign_bursty/level_120/pair_14.jsonl.gz,0a35f36b80a9548efed6c4972f92b0c656fc74046c76f65693ba4e1b10e289bb
test,bursty,benign_bursty,benign,120,15,9057122810702578651,4543646872701268467,916328090190564814,41284ca1a22c8fe03bdbabd13fca4b6df9ce68c81718d68cad5b36aaa06c0997,07f4c185ff247baffbad63d470ac39ec5de09c4a251538f48b375c40566cc84b,150,2550,2550,0,6.091740150517711,43.34174015051771,118.78,167.54999999999998,6.767279347907289,0.9707194816981369,0,150,150,150,150,150,0.0,1.0,1.0,1.0,1.0,1.0,raw_runs/test/benign_bursty/level_120/pair_15.jsonl.gz,519ecbd3c1e5e8824d646e00aed064cc6406c6fdabc7b38a4f14f7c6796d1900
test,bursty,benign_bursty,benign,120,16,12846439749721313369,7362486142867485648,17938697549616151947,5306223a67fd603927f52d3edfc77f76991744b4448b92e32603d0eabdcf57b1,8e99a1f9eb35a0983fd496ef9f66215493fc61b48754df76fd5afde89f6a531b,150,2532,2532,0,6.064512845798391,43.31451284579839,114.43333333333334,166.54999999999998,6.719844642716918,0.9742214824363813,0,150,150,150,150,150,0.0,1.0,1.0,1.0,1.0,1.0,raw_runs/test/benign_bursty/level_120/pair_16.jsonl.gz,e3f791345d861eb66cfbf54563095b82462d39d761d0eb15025d9d0f0087fa47
test,bursty,benign_bursty,benign,120,17,9366898388875760307,11526361026516754993,13484097856881375550,b93c815b1c1524f717fe29c09f501d2c2ff263cf0a51dc423e69735f782b365f,af1e9f435fe8868402f198f6e12b7a3c98b7eea2ffb844d44318906b67ea7904,150,2592,2592,0,6.077640960550096,43.3276409605501,124.34666666666666,176.0,6.846188297677265,0.9756124939970267,0,150,150,150,150,150,0.0,1.0,1.0,1.0,1.0,1.0,raw_runs/test/benign_bursty/level_120/pair_17.jsonl.gz,cadbfcce814dc1f9659a4144523f3c1ea3325e76894116e293f8605e918d9866
test,bursty,benign_bursty,benign,120,18,459606337061139932,17309434019910614744,10637600295177413001,34ea11c6cc27205c23a6bd8aa92768d3a12092213561505a645c81286f50b0b8,faa4b06792998d32cc6438e6cacb9e365623dea10939abc01a995a37e6d62b78,150,2721,2721,0,6.031956006548407,43.281956006548405,121.35333333333334,179.64999999999995,6.801648882319425,0.973842543727455,0,150,150,150,150,150,0.0,1.0,1.0,1.0,1.0,1.0,raw_runs/test/benign_bursty/level_120/pair_18.jsonl.gz,922aa3a7dd0238d7eb450204b22c17d8245cd4634bb2d9c9cbd81afc9f48b321
test,bursty,benign_bursty,benign,120,19,18079239627301317534,123194317669093861,2060137317114638715,4fed31ca27edc43fc557eba82debcb5af7c9f752b16be8c20440885032b554d7,b94503ced58092f11add55413003cfbd7b4c2fc285d6e9e34f8c0435c88927dd,150,2748,2748,0,6.140093328849063,43.39009332884906,123.44666666666667,180.84999999999988,6.828108340334299,0.9727876055265386,0,150,150,150,150,150,0.0,1.0,1.0,1.0,1.0,1.0,raw_runs/test/benign_bursty/level_120/pair_19.jsonl.gz,7befbe78018d7989f38db242678d3e40265df4674c006a13650a03686f436c80
test,bursty,benign_bursty,benign,200,0,6244464861570204875,1183215605325143094,17963984995868377974,0a616c52a1d64c99be849e79d40009605deddd6f000a2642e5cc32f22e54cb62,523cc01b0e87be7a3618fcf6e4996dd19b3934c7476a47dca10a56e5e974de05,150,4470,4470,0,6.161421157703115,43.41142115770312,201.14,284.0,7.504087567805158,0.9571328826969333,0,150,150,150,150,150,0.0,1.0,1.0,1.0,1.0,1.0,raw_runs/test/benign_bursty/level_200/pair_00.jsonl.gz,6580b6131b59fb0638b1d5295a2808ba9bc7926a33eca2a643f6c5dc5995efa6
test,bursty,benign_bursty,benign,200,1,15499418933323906708,13973998937141136578,6808359707616910961,4ca879ecbb7124cf849c10534f16ad978854c5cf1a410a7d08001197e5fbb369,29b8f425da0602426347ba0cc9b92cbbb1f752e384a692abc580e43bf882308a,150,4417,4417,0,6.121395170632892,43.371395170632894,201.01333333333332,290.54999999999995,7.492190040087812,0.9563396258329256,0,150,150,150,150,150,0.0,1.0,1.0,1.0,1.0,1.0,raw_runs/test/benign_bursty/level_200/pair_01.jsonl.gz,b1d26820c859c882c6fc096825f875db6f566503fcfd370b9507d486733bbcab
test,bursty,benign_bursty,benign,200,2,5327217777066326399,3694338404923262196,14679001330301704402,9ef55218a0f72fce8821204a6405dcb572f0f94b30f0c19076879d2689e50b4e,dba811b637500e15faba79fcf7d4b9a3e77937012475376a25cc83b6b80b6694,150,4431,4431,0,6.001818689928701,43.2518186899287,199.28,287.54999999999995,7.482930456314346,0.955459754811355,0,150,150,150,150,150,0.0,1.0,1.0,1.0,1.0,1.0,raw_runs/test/benign_bursty/level_200/pair_02.jsonl.gz,8388486056a52b749dc617cc89d41a5e4b6c536d9faee99d952f1e9a82266237
test,bursty,benign_bursty,benign,200,3,13610089189584132482,8131595809746710667,17818228215734482418,f80bb35c763ba8842263fba57f3c70a04b4e9cab692162c8b8297d9e7d515ed6,51657b15699e2cfb77f62afe311c192cf6884b196c48a279230d03cd82d678a9,150,4382,4382,0,6.131788837158965,43.381788837158965,200.18,284.0,7.492177419106207,0.9549222940214968,0,150,150,150,150,150,0.0,1.0,1.0,1.0,1.0,1.0,raw_runs/test/benign_bursty/level_200/pair_03.jsonl.gz,6ec07813283e41d2633cec777edc0af02ddc0d34111a141d6ff6bd334da21972
test,bursty,benign_bursty,benign,200,4,8324496539110995588,14362473866316968579,17243685278105249869,c6ed23db98ebb46d17e2566b75862b0432a19f18ef0df8cb0168336867b6c241,8f65c27e9836553b867c68549c6eafa344ee8fd805afd5824d1741735834565d,150,4404,4404,0,6.212793074467247,43.46279307446725,199.76666666666668,284.54999999999995,7.482984206306525,0.9540104947150239,0,150,150,150,150,150,0.0,1.0,1.0,1.0,1.0,1.0,raw_runs/test/benign_bursty/level_200/pair_04.jsonl.gz,45d25c6899c4628885efda599383a0c72724f9413d5ee150a798243b5039473d
test,bursty,benign_bursty,benign,200,5,15024157627771418902,16364490518133932789,12241336857282476451,aff78f473b3e62b8817925edcbdc704c88847914cd977df440fed51cd1b5ef45,bdfd3f96596123ef5aa07911abce77e4ea24490061426d44258b47bbfefef4b8,150,4266,4266,0,6.114419951716373,43.36441995171637,200.24666666666667,285.54999999999995,7.4825039871278065,0.9520096503681919,0,150,150,150,150,150,0.0,1.0,1.0,1.0,1.0,1.0,raw_runs/test/benign_bursty/level_200/pair_05.jsonl.gz,987c2c573ea1a43442ceccc90525eb0947f280ffa65d59d004e3444c6314b909
test,bursty,benign_bursty,benign,200,6,370976341244047154,13051650883290848420,11698791244084792350,1553918a47e74d42d755cfbfcb81c043721f6b4d22d1aed5c71edaa6976b20b3,56a2c5bf7a81febe6f8ba5ef7014ae8e6e93e3f726ea0a7a39f93a826fe6b010,150,4178,4178,0,6.195429232988327,43.445429232988324,190.44666666666666,271.65,7.417455811477859,0.9545886514687036,0,150,150,150,150,150,0.0,1.0,1.0,1.0,1.0,1.0,raw_runs/test/benign_bursty/level_200/pair_06.jsonl.gz,768992ae816c83f12cd13fff1c797ff35ec688508cfc5f1930b8c000fbe76cb7
test,bursty,benign_bursty,benign,200,7,3219024180408530195,2500295282128676561,11814135766844059510,2868f72fea63719b14e25e11e363d68307f0bcf85f303905e7192f900a48c2d6,28574117101a19febfd0fd79c4101b7f5b8089582afcb32b33d6742461e0cd7f,150,4376,4376,0,6.164017558590053,43.414017558590054,199.43333333333334,284.54999999999995,7.475491968890623,0.9499857040785097,0,150,150,150,150,150,0.0,1.0,1.0,1.0,1.0,1.0,raw_runs/test/benign_bursty/level_200/pair_07.jsonl.gz,c03159b01cb8c92e06d763f739afb392e824ce92b657c60a551221106af72997
test,bursty,benign_bursty,benign,200,8,9886612851880066305,6544157466683481380,18034497262302270955,e97b3135a8df99886c5616a2ad86fcd606745c2f042317cc731873368d409070,6f3f5df18399bba44981fca6bd01b6147a95ad1c2ee62168daf5a9401308598b,150,4444,4444,0,6.085762438951061,43.335762438951065,203.86,285.0,7.517231152038009,0.9548399530979469,0,150,150,150,150,150,0.0,1.0,1.0,1.0,1.0,1.0,raw_runs/test/benign_bursty/level_200/pair_08.jsonl.gz,f7c64f1ae8e116741b76759d4e0860bc1fa09da6d527bf3d4f98265349a0911d
test,bursty,benign_bursty,benign,200,9,15870556802420508910,6226783974891202791,3376346720318302583,ede32d91b65b4eacbd6fe4f3ff31f5993fc98bf753257e65051f83042efd93ca,97574b74f9fc9a253e66b7df97fdb54e39230e48918d9ebf939a961896e7111f,150,4259,4259,0,6.093580239821864,43.34358023982186,201.49333333333334,291.2999999999999,7.496832209215454,0.9527042421116642,0,150,150,150,150,150,0.0,1.0,1.0,1.0,1.0,1.0,raw_runs/test/benign_bursty/level_200/pair_09.jsonl.gz,6681f014b1a7adee16ce0bfe878dc65592b40975cf8c91a80a93a798f0f5418c
test,bursty,benign_bursty,benign,200,10,15203838369661115206,1613144383195996876,10129662408455663408,d4e0bf92cae9a8271c546ff00e8c4e49076cd8faed558ea7f35f26d96a6baddb,69e901ab374abad89f70d7ff184c741a1798562a4b1ef2313d461307b8c2b18e,150,4251,4251,0,6.158354504285287,43.408354504285285,195.74,278.09999999999997,7.457849603065728,0.9550756176377574,0,150,150,150,150,150,0.0,1.0,1.0,1.0,1.0,1.0,raw_runs/test/benign_bursty/level_200/pair_10.jsonl.gz,3e5f8dc001bbc43417baba115dd5b870c6b2f257bedbc3c663f122f18628a447
test,bursty,benign_bursty,benign,200,11,7683858403345927260,7337104196067686003,10879453900391275047,3b3fef23c92cb2d28fa6345ca6fd16cacf4f5babb8794b74e072885e2c36822b,e9e4ac17614dd13f2f3c3b3cc4efb91d6548f4c2dce213a4f400cad286e1517b,150,4488,4488,0,6.123551774934856,43.37355177493485,200.02,284.19999999999993,7.482732186930066,0.9516336705338801,0,150,150,150,150,150,0.0,1.0,1.0,1.0,1.0,1.0,raw_runs/test/benign_bursty/level_200/pair_11.jsonl.gz,352206d42a6d927e5b00ea0be08b051182b373b2c07fd6a9b0b8861dea656197
test,bursty,benign_bursty,benign,200,12,6311134007492821947,4130871909149489640,3338698188089753536,75c123089eb40112adf86d4d63e73e3d7c4da652f4911e116deaba5a788c5056,3d1f5e6f370b7c67f530f7c7218fa5753a069de0371b395642519d2f8acc950e,150,4459,4459,0,6.2389632008356966,43.4889632008357,206.47333333333333,292.09999999999997,7.539540451534489,0.9540224289802249,0,150,150,150,150,150,0.0,1.0,1.0,1.0,1.0,1.0,raw_runs/test/benign_bursty/level_200/pair_12.jsonl.gz,f4c199777753626d60aafb7197192fceee516358f120fefeef5d3ca9cf0c93f3
test,bursty,benign_bursty,benign,200,13,16950859001948405348,15895434542567619661,14844294046717607787,55b4b24d7cd5a408da1b035386ad9ed9f0b5e0e3c67aec593b3219cdecbdd1e0,8cc02d96bb8770b04c5e3c5921b1c69ed88dfbc5e7660ae4bc6d4e8a4f69fdb2,150,4350,4350,0,6.22978809426351,43.47978809426351,200.84666666666666,284.8499999999999,7.49799146681184,0.9550811799858813,0,150,150,150,150,150,0.0,1.0,1.0,1.0,1.0,1.0,raw_runs/test/benign_bursty/level_200/pair_13.jsonl.gz,2e7c7ea66aabfacb2c3f877af86c399b971d1496383cfc37872f38ed90b15fdf
test,bursty,benign_bursty,benign,200,14,16974673210848834108,8452702851695548547,1818066566453392486,7075c6c5b0fca93143669986de7010dccf7698760839a4240cc04f73b0246465,3871ca74f399384d77f7e210a851b790013078acc86d07ed0b39d53be5b0de71,150,4348,4348,0,6.126450498122583,43.37645049812258,204.54,290.0,7.5164698545629,0.9543999023041781,0,150,150,150,150,150,0.0,1.0,1.0,1.0,1.0,1.0,raw_runs/test/benign_bursty/level_200/pair_14.jsonl.gz,760e255df38412e9874bcbe9695253735e8b1b7394ff1f409208ceac91f4371d
test,bursty,benign_bursty,benign,200,15,16933897845982676019,5524196988270083756,4995199521310458004,0736df471bc54e65617e8dc3f7e9a49dbeae5edf459994651938e7081cb340b2,4d748ef399db74ba90a234cecd092d18e2833dbf22e3d19341f35efe1e6817e9,150,4225,4225,0,6.238575196797134,43.488575196797136,197.73333333333332,284.54999999999995,7.466965675728591,0.9526375997017252,0,150,150,150,150,150,0.0,1.0,1.0,1.0,1.0,1.0,raw_runs/test/benign_bursty/level_200/pair_15.jsonl.gz,c7d9d0af7272fcef794476c500932eced2ac611c0201f2b42f26c0ef328cda90
test,bursty,benign_bursty,benign,200,16,15885110187064147692,57442648831050994,11998021328494421175,d9a384c561ad8a644695bbcf086d796c74555a9b65af3068fe85653ebab104ee,556f9d3cf69b5e2916f8f2576ebca8a99c0684202a1f67d53dde87f5eb93f0ad,150,4195,4195,0,6.034544019592463,43.28454401959246,199.59333333333333,289.09999999999997,7.476586285680379,0.9535780610180203,0,150,150,150,150,150,0.0,1.0,1.0,1.0,1.0,1.0,raw_runs/test/benign_bursty/level_200/pair_16.jsonl.gz,602a61c5f9af7cdfcd2edd823a5dab4ddba3610259b64416a74e5a29b06f83f9
test,bursty,benign_bursty,benign,200,17,16082895555938700704,1591820421127213634,1143975364970071612,48eed4a7f38e8dc0c334d87ae91b066dc92e047bd10e9d9c75794159f7783419,2ba76d647fe2820a1e7ae2550cb4409d7e991c06999383dbc4c6b533e93b53ac,150,4407,4407,0,6.192388495175628,43.44238849517563,199.66,284.54999999999995,7.487831669587527,0.9569226679560141,0,150,150,150,150,150,0.0,1.0,1.0,1.0,1.0,1.0,raw_runs/test/benign_bursty/level_200/pair_17.jsonl.gz,e77da0b2b71ee8943ecebe5344af76a3d187e3412f16ccdd342c7d820b1a80b7
test,bursty,benign_bursty,benign,200,18,11074568029261538688,11718188790058518948,13796676480112252882,7f19b6bc4a791df4fe5c1e42712738a696104a3b8fb161e89f9722daaa26de4e,524e81ff335a2206fca64cdbbbe95dca2cd7080ac4fab5c0b03a0bd10cc5bb7f,150,4324,4324,0,6.240930009018878,43.490930009018875,196.22666666666666,280.0,7.462912568899598,0.9552984377595612,0,150,150,150,150,150,0.0,1.0,1.0,1.0,1.0,1.0,raw_runs/test/benign_bursty/level_200/pair_18.jsonl.gz,403f639d6817f29158f490174517e679d7c816e97f5a46260f32bcbc85d8e906
test,bursty,benign_bursty,benign,200,19,16704663931438455338,13502363092250765548,1211897352610934835,bea5ea49f507bf35c3ad4ddcc668b0d8d5477e6c2cb05c8168243c32632c4328,a42a653d1d6e10080540675d09be6e2bef23ee0642efb9afb4ef063593d1c9c2,150,4240,4240,0,6.051359015258408,43.301359015258406,198.81333333333333,286.0,7.480380258480267,0.9558349648868038,0,150,150,150,150,150,0.0,1.0,1.0,1.0,1.0,1.0,raw_runs/test/benign_bursty/level_200/pair_19.jsonl.gz,6f2c4edacfd9f49f6dcfd9a290dfe0c55d975b2f6750806475f93d96016c0e75
test,continuous,attack_dup_sweep_continuous,attack,24,0,5274255389240652009,15014387500873148184,5645677086191027669,1b9f95a5cba0bd51a80c4144aa936cffd0c3b29b4bb629d7fce913fb17747f84,39337aabd0fcab5b5f6dcd0f72c012ed07d837fedb94c9b00d209d85c06431a7,150,494,52,442,6.194597052502586,43.44459705250259,23.26,33.0,3.651105666512608,0.5814820845770808,0,150,0,73,26,1,0.0,1.0,0.0,0.4866666666666667,0.17333333333333334,0.006666666666666667,raw_runs/test/attack_dup_sweep_continuous/level_24/pair_00.jsonl.gz,1908dc740e7e8d5e440b5897d34ddc00420b1f9e87f26887f42beed7debf2812
test,continuous,attack_dup_sweep_continuous,attack,24,1,6474713877111862370,18218316800924262946,17650421394383829727,1300aac0f831b0e78290060d3a277a1a94f446c221ffd2bbb9d3a59c71a8af51,aef4e66d43e8440ae34755075c5dc77ef203a4094250330aaed2cdf5daa84f65,150,530,56,474,6.059661028066949,43.30966102806695,23.866666666666667,34.0,3.687404281546883,0.574871707604468,0,150,0,78,26,0,0.0,1.0,0.0,0.52,0.17333333333333334,0.0,raw_runs/test/attack_dup_sweep_continuous/level_24/pair_01.jsonl.gz,dee8fa0b4ac7769ba86c7204401718c043cc2765adbc7bf386bbff90d31c081e
test,continuous,attack_dup_sweep_continuous,attack,24,2,3553928651814727180,7774970940855440883,9373576720614856415,9030a77ad504d97bd5c536bf3c1830ba0c3db9fcb7912ac96e3836f9aaa174a0,fcfb013575b9cfffceb47f75648e7dc84127fa7c9eac273a7f4b51d9fff59f4c,150,538,43,495,6.143086554961546,43.39308655496155,24.373333333333335,33.0,3.6858056465934306,0.5584459740898446,0,150,0,88,24,0,0.0,1.0,0.0,0.5866666666666667,0.16,0.0,raw_runs/test/attack_dup_sweep_continuous/level_24/pair_02.jsonl.gz,f1c9838851742e80e59140e2f638d6721ae90dabe9d4711ab947420440d89ad8
test,continuous,attack_dup_sweep_continuous,attack,24,3,8713878134198056602,17210684182313449382,15591023347411840388,e97e50cb04a4eddab7398da135959aca1d34bdebe4e1978f23c6dbebca980a34,971313117897ea72eeb695e49bdb4263e841dab6b1864f6d23a42ceaf549b903,150,527,61,466,6.105011898489584,43.355011898489586,23.726666666666667,34.0,3.676690286453763,0.5782888173936347,0,150,0,74,35,0,0.0,1.0,0.0,0.49333333333333335,0.23333333333333334,0.0,raw_runs/test/attack_dup_sweep_continuous/level_24/pair_03.jsonl.gz,b03f4eb008e359d03f8719d0957d17cfa738580826d654f5e17f51775f69391d
test,continuous,attack_dup_sweep_continuous,attack,24,4,2321089306315690618,15715962716480013879,17277198148725848920,25e0b3f9a4220aa67378048100ed2b9cd4a2dcd270804548dff89198753276fe,978064f27bff79516e5bbd9ab246b3ae709ba474343e5f80567065499625e9f0,150,538,71,467,6.052494772064169,43.30249477206417,24.64666666666667,32.0,3.776823604106627,0.5884656892075019,0,150,0,96,34,0,0.0,1.0,0.0,0.64,0.22666666666666666,0.0,raw_runs/test/attack_dup_sweep_continuous/level_24/pair_04.jsonl.gz,f00426e28ceaca563d826cc10e8370263190df59f97c5d483d08ea653536418a
test,continuous,attack_dup_sweep_continuous,attack,24,5,8845182802892067711,15927061754876500610,8819014290589054690,e3171231ffa9e65d41c50fea6ee79c0b86622a3b4691deb0e03ef461f17eafaf,8c5f7f527a17f405bd049ecf198469cd8192af88bc75353e189e8195866a110d,150,546,57,489,6.190030431836424,43.440030431836426,25.326666666666668,35.0,3.7785509815848832,0.5770647491049045,0,150,0,90,41,0,0.0,1.0,0.0,0.6,0.2733333333333333,0.0,raw_runs/test/attack_dup_sweep_continuous/level_24/pair_05.jsonl.gz,df3f425657abc7a4ee4ab0cac9012c050d26624938790e5a9af94eab089d2eb6
test,continuous,attack_dup_sweep_continuous,attack,24,6,2949316312643293065,14082473857851196443,7955366030563572079,f1280e0349393ed8fe34e4df741698cbdef664da679c404ec7ed8560ab9ccde7,45b7f12424b1d4b3e204af49feb6d048813337dfe8f16129f0a5a551a7afdbe3,150,517,53,464,6.067214993855386,43.31721499385539,23.926666666666666,33.099999999999966,3.6926183645967012,0.573225582665284,0,150,0,83,20,1,0.0,1.0,0.0,0.5533333333333333,0.13333333333333333,0.006666666666666667,raw_runs/test/attack_dup_sweep_continuous/level_24/pair_06.jsonl.gz,7bc86f12ef545400db37b3e636ff2afa083a3c0aabc54ca629d72f89d35115af
test,continuous,attack_dup_sweep_continuous,attack,24,7,5685123771069856718,16031353033753044848,9662169031680219252,076316ddb96d04ab8422e18738867f1107b42b02e39343edeaf6b6378c74f129,3c69a950226faa23eb0a1eb8262eb839f56c88166af829fe7a4e1d8983802930,150,520,50,470,6.026945624084125,43.27694562408413,23.866666666666667,31.0,3.700825955925434,0.5775154542250858,0,150,0,80,21,0,0.0,1.0,0.0,0.5333333333333333,0.14,0.0,raw_runs/test/attack_dup_sweep_continuous/level_24/pair_07.jsonl.gz,43c19641ca2fc4a68f9f3a53545df9847dfd65cd8a0701ec41133832a57fc8b4
test,continuous,attack_dup_sweep_continuous,attack,24,8,892302016456819625,10650220714046566619,16421571183339267783,4ee1f3b89ebf49bca59f5d940e4897da9f0e67f2a9deec7ad7665f5dab393a53,271d98a79ef21d0e9ff693fb9c95da0b79a5540c36cbee0fe5b6cd6a9d62fbc5,150,466,48,418,6.098842190851139,43.34884219085114,21.18,30.549999999999983,3.4999863764359134,0.5694716321813819,0,150,0,46,14,0,0.0,1.0,0.0,0.30666666666666664,0.09333333333333334,0.0,raw_runs/test/attack_dup_sweep_continuous/level_24/pair_08.jsonl.gz,1fb98ae791c275861040794792ea54176e4c169532eef9e5f3193e428fe24585
test,continuous,attack_dup_sweep_continuous,attack,24,9,4379469355687760136,5132125539809160820,12299145188522128114,f5437d0a2121e91f76a7f8a12df693682ae6245af8962383983c7b9d8476961a,29400abba3b287e327d55b0763d329190a1b2cc13e0db6ca504741e9fd3fa2e1,150,531,59,472,6.151960273949927,43.401960273949925,24.826666666666668,34.0,3.7563074378339163,0.5811871898113543,0,150,0,86,29,1,0.0,1.0,0.0,0.5733333333333334,0.19333333333333333,0.006666666666666667,raw_runs/test/attack_dup_sweep_continuous/level_24/pair_09.jsonl.gz,6219751381efbe4d9e1710180f71afc939b98dae9c95ca826eb4f30b75218602
test,continuous,attack_dup_sweep_continuous,attack,24,10,3305485504433524465,11594913408255821544,6325415083461060680,9cd1ae0b89bc709f198fb2d7ee6f4bc2c84546d795381a79d9a779a6d8e5fa17,451129d6a73c1c4b9ef23f3efce149675b20037d4b1b23c48a8d0553558eb75c,150,501,47,454,6.094142064944289,43.344142064944286,22.846666666666668,32.0,3.615875183397505,0.5714693710276678,0,150,0,58,20,0,0.0,1.0,0.0,0.38666666666666666,0.13333333333333333,0.0,raw_runs/test/attack_dup_sweep_continuous/level_24/pair_10.jsonl.gz,5a3c05de7b3083f3b8a43075e298abb700583da7f3cfc498f671a28893cae702
test,continuous,attack_dup_sweep_continuous,attack,24,11,12970963081985540857,11161326003885433934,9797594999959606582,e88d9084ab0ac300fdf7a8d844f4bc548b86d60a9947d48b6804b52e358259b1,3626ebb106ead1a2f01c6083cda8e9b3284a7b29f4f6a1912c8103345e9ddc2e,150,520,42,478,6.2481035051071645,43.49810350510717,23.706666666666667,33.0,3.66780836306888,0.5654501561034326,0,150,0,64,21,0,0.0,1.0,0.0,0.4266666666666667,0.14,0.0,raw_runs/test/attack_dup_sweep_continuous/level_24/pair_11.jsonl.gz,8834699e172ffe9d347deb3aebc72239c09b491986f43390f18d9ab395f6b885
test,continuous,attack_dup_sweep_continuous,attack,24,12,17354426133336639490,17814275030682764157,4373713492872076309,0900741d292da636417758613869ec212b2d0cb41d4ee953026f3f25549ff217,70e781517e4db994e0d425076661779fbab811c65cb9d9ed50bdf4ebc25cdc34,150,529,41,488,6.157628592017516,43.40762859201752,24.38,31.549999999999983,3.704927175525119,0.5636501054239431,0,150,0,91,20,0,0.0,1.0,0.0,0.6066666666666667,0.13333333333333333,0.0,raw_runs/test/attack_dup_sweep_continuous/level_24/pair_12.jsonl.gz,3e8e0b5d2745cb72957b3f9a875b6b745953b9b71140fdcc035e8c23e4164105
test,continuous,attack_dup_sweep_continuous,attack,24,13,929499694554295103,2470362723243134418,12629518726095437153,83bc6084b8d794dfb38d7403d70a1cacc9edbf6ca67c6d016de4e34b60abffdd,d260e40a296ed2f1a15464509d63eb0ebc05ed0575dec268fd0bd5206090735a,150,501,55,446,6.175042208022655,43.42504220802265,22.66,31.549999999999983,3.6156545993822298,0.5759042213220614,0,150,0,64,19,0,0.0,1.0,0.0,0.4266666666666667,0.12666666666666668,0.0,raw_runs/test/attack_dup_sweep_continuous/level_24/pair_13.jsonl.gz,a6cf7de6b49662df402602f658580794e1234c6ffe6bc3574e93d3a81ae76a7c
test,continuous,attack_dup_sweep_continuous,attack,24,14,14517353942880207824,15352747597855916772,11413623508739324177,a36ff9c8ba04669d48291f85338f53ebf171f9f6bdd84d6a3e23eee4bbbf195d,f9354d52085739fdf7dd20ce56e489c62188a57d3c18228252cc2d2fb41ec8fe,150,502,51,451,6.020722316785494,43.270722316785495,23.313333333333333,35.0,3.65437540364608,0.5754027725846201,0,150,0,59,25,1,0.0,1.0,0.0,0.3933333333333333,0.16666666666666666,0.006666666666666667,raw_runs/test/attack_dup_sweep_continuous/level_24/pair_14.jsonl.gz,52af82f144bb02af2b1be2e11a10bda1dfa7f43b7a0e413ce66bf4c9079ddcf9
test,continuous,attack_dup_sweep_continuous,attack,24,15,14906247675353202697,14515981090157133639,18407832684480201423,7486df8646c709d8e5f41404e026782d39dcf356e3585324287403b72c00703b,eb561961d436fe46b6da35c5d35f22d396e75f5dd16958ebf481da7f5b5ed81d,150,538,47,491,6.112445780669572,43.362445780669574,24.69333333333333,33.0,3.7140039547610453,0.5629956261282543,0,150,0,84,33,0,0.0,1.0,0.0,0.56,0.22,0.0,raw_runs/test/attack_dup_sweep_continuous/level_24/pair_15.jsonl.gz,a58694365aaa4ae0d68b46ad0356777c7389a8de0b50e58a9e499b2363783574
test,continuous,attack_dup_sweep_continuous,attack,24,16,5023607860423777729,387888889863381425,12972517371985517872,e9cf8bd6f4ac70e7a81204452bca304af0b92f04813ad13b60556af72f027b87,5723e301406be473d934924302032484713cb05b66278a2edaec99323185dbe1,150,527,37,490,6.10869197497945,43.35869197497945,24.206666666666667,30.549999999999983,3.692370622386448,0.5570615143214149,0,150,0,82,13,0,0.0,1.0,0.0,0.5466666666666666,0.08666666666666667,0.0,raw_runs/test/attack_dup_sweep_continuous/level_24/pair_16.jsonl.gz,ca91b80146ea7c812bfa4f26f5ce8bf60c0da7d46c9b7d484331d06f708ba7b7
test,continuous,attack_dup_sweep_continuous,attack,24,17,1490974601967308036,15362337821839643668,744577174522812330,39224192b30706eeb371cc405077d3a34d7d152192deededbfa62f4f95e4de87,cdc7ae647fb484ba23e6f7ec9ed399ae296cdedb03ec6c4158f5a89f997b991a,150,534,47,487,6.063946883748506,43.31394688374851,24.453333333333333,38.0,3.7011172038888662,0.5693254765783696,0,150,0,68,36,0,0.0,1.0,0.0,0.4533333333333333,0.24,0.0,raw_runs/test/attack_dup_sweep_continuous/level_24/pair_17.jsonl.gz,59aa4859390e9affa2ebf3320bbbd58f4a1a6efa7e1ab2b64b9b22a34c9f5c27
test,continuous,attack_dup_sweep_continuous,attack,24,18,7362073525556726832,7306066794261590589,9517889485836179853,8a160dbbe4ff33fde0c01c6049cd36d58c98483c1e3671772a9e34521ec7dbda,ab309f92628a92f4708287a85b281447fdb6c3d91adb900ea38f91c2c7ed2fa5,150,533,60,473,6.1444835717236606,43.39448357172366,24.446666666666665,31.549999999999983,3.7514833436831396,0.5810385563441747,0,150,0,87,26,0,0.0,1.0,0.0,0.58,0.17333333333333334,0.0,raw_runs/test/attack_dup_sweep_continuous/level_24/pair_18.jsonl.gz,9a246691bf3018987227a4108720e2eb3175564ae663345f3c1c234578bfb415
test,continuous,attack_dup_sweep_continuous,attack,24,19,16878414205353344989,13670941286917474902,4567598923089391505,3155ff6db88b1fa1757fe65768893662b121e6c72d9b2c7e02956ac0b5b3dd82,0cb31773de7c7ee2380b253deefa11bb1ab88aa48d3c2c1b872be256c5006f93,150,518,51,467,6.103084516976933,43.353084516976935,24.126666666666665,32.0,3.7025334928890676,0.569165594686469,0,150,0,78,24,0,0.0,1.0,0.0,0.52,0.16,0.0,raw_runs/test/attack_dup_sweep_continuous/level_24/pair_19.jsonl.gz,860cf935b5ba2e36468a3a39a3025e13daf0f7587a64d37e08b158c710bc4987
test,continuous,attack_dup_sweep_continuous,attack,60,0,12055753219752071432,9214243546908858119,4690858133570831052,0d0eeb8d4690d27e6a40115d0dbc9e9c68bc2953a36ad87bb1adcf30533e6f0f,087be293cf88f9364a7a75922e65068f0a6b005bd44420f27d05d09daf6ba631,150,1295,116,1179,6.212800944695471,43.46280094469547,59.946666666666665,74.09999999999997,4.99175859312491,0.5501855075550636,0,150,0,150,150,0,0.0,1.0,0.0,1.0,1.0,0.0,raw_runs/test/attack_dup_sweep_continuous/level_60/pair_00.jsonl.gz,2a5b65bc6fb3b5548fd84167c399989952587348ee7fd2d6ba6a6e1e8d13c1df
test,continuous,attack_dup_sweep_continuous,attack,60,1,8839336648511840479,10673283752536822424,14496675981899365284,6294d910c1cd199191ff4942fe2f1f703e4adaf73bbc8ae328092ed66a9705cc,d9868c927015268734dbdcedb8f5fb386b4ab944f4278a15415265f80b3e8c97,150,1293,117,1176,6.188019813001288,43.43801981300129,60.38,72.0,5.007634580150643,0.5517899091218142,0,150,0,150,150,0,0.0,1.0,0.0,1.0,1.0,0.0,raw_runs/test/attack_dup_sweep_continuous/level_60/pair_01.jsonl.gz,5691de143a6b372706318e4c5946ecf838bca81d3a30465318297e53b41cfde0
test,continuous,attack_dup_sweep_continuous,attack,60,2,319664382691450108,8425599047184436904,13985582172282250993,36e5a3069fa089223a31477060ff76c04664a666d0bfc2424bbcac5ad442a5d9,6dd5bfd495f3fac88f044de42cea955bf36f4714344181cdcf51c84515785282,150,1342,138,1204,6.060261835122168,43.31026183512217,61.58,71.0,5.049210424480793,0.557672045522098,0,150,0,150,150,0,0.0,1.0,0.0,1.0,1.0,0.0,raw_runs/test/attack_dup_sweep_continuous/level_60/pair_02.jsonl.gz,5f7e8585eb350130ab86a17cf478caffcdcbd600fed216f252ad26cd2ec5c915
test,continuous,attack_dup_sweep_continuous,attack,60,3,13836154008408628279,5160735939387224534,16690329897828099588,9472cda6d3a25402410e1ce4a606ba046d0098b56dd7bcdfd18b658dcf2005b9,8f08196212bde82fde563b6c926e7fd9bedb32f46f349092fcb623b47543c998,150,1284,119,1165,6.130406516898415,43.38040651689842,58.08,73.0,4.951520361130045,0.5537131334400123,0,150,0,150,150,0,0.0,1.0,0.0,1.0,1.0,0.0,raw_runs/test/attack_dup_sweep_continuous/level_60/pair_03.jsonl.gz,fc50dd41911d5f84ba052f3e5c98182ad25ac2b8a3fb7ce9ecc72654a194d88b
test,continuous,attack_dup_sweep_continuous,attack,60,4,11935645281803378086,10850879342782276294,14624513793841115848,76da03c1fd8abd1451b3a1cbaa6eda9a9eecb45f6648ee3262cfdfd1384de4d9,c4e70cd7420abd83600dfe99ea476eebe67891de0cdfef394d056fa8187a1e70,150,1319,146,1173,6.051324569724875,43.301324569724876,61.346666666666664,71.0,5.046489003561845,0.5596439076053707,0,150,0,150,150,0,0.0,1.0,0.0,1.0,1.0,0.0,raw_runs/test/attack_dup_sweep_continuous/level_60/pair_04.jsonl.gz,d26653cdaeda603da4ea77feee8d0f138f0e98ff3a6bb64559b1065abc392126
test,continuous,attack_dup_sweep_continuous,attack,60,5,1757260870866604938,4146312056965225847,17400779068068064191,f9db4876a847e9c4c8593930f5f6b8c37410c6176b1960e210fe039b36181048,625082769b4f4c855627598dc990fed28bce1167e7d3da3467f1ae71867b854c,150,1263,123,1140,6.007344082435379,43.25734408243538,58.06666666666667,70.0,4.9588413110036145,0.5550643553666426,0,150,0,150,150,0,0.0,1.0,0.0,1.0,1.0,0.0,raw_runs/test/attack_dup_sweep_continuous/level_60/pair_05.jsonl.gz,7094587c5a794e534fc88314d50bae60c6ca4c9eacc0a4beee6de1cd67b224de
test,continuous,attack_dup_sweep_continuous,attack,60,6,3344941150479110178,5290337178899518715,11485602798832805935,7b557f895d362ac5931cd8e80572014ab009ddbee32983649f8a10bf5351ea7f,401a1340fe86608ee6d14c6d077399478160edb3fde360d5d12fedf98fc58c04,150,1262,130,1132,6.239736420820231,43.48973642082023,57.99333333333333,67.54999999999998,4.96773085702149,0.5587581987675204,0,150,0,150,150,0,0.0,1.0,0.0,1.0,1.0,0.0,raw_runs/test/attack_dup_sweep_continuous/level_60/pair_06.jsonl.gz,3a528838110bf590acd7d716eb4aa7d5f894c3f157d434c745b904772764ca43
test,continuous,attack_dup_sweep_continuous,attack,60,7,6419627319096885175,3009885920888390511,4998921889414776447,08368c0890262bd0aa475f86431c1550a4b52be536af27a10d48efa31f65ad1f,b45dfa297eb814c84b1e1c8f666eb7c40d10988691a86e752fab503f39f2ea6e,150,1363,129,1234,6.165685079855766,43.41568507985576,62.266666666666666,76.0,5.063132032268368,0.5573701001604688,0,150,0,150,150,0,0.0,1.0,0.0,1.0,1.0,0.0,raw_runs/test/attack_dup_sweep_continuous/level_60/pair_07.jsonl.gz,7414a043b88770b161dae55d6941a97495acb31569feb13c28adbb99622ac55d
test,continuous,attack_dup_sweep_continuous,attack,60,8,4542692740964769341,14469435378480644158,9251192341760977238,fad9eca8ee0d2d2f0a5513f8d8c787eaa101287c9e7e4913026b7fadb889e2f0,db733de27e88ff43b6b3874dc333cf09df58ae8074d4efbf9f99e583ed568e5d,150,1283,123,1160,6.116328526618515,43.36632852661852,59.16,69.0,4.983348680370952,0.5535877252315283,0,150,0,150,150,0,0.0,1.0,0.0,1.0,1.0,0.0,raw_runs/test/attack_dup_sweep_continuous/level_60/pair_08.jsonl.gz,1a2ee418b2248b587bc7ab9da78902f9a72397815676bcd6299ce984719496de
test,continuous,attack_dup_sweep_continuous,attack,60,9,17474522367531266523,2202058633778674764,1361677198099573198,4bdef6d19506e7c3161b0ce671fe8d1dce029e762234d5651e6cdf0e5ec55c2e,af61f87f743a4d375ebecc7133e44d15c38264a114da75d3318c4304403ce5f1,150,1315,118,1197,6.080731402774736,43.33073140277474,60.46666666666667,71.0,5.012411302173526,0.5522570653192317,0,150,0,150,150,0,0.0,1.0,0.0,1.0,1.0,0.0,raw_runs/test/attack_dup_sweep_continuous/level_60/pair_09.jsonl.gz,8929a3e455d75290a201452d3fa5fa9681ae0d929b4673ccee791d9823f8ad83
test,continuous,attack_dup_sweep_continuous,attack,60,10,4442364550062877907,2324713340149489347,1341264857676962496,f3c6c8a4a4e47f9104281ea9f40df9f97ae82eb9b3e43ae482be8c7157be46bb,0db77c3d83c44a26144367d57509e606f8fe7ba70be9c115d46ce0b99de76787,150,1306,123,1183,6.096920760424488,43.34692076042449,59.906666666666666,72.54999999999998,5.001883949763237,0.5553487988644719,0,150,0,150,150,0,0.0,1.0,0.0,1.0,1.0,0.0,raw_runs/test/attack_dup_sweep_continuous/level_60/pair_10.jsonl.gz,17701faa13c523302d30fed59d097a23b57a65c5161eaa8025f058195ddc752a
test,continuous,attack_dup_sweep_continuous,attack,60,11,17081000117766575483,11316276093277514577,335268125916617073,85ede861b3b74c1b0d08a42723b253ee98a7e1669412e3815c980bde3dea2332,3ab1dba7014ef4cffe0a70cdea66329faef9ab103efd9f84bcd4545b9cd2d5f0,150,1291,124,1167,6.142932046613686,43.39293204661369,59.66,70.0,5.001109012822229,0.556847554044583,0,150,0,150,150,0,0.0,1.0,0.0,1.0,1.0,0.0,raw_runs/test/attack_dup_sweep_continuous/level_60/pair_11.jsonl.gz,8d02d4ee8a43caa736bebab31ed6d69f53e92e525d67c70011e6948be601408f
test,continuous,attack_dup_sweep_continuous,attack,60,12,8832631734345316595,10851382885812462550,14447225525159799815,364e6e86cc8cb125dcd9d6322c123ac4871aa9c4e5d52646b74b6d0111d70bbb,cee354431826be997f5f1507c71cd97df6545722cecc59889bdce27aaa2a1286,150,1283,137,1146,6.245351842467986,43.49535184246798,59.38,70.0,5.005344783531047,0.5614140235892225,0,150,0,150,150,0,0.0,1.0,0.0,1.0,1.0,0.0,raw_runs/test/attack_dup_sweep_continuous/level_60/pair_12.jsonl.gz,b884e8d81b77651a9d67d0534814d7086b11b8c07abaafaec65cfe073fb077aa
test,continuous,attack_dup_sweep_continuous,attack,60,13,10028181195738753679,17377064598925272357,12156509380127286553,64b7e54480130ee3d3565dca668e77cb8cdb90d324b62fc9c4833e82d79e5417,9e0034e89440390aa2b71fb7c2de50aa8d8db9a7f283796ddcf425bf3f3684aa,150,1256,113,1143,6.089269975797674,43.33926997579768,58.44,70.0,4.9682386480657135,0.5543582115855117,0,150,0,150,150,0,0.0,1.0,0.0,1.0,1.0,0.0,raw_runs/test/attack_dup_sweep_continuous/level_60/pair_13.jsonl.gz,920e02d27a30bc05cf4a5b5454a54832f6f290b4b91f1ba8884d80a2a4456a80
test,continuous,attack_dup_sweep_continuous,attack,60,14,4821605639821782447,4223715041169017503,1349317837326447328,231ff0443fb0493410dde4040fa148daa458889b3907d72e01f75a13300da310,fdfe0a3616ae73b611d0a144813178230805fb9d9d283446ed0a7b546c66dd3f,150,1331,133,1198,6.012468099156788,43.26246809915679,61.62,74.54999999999998,5.043058201530215,0.5560232248938712,0,150,0,150,150,0,0.0,1.0,0.0,1.0,1.0,0.0,raw_runs/test/attack_dup_sweep_continuous/level_60/pair_14.jsonl.gz,1cc61b86526482d6658cd0f426c9639554ca9259babace8db541399b9df904e8
test,continuous,attack_dup_sweep_continuous,attack,60,15,11853175302378749387,6720599183677307609,1413171623989541202,99c16c9bcbf704e7254dbc94107a76361bbda2357363d1ff26b3088f698f68ef,90d3df1b3a128dbd51dbb98e9f4a28c858d5b1f395c37ea9f039f661b280bf1a,150,1357,128,1229,6.1105681327278685,43.36056813272787,63.54,76.0,5.08151675552101,0.5518587799149354,0,150,0,150,150,0,0.0,1.0,0.0,1.0,1.0,0.0,raw_runs/test/attack_dup_sweep_continuous/level_60/pair_15.jsonl.gz,328d3e1b38740d45256033ff89c7f864461eeee79f361530a74aaf0299de92fa
test,continuous,attack_dup_sweep_continuous,attack,60,16,12616534501666573552,12627197480071288338,1553386908214014413,0c42791df19febe53049fbadbfde998a546738ed6aaaf0945ff5c9e60f8b7b3e,d41c4177f86db0276a0969edb649f3399c2b778a7e5fa5c638c7261ff48acf66,150,1244,151,1093,6.0602187070685005,43.3102187070685,57.93333333333333,67.54999999999998,4.982089521285784,0.5686754323302851,0,150,0,150,150,0,0.0,1.0,0.0,1.0,1.0,0.0,raw_runs/test/attack_dup_sweep_continuous/level_60/pair_16.jsonl.gz,b90041460388951f731e2f8f53fe366633d92844aa9150dee1922b1652728ab5
test,continuous,attack_dup_sweep_continuous,attack,60,17,11801157881835141813,9336715141020142115,17020855612573703796,9491b4410186dc679f48fb80aeeff670544c99ce949b46380fdbb586cb4260f6,8e76946f3735562faba9d0e29ca971c2e746a056406b02eb929e6d7d87c0dc16,150,1312,133,1179,6.081127742005406,43.33112774200541,60.513333333333335,72.0,5.027626407669038,0.5596678817929767,0,150,0,150,150,0,0.0,1.0,0.0,1.0,1.0,0.0,raw_runs/test/attack_dup_sweep_continuous/level_60/pair_17.jsonl.gz,dbb01dabaf7d75f4f96ceb1c20043c6a3e6187128d22bc1f096617023681f7df
test,continuous,attack_dup_sweep_continuous,attack,60,18,860134680128116760,3080095973261707755,7844788596307189730,09121d6f93b7eda2a8153acf9831283a8a86fa1de93e2c8bb727c93b5c03bfea,a8fe6feac2ecbf14bfbde8e4c0a2083ad02b95c3a920575c95b00d9469be4c58,150,1320,129,1191,6.109167597864794,43.3591675978648,60.553333333333335,74.0,5.021341716933971,0.5568462924852017,0,150,0,150,150,0,0.0,1.0,0.0,1.0,1.0,0.0,raw_runs/test/attack_dup_sweep_continuous/level_60/pair_18.jsonl.gz,b5daf0621fa86f614c7c5950757c2fbc317f84edf283a3666559d0455ae161e2
test,continuous,attack_dup_sweep_continuous,attack,60,19,2765256529201453566,10660716801522912321,5765572666126375723,1d1b30e005c751a17df802a720c876f8a113bdf0b88f1d6370167269caf2327c,cb4748a82a88452b9b032c23bce0eb5cbcca47337d81e966cb5f7ae6607c878d,150,1310,128,1182,6.141375162979009,43.39137516297901,61.586666666666666,73.0,5.0395830784782065,0.5541027251575804,0,150,0,150,150,0,0.0,1.0,0.0,1.0,1.0,0.0,raw_runs/test/attack_dup_sweep_continuous/level_60/pair_19.jsonl.gz,41f572d50b068e4c5dc507876a75bf7e8a3ca598b6aa6f6049d69a3bb5a0490d
test,continuous,attack_dup_sweep_continuous,attack,120,0,8377203359892070172,3454123631777269297,8620553171588613818,a239c6fed2bbaa3cf5cdeb81f3d137fd3a052f8cb21c51077c4d90378f2a4d10,b7db0618291dd4d16f0a4b3aa4e728d50aa02c76b1605ac19ff092e41ec2426e,150,2645,271,2374,6.2026519864455345,43.45265198644553,121.66,142.54999999999998,6.022085872293358,0.5516419595657237,0,150,0,150,150,0,0.0,1.0,0.0,1.0,1.0,0.0,raw_runs/test/attack_dup_sweep_continuous/level_120/pair_00.jsonl.gz,2f204a50e558b9ecbffa181d27233764c13bec31989648c9203b21790b3ad5da
test,continuous,attack_dup_sweep_continuous,attack,120,1,16977730830662377644,16574041771284837851,5502078544491930988,6ab66c482a9e5b67742e25a55cfa6241fcd4b14102726b6279f3f3a5863af9e6,a1ee8ab26f5c7647586235ed8e126f35d91b1a38eebea25939319fca9641fad7,150,2588,265,2323,6.0434501274697565,43.293450127469754,118.68,139.0,5.984983750315035,0.5516577687531256,0,150,0,150,150,0,0.0,1.0,0.0,1.0,1.0,0.0,raw_runs/test/attack_dup_sweep_continuous/level_120/pair_01.jsonl.gz,e6d41cbcaf7da7bfc5d3a9085beef93c15f772643aa0a2e1c44a24c42da40dc6
test,continuous,attack_dup_sweep_continuous,attack,120,2,17474291979858848990,949583169032656942,8389687032749184769,11d219c90247f872cd46e30d6c4bb7102e4cd4e5fc3e73fddb7bdad69ba94c40,5d10680bd96f493676de382aaf6a42b0e9b9862ce36e523a34f1a442f7e3bbd6,150,2541,274,2267,6.052861110369404,43.302861110369406,116.17333333333333,131.0,5.9610354525766205,0.5540619164580065,0,150,0,150,150,0,0.0,1.0,0.0,1.0,1.0,0.0,raw_runs/test/attack_dup_sweep_continuous/level_120/pair_02.jsonl.gz,69492b20e616afcc45e2fbb0f8c1b559a5e68dc7b36e01a360083782e04215dd
test,continuous,attack_dup_sweep_continuous,attack,120,3,10328863206529592231,11774122508544598813,17310476339576550052,2375a10a8218a115d84efcfafac5feafd8222f9761bddee11d1bb21590ed6085,ab010d6749dc049a46b95e480c4b390a5fb93443d32d6c011bdddbd6245112de,150,2603,276,2327,6.017009449812901,43.2670094498129,119.89333333333333,135.64999999999995,6.005749006431266,0.5534883750642693,0,150,0,150,150,0,0.0,1.0,0.0,1.0,1.0,0.0,raw_runs/test/attack_dup_sweep_continuous/level_120/pair_03.jsonl.gz,63b8cbcef7ccfcda2bda37e9790e45425741c50cf38aa4ad4a922fa9e37d0a51
test,continuous,attack_dup_sweep_continuous,attack,120,4,15059701741148047822,12981834254827585149,9266772996405276752,72b00e7fabd9717bb1a647c20e0a0edfd129c6769d193a8efca80b14b6440e11,85c908955f59100e596df01832036e3a96b8e17969d090b2bd4ae78322127718,150,2520,271,2249,6.007936049188819,43.25793604918882,116.56666666666666,131.54999999999998,5.963070839946726,0.5521399665329085,0,150,0,150,150,0,0.0,1.0,0.0,1.0,1.0,0.0,raw_runs/test/attack_dup_sweep_continuous/level_120/pair_04.jsonl.gz,8897e30e0ff9446bb2ad8c193f01bd2f35b444a2416d178dc5e840ab949f529d
test,continuous,attack_dup_sweep_continuous,attack,120,5,7723432460910292314,14143399362503015316,345527397915730897,ab9c99aaee9998328f9b327e1ad83c86d6310e1f03ff2298cb1d7fe646b5aadb,544babd332808b6b1b4b3436c5d3ed2f629efad6b00e4d72601cb62f591bc66e,150,2625,270,2355,6.02197612093489,43.27197612093489,121.54,134.54999999999998,6.023146484302266,0.5515631366281976,0,150,0,150,150,0,0.0,1.0,0.0,1.0,1.0,0.0,raw_runs/test/attack_dup_sweep_continuous/level_120/pair_05.jsonl.gz,d513d164e453b9cc201a3e2758e92b03095cc95af8ad26bded77ca1c185fff13
test,continuous,attack_dup_sweep_continuous,attack,120,6,16312610755683342315,4132740184489374292,7634939660422626312,ab4cc7afa205bede7a7616a49a5c655588dab932f509027c4f29f4f5b354d948,637dba3d3f3321b3f49fe124f7553cfef8a6f1d438583c55b2ce8b91415926d2,150,2569,245,2324,6.088068532309071,43.33806853230907,119.63333333333334,136.0,5.9903635003731805,0.5469816002523846,0,150,0,150,150,0,0.0,1.0,0.0,1.0,1.0,0.0,raw_runs/test/attack_dup_sweep_continuous/level_120/pair_06.jsonl.gz,617b1c4e71c6e200837ecc8d1bc32b2edaaf0cb65610609af8cc3f76718e4148
test,continuous,attack_dup_sweep_continuous,attack,120,7,6150188156210431558,14449820104385269486,182316508639290076,67af47d0931e8ce29f1171f6a2b5f7cb514e89edb2756d91ed1063183832d7c4,d0565cf26c961ddcc9f52c56b20b4db39701b0b62d498d03e7651164cd91bfb6,150,2558,279,2279,6.182594973848276,43.432594973848275,116.60666666666667,134.0,5.9668216047907885,0.554001175004561,0,150,0,150,150,0,0.0,1.0,0.0,1.0,1.0,0.0,raw_runs/test/attack_dup_sweep_continuous/level_120/pair_07.jsonl.gz,40ad1bbc447b90dd35a5e1a63298d3a735f353c5cf4da4efef35d428031d83ec
test,continuous,attack_dup_sweep_continuous,attack,120,8,14255591453641436147,1533279152722602806,18211184829534525124,5d81a650871acb254af2e8ba56c92e179ff6147521d5a22b2e010c5087f8bb75,cf0de2585e6c1d4746d8176e85bbdc7dd570096293d83667374d76c66e53d95f,150,2647,246,2401,6.024949200125141,43.27494920012514,122.04666666666667,144.0,6.013176348449962,0.5468916681197697,0,150,0,150,150,0,0.0,1.0,0.0,1.0,1.0,0.0,raw_runs/test/attack_dup_sweep_continuous/level_120/pair_08.jsonl.gz,cad0299ebc96b302c54694f79627f9be2e897a89cf83ea65a57493d84f466adf
test,continuous,attack_dup_sweep_continuous,attack,120,9,4410485485139951129,175659314155868336,2575514557191949973,9066081f74f6128eb21c79d017ae5e68c6de0793c28cf2ddb699fb01bae18f49,3d2e365a910429fbefe3ca1bd76535991553260c86a0224bbf480449e20067fd,150,2590,261,2329,6.1914544056990835,43.44145440569908,118.86666666666666,137.0,5.991810168150089,0.5528406936543054,0,150,0,150,150,0,0.0,1.0,0.0,1.0,1.0,0.0,raw_runs/test/attack_dup_sweep_continuous/level_120/pair_09.jsonl.gz,bca14c6665c6cf59298fd5895a980702bf3ea1fa125a9926d21df327c21910fe
test,continuous,attack_dup_sweep_continuous,attack,120,10,743702014842193359,14638614775406783373,18094785903455309134,cdedae31ccf7fb3cb5bd1de093b08aec5a12e4fd6475cdeb17fe19d60af73ab7,df5991dab99621491c2deb2448f6b60256a7fab6c948068786d369c3db34e436,150,2561,238,2323,6.054098441834665,43.30409844183467,119.18666666666667,134.0,5.986199519289627,0.5478486873633015,0,150,0,150,150,0,0.0,1.0,0.0,1.0,1.0,0.0,raw_runs/test/attack_dup_sweep_continuous/level_120/pair_10.jsonl.gz,8edb93cc38ff1f260d31c3754e604d0e30260b8d1d385b27d57dd3ea29070906
test,continuous,attack_dup_sweep_continuous,attack,120,11,6937732872999664108,11747685142109483282,1746172462298898677,43cb87e8e21594121e5c406c03ad2b8618494007385732f9d2f57ca1da042ab5,676c0b12b71f64cfe71afa8a30f010023a27c3fcce32f12860f3aa5ed72933f6,150,2547,289,2258,6.080600204929572,43.330600204929574,117.10666666666667,132.0,5.977567165976299,0.556789025278493,0,150,0,150,150,0,0.0,1.0,0.0,1.0,1.0,0.0,raw_runs/test/attack_dup_sweep_continuous/level_120/pair_11.jsonl.gz,ce412d6917269781d412494bbdecca6ab4070c989e5df50afc3b7406712512f1
test,continuous,attack_dup_sweep_continuous,attack,120,12,318235669795214381,7455951692569321731,6775632895226609510,0cb2a715f278bbfb13f132bad66c6aaf7f150269ef5a5d3cca88629474be876d,7fd8cd4778e3eb5d0c9284fb652b4f7da6871432698a988c4ee719b58137a53c,150,2597,248,2349,6.123950836984667,43.37395083698467,118.86666666666666,135.0,5.983730563006232,0.5487970328089975,0,150,0,150,150,0,0.0,1.0,0.0,1.0,1.0,0.0,raw_runs/test/attack_dup_sweep_continuous/level_120/pair_12.jsonl.gz,d7f2199808b83b207299bbd4f9b97e45fbe08464d9023aa8efda18029f7a98f3
test,continuous,attack_dup_sweep_continuous,attack,120,13,5963114150740161007,12572808009116746492,2450279927978154277,e8aaa6f4dde94b1bc08010d83bbe4238007cfc7479f4c7afa14c1b5e9ff7a63b,a1674dd3090df1bf6f18545be99d7b41ab10e993159e738aab2181cbe71fc3d1,150,2603,267,2336,6.059467103547272,43.30946710354727,118.62,133.54999999999998,5.984670152330376,0.5497978743666446,0,150,0,150,150,0,0.0,1.0,0.0,1.0,1.0,0.0,raw_runs/test/attack_dup_sweep_continuous/level_120/pair_13.jsonl.gz,bfc59415c4e890f27aeafe2c89ce7d55873e98db188c98d3611f587ce879edb8
test,continuous,attack_dup_sweep_continuous,attack,120,14,5921354361794523497,5972561165925497729,8933204840906850027,9afb0ab865275f7c1523e7848297b12108762b8d6babd2c5a77bbc23cbd1c880,f4b576574a3a4e504a977c5e1a3b906040713f2b34008a4266d796f8a7209841,150,2652,239,2413,6.009162122583685,43.25916212258369,121.84666666666666,139.09999999999997,6.018563403041185,0.5483196830388567,0,150,0,150,150,0,0.0,1.0,0.0,1.0,1.0,0.0,raw_runs/test/attack_dup_sweep_continuous/level_120/pair_14.jsonl.gz,b22db3bbbb9bfda04bac4d1c8cf6028cffde55fdfa01933ff48a2c7021161954
test,continuous,attack_dup_sweep_continuous,attack,120,15,6840726219925807843,12649960720818103437,2774752176193334985,7880df9a6eff9b421a5d97f492c5bc66d67bf36a3acd6195a548f9007066278b,30c325def5f77e153d47cf91885d0bfd32e85cdf4c87eb9fd7a1b96a2d5cd285,150,2513,264,2249,6.010475163655674,43.26047516365568,116.64666666666666,135.54999999999998,5.965679554052008,0.5539707278286583,0,150,0,150,150,0,0.0,1.0,0.0,1.0,1.0,0.0,raw_runs/test/attack_dup_sweep_continuous/level_120/pair_15.jsonl.gz,62503bd554f9b2063320617e9860c14132b2e701c881b3330eaebc14d49fb568
test,continuous,attack_dup_sweep_continuous,attack,120,16,17059881575728195470,12962201300728633190,193317484029526708,ce93fec7cadeeead870d11709848d47726192d9f70168819495c1cf210106770,e37f64866658e6790110800bcd4b9d6bd846a982520acf86409ac30e256e2fbe,150,2614,273,2341,6.136196256751553,43.38619625675155,121.12666666666667,137.54999999999998,6.01674680817944,0.553232538407982,0,150,0,150,150,0,0.0,1.0,0.0,1.0,1.0,0.0,raw_runs/test/attack_dup_sweep_continuous/level_120/pair_16.jsonl.gz,f128a1faed305a1d32c36b52794a7353d602ba129901bbb6e8e37f2d3b04bcf7
test,continuous,attack_dup_sweep_continuous,attack,120,17,10475107289356059551,8651585788118722659,14067400217017572798,1d55251fe35059603767ec86fc85a00461cdab5b8003e28d2bab1df5155c56a6,296a3becd8c1989d2267c3426ea5c570683b0014c8dfee83c8ebf5c85a929505,150,2579,261,2318,6.216809479138272,43.46680947913827,118.44666666666667,130.0,5.987373420881654,0.5520127172290759,0,150,0,150,150,0,0.0,1.0,0.0,1.0,1.0,0.0,raw_runs/test/attack_dup_sweep_continuous/level_120/pair_17.jsonl.gz,de49595775aaac25580e2e5d6ac2a027c6fe38511b5d665c15dc1fd611c4f552
test,continuous,attack_dup_sweep_continuous,attack,120,18,3846968442796898447,10403517115914327744,9981239277211766970,444653bdac4c0a3239c00fd50e7e77c35426db0aa2476ac3ac400e32717cd109,365e755ca7c0f82acce97e2119fb47faf94ae914b4a721e8d57084f605952a06,150,2607,241,2366,6.081801653201673,43.33180165320167,120.8,139.54999999999998,6.0043356566654555,0.5481227337889216,0,150,0,150,150,0,0.0,1.0,0.0,1.0,1.0,0.0,raw_runs/test/attack_dup_sweep_continuous/level_120/pair_18.jsonl.gz,4c7de7f6c7d8f0ccbb3133f42c92aa8d552b71927d1bc089a0a9904b643fa1d5
test,continuous,attack_dup_sweep_continuous,attack,120,19,15827488436496725697,448282165503569617,6747357006802712298,6ee598e59923fa93329bc302a9021c213a9bc36a99e69dd95d89f2d4aa48b6dc,2411c65a30296c57e9acca8860e38d595fdbccebae860434a5f57412da97537b,150,2535,245,2290,6.141337114743804,43.391337114743806,117.76,134.0,5.9735991859580055,0.5498415261239514,0,150,0,150,150,0,0.0,1.0,0.0,1.0,1.0,0.0,raw_runs/test/attack_dup_sweep_continuous/level_120/pair_19.jsonl.gz,666b1e9229e9519d26e9ff70908ada9b14b6e1c6dace2939f559f09c2c70e6a2
test,continuous,attack_dup_sweep_continuous,attack,200,0,3305879775677813233,10421308348587540143,15723043350642322882,986571c75dae06d62e17a71542a6013296cb6c94b082bb0f549e307c40938eb5,3e03b7a42b4363e9e9f00eca0a7af10835ec56253b1183327cf74af50ce2f9b8,150,4318,450,3868,6.24795365588724,43.497953655887244,198.29333333333332,222.74999999999991,6.722299997241383,0.54894695961727,0,150,0,150,150,0,0.0,1.0,0.0,1.0,1.0,0.0,raw_runs/test/attack_dup_sweep_continuous/level_200/pair_00.jsonl.gz,eec75dea1721554f8d3d2942ee42cc13d9fe41cc4e18535c8c549cb3e33db9b2
test,continuous,attack_dup_sweep_continuous,attack,200,1,11965773264084442328,8727095041189310502,18441355466150894283,8490c9a4d1aba0ec105c7bdc6a2e6597c9dd298801bef8faa95f1698a9c4cff7,73f81f97efad620eea0eb89d9a926959370880a7774c7421625f9a727ce55f34,150,4520,437,4083,6.170198780649708,43.420198780649706,208.96666666666667,227.54999999999998,6.794196118755909,0.5460753008693295,0,150,0,150,150,0,0.0,1.0,0.0,1.0,1.0,0.0,raw_runs/test/attack_dup_sweep_continuous/level_200/pair_01.jsonl.gz,7127c19f2d8ac8d129b3eef9394c253bc6ea4a091661c90572749329dedaab0d
test,continuous,attack_dup_sweep_continuous,attack,200,2,18325105054551786770,7064399210547045580,9839467972892022934,822b470e86357c11735e19e05e5acd309c9ea33c073b3059f11758e1838205c9,a14b3ce9cdf8589911ad6570537a37c82b2633fc345fd596c3c0e4b752059648,150,4435,415,4020,6.238696724756045,43.488696724756046,203.75333333333333,229.09999999999997,6.7529949448721025,0.5450165980041723,0,150,0,150,150,0,0.0,1.0,0.0,1.0,1.0,0.0,raw_runs/test/attack_dup_sweep_continuous/level_200/pair_02.jsonl.gz,5f8213b7d14b90729c1f8c8f425c717a29172d52733c146f84f463b6bf5f13dd
test,continuous,attack_dup_sweep_continuous,attack,200,3,2706547891802339268,12565575302086033423,14876920592870976346,9a943cbb901e99e28ccef82b7e0b331f3e98e516976e4e56ae23cad12301fa5b,e12ea21765b8b88482120abbb3c1b829d7cc8743917a66bce9e767b72d8262e2,150,4339,447,3892,6.1593309519028026,43.4093309519028,198.62666666666667,220.0,6.727474513061261,0.5494163866828555,0,150,0,150,150,0,0.0,1.0,0.0,1.0,1.0,0.0,raw_runs/test/attack_dup_sweep_continuous/level_200/pair_03.jsonl.gz,6ba125be6e9d25c3d9270bd4cb47243e8d63a300815cbb3bc3319ac4d38c3fd4
test,continuous,attack_dup_sweep_continuous,attack,200,4,5380016248454964302,3694083526017213416,8648999108049453957,19d3021525597c7368ebb7eb9807f07160b6325585ec4096e56e0ac83a2f9733,af9096d370485e128a969ba11f7a187627691ebea544a9e01e8ea2f4e4aae7c7,150,4343,427,3916,6.212387741854516,43.46238774185451,202.38,229.0,6.745858002149251,0.5462943622862029,0,150,0,150,150,0,0.0,1.0,0.0,1.0,1.0,0.0,raw_runs/test/attack_dup_sweep_continuous/level_200/pair_04.jsonl.gz,c12c4c9903a4465fa005f12dccde781121572680b96bd41909228a572c32c95c
test,continuous,attack_dup_sweep_continuous,attack,200,5,8188740890578337911,6615532565649476703,754546456996855049,d0e4573c5aeb1603553c0b874b116b7f657a7561f34e7b60068a4a51ee4756b3,66710fd941903b16345bf5035b8a13887e7597559797c45321614859baa59966,150,4321,440,3881,6.157481472613676,43.407481472613675,199.27333333333334,227.0,6.730978197034527,0.5494370341267865,0,150,0,150,150,0,0.0,1.0,0.0,1.0,1.0,0.0,raw_runs/test/attack_dup_sweep_continuous/level_200/pair_05.jsonl.gz,0472fb65029ea9f0a19c1d8d4416a0e931e9786007767737a82559edd43f688c
test,continuous,attack_dup_sweep_continuous,attack,200,6,11156434581171536795,4136638949697257322,7291763269359109588,c885a25e389058c45d0ae4bb5ea680ee86560807db16093c32053b3237854273,55ee83d2921a88451cfdd81669092f85c097e7935688e43e969cd35faf6d7f4e,150,4349,432,3917,6.026749851195157,43.276749851195156,200.77333333333334,218.0,6.740532382585107,0.5487607264835083,0,150,0,150,150,0,0.0,1.0,0.0,1.0,1.0,0.0,raw_runs/test/attack_dup_sweep_continuous/level_200/pair_06.jsonl.gz,4097b943f6254c110581ba0f9c7f0f8c68be69d1e2c72306a90e624f14401c90
test,continuous,attack_dup_sweep_continuous,attack,200,7,14463190566117325287,17107551952184837091,2502688915285606660,7be1b0b3bbcbc0516b8ba376285f05780f7c7f52e8e1aa84f3ed52b197720be6,3237046a73171c7389d41d617ce865c08a9d58013231b65c1f1236d754903d2f,150,4269,469,3800,6.123123255424631,43.37312325542463,196.32666666666665,222.54999999999998,6.717944637386781,0.5539043810443243,0,150,0,150,150,0,0.0,1.0,0.0,1.0,1.0,0.0,raw_runs/test/attack_dup_sweep_continuous/level_200/pair_07.jsonl.gz,e8e96a103d033d5c73da610d74a0498730b03c64f1d3b8a75a04c9fab5bcf40f
test,continuous,attack_dup_sweep_continuous,attack,200,8,16195968407897823456,9995507322886959644,7187191213289777535,a6e549baa69d0a7d4a333ee920b7d43f2e387817f032e9a706b23d9ccd54f7d0,730d8a32eac780a79fbef5326b008553509cdd426b3f1dd3a00ac6916b1c2e49,150,4283,421,3862,6.114049540250361,43.36404954025036,197.70666666666668,221.0,6.7153687250476155,0.5478404001054591,0,150,0,150,150,0,0.0,1.0,0.0,1.0,1.0,0.0,raw_runs/test/attack_dup_sweep_continuous/level_200/pair_08.jsonl.gz,ed5891d58bb97b4b8d42d3626f18422c8dee2b8fc9d99c0d9c90db463634373f
test,continuous,attack_dup_sweep_continuous,attack,200,9,7420720521770374408,2465067361418340396,5134952769617097446,5ca47e04ace17b0a946d279a29495ba3ebbb91338de898eff0a76665f1fb551c,b05865393a4cada4b1f0bb52ea3e907297dfb84a67e2e74666d197b286b9e69b,150,4339,399,3940,6.12631336198363,43.376313361983634,200.05333333333334,221.0,6.72199799380286,0.5426428121620275,0,150,0,150,150,0,0.0,1.0,0.0,1.0,1.0,0.0,raw_runs/test/attack_dup_sweep_continuous/level_200/pair_09.jsonl.gz,c5897cdef3957c6ac4deb02edc089b85dc23de839aa06daa653331d3dde7bb87
test,continuous,attack_dup_sweep_continuous,attack,200,10,5878993358639171811,1397690522937504700,369507659418486278,68883f6d0eee72f74499401d0cff546a1fe7d04dbb05e8019c976666f2edeff9,3436c3785f8a50c1528a4d7311feb57c1c449a948b753818b10d037bff82db3f,150,4340,396,3944,6.228007532965487,43.478007532965485,201.27333333333334,234.09999999999997,6.728039635494272,0.5415129583612317,0,150,0,150,150,0,0.0,1.0,0.0,1.0,1.0,0.0,raw_runs/test/attack_dup_sweep_continuous/level_200/pair_10.jsonl.gz,6170669d82fbfa8410a913a8bf3ed85339bf205e2b3bac8956e7234c8b2ee810
test,continuous,attack_dup_sweep_continuous,attack,200,11,14014917943405241459,15639064061822942779,4558346699725522369,89d63dae906dcc6bfdefd59f9e8492b5dc685d628f95b2cc14a2544e54b4ef68,8b50b3d1b40acf2f03e0497c2e219067f37e98719e969a1ddb6826a68f9d9dab,150,4327,420,3907,6.073977129668739,43.32397712966874,198.36666666666667,221.54999999999998,6.720173835794058,0.5469125013843408,0,150,0,150,150,0,0.0,1.0,0.0,1.0,1.0,0.0,raw_runs/test/attack_dup_sweep_continuous/level_200/pair_11.jsonl.gz,9d3a96f410cd0ab7032574cacdea9e11f9a2545d5b0bd37cbed6cc178393f66c
test,continuous,attack_dup_sweep_continuous,attack,200,12,16917716329140676774,3488760609135040061,13747808959984114218,7af0ef0ac27288eb8421ec74c7833ba621655a50054412194be5e493ec6e7a19,3a1e7848f7258d9b0ce2b21564a47b009d159d55aa2d2eed92d71e39a2e02835,150,4287,431,3856,6.108001044223623,43.35800104422362,197.05333333333334,217.54999999999998,6.7124345217845045,0.5479852039847034,0,150,0,150,150,0,0.0,1.0,0.0,1.0,1.0,0.0,raw_runs/test/attack_dup_sweep_continuous/level_200/pair_12.jsonl.gz,a9b7f878dea097a5d59f34f20b38367a9ac511abc0783a44288e6444932a14e7
test,continuous,attack_dup_sweep_continuous,attack,200,13,7464805818551332891,3594028296982437660,5881566407511308289,b620895b420e6e8b8521e752b8b07a6ae98b8169891eb3d0e952ced6617aff57,c5848947e0e713c3cac623eccc17ad8ec56ef95b84e6d6ea5fe2a88c1d420d52,150,4319,435,3884,6.011351901710134,43.261351901710135,201.98,226.09999999999997,6.744069936314177,0.546892827606214,0,150,0,150,150,0,0.0,1.0,0.0,1.0,1.0,0.0,raw_runs/test/attack_dup_sweep_continuous/level_200/pair_13.jsonl.gz,ff9f669d1e3d518b8c3817971b0014391c1d56007ecb7df4cc06f3cf0012aff9
test,continuous,attack_dup_sweep_continuous,attack,200,14,1452719303974328239,12096775087322271447,9862312214874837906,f8879601b6c8ad43f88ef9194e1e87e00650741e147f371ee39153225806289a,31fe08c07a38555050aae74389430709ccd45539f382933954f4c2ddaed583ff,150,4331,443,3888,6.14466914188646,43.39466914188646,199.53333333333333,220.0,6.728865129846769,0.5477276981620404,0,150,0,150,150,0,0.0,1.0,0.0,1.0,1.0,0.0,raw_runs/test/attack_dup_sweep_continuous/level_200/pair_14.jsonl.gz,8141b8ac68a6e5d59af911dbd45087505a958bb8b882d404592cd8c8f16b4cd4
test,continuous,attack_dup_sweep_continuous,attack,200,15,10545419444575691520,10913551492580424201,5712053511849461459,a9927b588a2ec2a6b39e44784ed2fe1426df287b3bb1bbfd96632760e8c0c008,d19bece04b3994faa4f8f6cfe263112682bd4fb3e30a1d8623ffafaa983e8a9c,150,4435,445,3990,6.073601321081953,43.32360132108195,203.54,226.54999999999998,6.754428422142994,0.5460276756848765,0,150,0,150,150,0,0.0,1.0,0.0,1.0,1.0,0.0,raw_runs/test/attack_dup_sweep_continuous/level_200/pair_15.jsonl.gz,60a96b0b0e2d2c8995f931de3a7a4d47f4e3a95bc496b3f72b61a7c9669c0cd7
test,continuous,attack_dup_sweep_continuous,attack,200,16,16924871886836409043,13164511343039614138,14430721026285202203,f767a8f2790af9280ab47a0b243094968b2357c9576455f4326817129f206a96,537cca99d3c0a12164076dac7cbfbead16af370e9e92d37a2fdb74b67b571115,150,4333,431,3902,6.008238262046109,43.258238262046106,200.18,219.54999999999998,6.731306898935222,0.5465137526370853,0,150,0,150,150,0,0.0,1.0,0.0,1.0,1.0,0.0,raw_runs/test/attack_dup_sweep_continuous/level_200/pair_16.jsonl.gz,c28cd220811bcc68a4a6ceb35de982c8a90e321d3dd5e561421d1c96532d4eb6
test,continuous,attack_dup_sweep_continuous,attack,200,17,16212361361642675651,6376889248889209352,10784591962828407264,a486b8ce83cf3cb6578feb352e02ba6035cf852b73f7a3eeafab147f60e41af2,ebbff000a2990e0fdd4517598a3a9d9f1786f81a18c5dae5cca8761a95bee1c3,150,4399,454,3945,6.1809025969794975,43.4309025969795,201.24,222.0,6.74517442057616,0.5492039576204546,0,150,0,150,150,0,0.0,1.0,0.0,1.0,1.0,0.0,raw_runs/test/attack_dup_sweep_continuous/level_200/pair_17.jsonl.gz,587185166c07381a541da36d811d4e16dc4c5820d5b942181476eeb1eadec723
test,continuous,attack_dup_sweep_continuous,attack,200,18,1713736422933491290,17976316930641060919,10521849521745690039,98358c5fa1affa7cb1faceec57f6fd4ae686aad2c46f2bf757a1a3243f81a954,b0d92f748e3e0bd06c96343e43bc5512531cb450d79dc7ef9cdc0e2d8e41aab4,150,4448,422,4026,6.059943681230951,43.30994368123095,206.45333333333335,231.0,6.769085122604595,0.5439347565152438,0,150,0,150,150,0,0.0,1.0,0.0,1.0,1.0,0.0,raw_runs/test/attack_dup_sweep_continuous/level_200/pair_18.jsonl.gz,100adaeed05d7a85a0ad7154962f45874850401c0358b60d919782544adb0e74
test,continuous,attack_dup_sweep_continuous,attack,200,19,6259214419204108173,9442383015232684198,10778066036464800983,f9e8c9cdf891a10d632b7f8fdab9f5395764353a4ae0e877352fa2c3f181341d,655444c413b8670ae63f4e8ae8cdf31da5fab0d71edefa5431340ca85e9780f3,150,4268,416,3852,6.104248377780277,43.35424837778028,196.74666666666667,217.0,6.710397816219261,0.5477066534188133,0,150,0,150,150,0,0.0,1.0,0.0,1.0,1.0,0.0,raw_runs/test/attack_dup_sweep_continuous/level_200/pair_19.jsonl.gz,ec0f7b35f9cea841eb2fd0dd2f3334f8c38abc0c1799420a7200a5ab4d1af1f0
test,continuous,attack_fixed_continuous,attack,24,0,5274255389240652009,15014387500873148184,13744632265014808425,1b9f95a5cba0bd51a80c4144aa936cffd0c3b29b4bb629d7fce913fb17747f84,39337aabd0fcab5b5f6dcd0f72c012ed07d837fedb94c9b00d209d85c06431a7,150,494,46,448,6.194597052502586,43.44459705250259,23.26,33.0,0.51185488188959,0.13353522317211217,0,150,0,73,0,0,0.0,1.0,0.0,0.4866666666666667,0.0,0.0,raw_runs/test/attack_fixed_continuous/level_24/pair_00.jsonl.gz,9f1f1c1e6e59a075296d407a23014dcbd29d928ca5766208f2faecca441af389
test,continuous,attack_fixed_continuous,attack,24,1,6474713877111862370,18218316800924262946,11566599486980412113,1300aac0f831b0e78290060d3a277a1a94f446c221ffd2bbb9d3a59c71a8af51,aef4e66d43e8440ae34755075c5dc77ef203a4094250330aaed2cdf5daa84f65,150,530,44,486,6.059661028066949,43.30966102806695,23.866666666666667,34.0,0.47808957933547325,0.12484770304576907,0,150,0,78,0,0,0.0,1.0,0.0,0.52,0.0,0.0,raw_runs/test/attack_fixed_continuous/level_24/pair_01.jsonl.gz,a71ce7a59763e01b02e9305d6d57abb0616f78ef87bbdc124d77e5263fc7978e
test,continuous,attack_fixed_continuous,attack,24,2,3553928651814727180,7774970940855440883,14805042662083655567,9030a77ad504d97bd5c536bf3c1830ba0c3db9fcb7912ac96e3836f9aaa174a0,fcfb013575b9cfffceb47f75648e7dc84127fa7c9eac273a7f4b51d9fff59f4c,150,538,60,478,6.143086554961546,43.39308655496155,24.373333333333335,33.0,0.6452970768943966,0.15214646177537064,0,150,0,88,0,0,0.0,1.0,0.0,0.5866666666666667,0.0,0.0,raw_runs/test/attack_fixed_continuous/level_24/pair_02.jsonl.gz,280ba86a2c6449b1a4076f7c20353673c73e3b697c42f9a7e86822cc6c1d7923
test,continuous,attack_fixed_continuous,attack,24,3,8713878134198056602,17210684182313449382,16001456366414150066,e97e50cb04a4eddab7398da135959aca1d34bdebe4e1978f23c6dbebca980a34,971313117897ea72eeb695e49bdb4263e841dab6b1864f6d23a42ceaf549b903,150,527,64,463,6.105011898489584,43.355011898489586,23.726666666666667,34.0,0.7074175116347431,0.16745233419996391,0,150,0,74,0,0,0.0,1.0,0.0,0.49333333333333335,0.0,0.0,raw_runs/test/attack_fixed_continuous/level_24/pair_03.jsonl.gz,e10299f7c7dbb5ca7f3237aee4001855104f33e86b983a55f518ad59dc79b3a2
test,continuous,attack_fixed_continuous,attack,24,4,2321089306315690618,15715962716480013879,12127872443670154180,25e0b3f9a4220aa67378048100ed2b9cd4a2dcd270804548dff89198753276fe,978064f27bff79516e5bbd9ab246b3ae709ba474343e5f80567065499625e9f0,150,538,54,484,6.052494772064169,43.30249477206417,24.64666666666667,32.0,0.5598066212035595,0.13539421829201495,0,150,0,96,0,0,0.0,1.0,0.0,0.64,0.0,0.0,raw_runs/test/attack_fixed_continuous/level_24/pair_04.jsonl.gz,bb65b8b7879cb4cfad07a1d7c06787204b528480d61a0e8d6b4def4c3fe2b1c3
test,continuous,attack_fixed_continuous,attack,24,5,8845182802892067711,15927061754876500610,9253347396979726394,e3171231ffa9e65d41c50fea6ee79c0b86622a3b4691deb0e03ef461f17eafaf,8c5f7f527a17f405bd049ecf198469cd8192af88bc75353e189e8195866a110d,150,546,59,487,6.190030431836424,43.440030431836426,25.326666666666668,35.0,0.6248644436562768,0.1473925081821944,0,150,0,90,0,0,0.0,1.0,0.0,0.6,0.0,0.0,raw_runs/test/attack_fixed_continuous/level_24/pair_05.jsonl.gz,9dcc078ff5c0b7bf477fb12e99799a50c91b9e5ce0fc5f0ffed51b0e8bb4cb03
test,continuous,attack_fixed_continuous,attack,24,6,2949316312643293065,14082473857851196443,10973957334578441344,f1280e0349393ed8fe34e4df741698cbdef664da679c404ec7ed8560ab9ccde7,45b7f12424b1d4b3e204af49feb6d048813337dfe8f16129f0a5a551a7afdbe3,150,517,58,459,6.067214993855386,43.31721499385539,23.926666666666666,33.099999999999966,0.6597041689592383,0.15655096817819203,0,150,0,83,0,0,0.0,1.0,0.0,0.5533333333333333,0.0,0.0,raw_runs/test/attack_fixed_continuous/level_24/pair_06.jsonl.gz,52ccc6903c7d5436bdd4e5b3a874f3bca813a47f17a0aa1d6faa92a02c6fbbb9
test,continuous,attack_fixed_continuous,attack,24,7,5685123771069856718,16031353033753044848,1819153134451715235,076316ddb96d04ab8422e18738867f1107b42b02e39343edeaf6b6378c74f129,3c69a950226faa23eb0a1eb8262eb839f56c88166af829fe7a4e1d8983802930,150,520,53,467,6.026945624084125,43.27694562408413,23.866666666666667,31.0,0.5826021813580363,0.14196624566735533,0,150,0,80,0,0,0.0,1.0,0.0,0.5333333333333333,0.0,0.0,raw_runs/test/attack_fixed_continuous/level_24/pair_07.jsonl.gz,e9c8fb538cd640ebe32576081483c7d90c3e1f855cbac49ebd3b2c9da7175a0b
test,continuous,attack_fixed_continuous,attack,24,8,892302016456819625,10650220714046566619,11308173329099839806,4ee1f3b89ebf49bca59f5d940e4897da9f0e67f2a9deec7ad7665f5dab393a53,271d98a79ef21d0e9ff693fb9c95da0b79a5540c36cbee0fe5b6cd6a9d62fbc5,150,466,55,411,6.098842190851139,43.34884219085114,21.18,30.549999999999983,0.7272525364510217,0.17735032827845637,0,150,0,46,0,0,0.0,1.0,0.0,0.30666666666666664,0.0,0.0,raw_runs/test/attack_fixed_continuous/level_24/pair_08.jsonl.gz,ba2b143d3cd813d914757933bcb29aa13e401b38c9ea757c2b60917f1f4b53cf
test,continuous,attack_fixed_continuous,attack,24,9,4379469355687760136,5132125539809160820,8384655117695701211,f5437d0a2121e91f76a7f8a12df693682ae6245af8962383983c7b9d8476961a,29400abba3b287e327d55b0763d329190a1b2cc13e0db6ca504741e9fd3fa2e1,150,531,50,481,6.151960273949927,43.401960273949925,24.826666666666668,34.0,0.5820641042584841,0.14030184819122496,0,150,0,86,0,0,0.0,1.0,0.0,0.5733333333333334,0.0,0.0,raw_runs/test/attack_fixed_continuous/level_24/pair_09.jsonl.gz,f7ca9733ddd4e5edce60baa870b697ecac17d65c55b79f6bc4ab08ec8af4c498
test,continuous,attack_fixed_continuous,attack,24,10,3305485504433524465,11594913408255821544,14685651855719661132,9cd1ae0b89bc709f198fb2d7ee6f4bc2c84546d795381a79d9a779a6d8e5fa17,451129d6a73c1c4b9ef23f3efce149675b20037d4b1b23c48a8d0553558eb75c,150,501,52,449,6.094142064944289,43.344142064944286,22.846666666666668,32.0,0.6320226953190794,0.15502223783120464,0,150,0,58,0,0,0.0,1.0,0.0,0.38666666666666666,0.0,0.0,raw_runs/test/attack_fixed_continuous/level_24/pair_10.jsonl.gz,d1766286287c6ab26251cb8da38fdd0edc5c3865af3a1f8561efdfc438318822
test,continuous,attack_fixed_continuous,attack,24,11,12970963081985540857,11161326003885433934,1728599707289949825,e88d9084ab0ac300fdf7a8d844f4bc548b86d60a9947d48b6804b52e358259b1,3626ebb106ead1a2f01c6083cda8e9b3284a7b29f4f6a1912c8103345e9ddc2e,150,520,48,472,6.2481035051071645,43.49810350510717,23.706666666666667,33.0,0.5380940254605648,0.13544722236994974,0,150,0,64,0,0,0.0,1.0,0.0,0.4266666666666667,0.0,0.0,raw_runs/test/attack_fixed_continuous/level_24/pair_11.jsonl.gz,2a69169e3d14a735bba02dc3d6df2a436f224659351fe291ce34aa651a5cb95c
test,continuous,attack_fixed_continuous,attack,24,12,17354426133336639490,17814275030682764157,16439818216630951447,0900741d292da636417758613869ec212b2d0cb41d4ee953026f3f25549ff217,70e781517e4db994e0d425076661779fbab811c65cb9d9ed50bdf4ebc25cdc34,150,529,36,493,6.157628592017516,43.40762859201752,24.38,31.549999999999983,0.36821675546190247,0.10478931003972017,0,150,0,91,0,0,0.0,1.0,0.0,0.6066666666666667,0.0,0.0,raw_runs/test/attack_fixed_continuous/level_24/pair_12.jsonl.gz,b35e9205e49d3e7baad88d01e2b8524556ec83e50dd42f5ecc693690961efdc6
test,continuous,attack_fixed_continuous,attack,24,13,929499694554295103,2470362723243134418,13108028399037631343,83bc6084b8d794dfb38d7403d70a1cacc9edbf6ca67c6d016de4e34b60abffdd,d260e40a296ed2f1a15464509d63eb0ebc05ed0575dec268fd0bd5206090735a,150,501,44,457,6.175042208022655,43.42504220802265,22.66,31.549999999999983,0.5449691005033815,0.1394877737092801,0,150,0,64,0,0,0.0,1.0,0.0,0.4266666666666667,0.0,0.0,raw_runs/test/attack_fixed_continuous/level_24/pair_13.jsonl.gz,3ac15b5992cdf172c6cb1bcd00a7fd79a63bc17e08b4aef8150d3dd164990ba8
test,continuous,attack_fixed_continuous,attack,24,14,14517353942880207824,15352747597855916772,17276405104286343597,a36ff9c8ba04669d48291f85338f53ebf171f9f6bdd84d6a3e23eee4bbbf195d,f9354d52085739fdf7dd20ce56e489c62188a57d3c18228252cc2d2fb41ec8fe,150,502,52,450,6.020722316785494,43.270722316785495,23.313333333333333,35.0,0.5926773401621713,0.14565795583604776,0,150,0,59,0,0,0.0,1.0,0.0,0.3933333333333333,0.0,0.0,raw_runs/test/attack_fixed_continuous/level_24/pair_14.jsonl.gz,a2b3a158835e056b8873d12f94423eb0915c9ca61b442e663d196d3b87a2989a
test,continuous,attack_fixed_continuous,attack,24,15,14906247675353202697,14515981090157133639,9172404125144842783,7486df8646c709d8e5f41404e026782d39dcf356e3585324287403b72c00703b,eb561961d436fe46b6da35c5d35f22d396e75f5dd16958ebf481da7f5b5ed81d,150,538,47,491,6.112445780669572,43.362445780669574,24.69333333333333,33.0,0.5314929723009267,0.13010819085822944,0,150,0,84,0,0,0.0,1.0,0.0,0.56,0.0,0.0,raw_runs/test/attack_fixed_continuous/level_24/pair_15.jsonl.gz,4790ac125c5983a68cc203a75909c7be72b4a8114deb264dc9c1929b5905d875
test,continuous,attack_fixed_continuous,attack,24,16,5023607860423777729,387888889863381425,6696108381159917309,e9cf8bd6f4ac70e7a81204452bca304af0b92f04813ad13b60556af72f027b87,5723e301406be473d934924302032484713cb05b66278a2edaec99323185dbe1,150,527,59,468,6.10869197497945,43.35869197497945,24.206666666666667,30.549999999999983,0.6007205106761678,0.14413665068854364,0,150,0,82,0,0,0.0,1.0,0.0,0.5466666666666666,0.0,0.0,raw_runs/test/attack_fixed_continuous/level_24/pair_16.jsonl.gz,ba0e253484b15f0127762f62f58678533e3b093a08aa556593ad2ff41de828a9
test,continuous,attack_fixed_continuous,attack,24,17,1490974601967308036,15362337821839643668,4612054833280375525,39224192b30706eeb371cc405077d3a34d7d152192deededbfa62f4f95e4de87,cdc7ae647fb484ba23e6f7ec9ed399ae296cdedb03ec6c4158f5a89f997b991a,150,534,55,479,6.063946883748506,43.31394688374851,24.453333333333333,38.0,0.6628713378372957,0.15757067912734735,0,150,0,68,0,0,0.0,1.0,0.0,0.4533333333333333,0.0,0.0,raw_runs/test/attack_fixed_continuous/level_24/pair_17.jsonl.gz,e65d698a18d8bb7faa89efb5f2f4e2331b48b5385c68b6795a623360be68f0fa
test,continuous,attack_fixed_continuous,attack,24,18,7362073525556726832,7306066794261590589,16338589053971139362,8a160dbbe4ff33fde0c01c6049cd36d58c98483c1e3671772a9e34521ec7dbda,ab309f92628a92f4708287a85b281447fdb6c3d91adb900ea38f91c2c7ed2fa5,150,533,53,480,6.1444835717236606,43.39448357172366,24.446666666666665,31.549999999999983,0.5797645123215472,0.13922035283692344,0,150,0,87,0,0,0.0,1.0,0.0,0.58,0.0,0.0,raw_runs/test/attack_fixed_continuous/level_24/pair_18.jsonl.gz,417aafd2fdbbf1c3eeb9021bc8afc2dc3780757206260941a6155a351027de3a
test,continuous,attack_fixed_continuous,attack,24,19,16878414205353344989,13670941286917474902,13069261552006709857,3155ff6db88b1fa1757fe65768893662b121e6c72d9b2c7e02956ac0b5b3dd82,0cb31773de7c7ee2380b253deefa11bb1ab88aa48d3c2c1b872be256c5006f93,150,518,48,470,6.103084516976933,43.353084516976935,24.126666666666665,32.0,0.5560361935348063,0.13497139500506197,0,150,0,78,0,0,0.0,1.0,0.0,0.52,0.0,0.0,raw_runs/test/attack_fixed_continuous/level_24/pair_19.jsonl.gz,358b60efc3b6da7ed11ef908516b63b3a1106aa8d14034ab40c0667ae4b0325d
test,continuous,attack_fixed_continuous,attack,60,0,12055753219752071432,9214243546908858119,7183327580447456600,0d0eeb8d4690d27e6a40115d0dbc9e9c68bc2953a36ad87bb1adcf30533e6f0f,087be293cf88f9364a7a75922e65068f0a6b005bd44420f27d05d09daf6ba631,150,1295,149,1146,6.212800944695471,43.46280094469547,59.946666666666665,74.09999999999997,0.8480256475948561,0.1343275556203091,0,150,0,150,0,0,0.0,1.0,0.0,1.0,0.0,0.0,raw_runs/test/attack_fixed_continuous/level_60/pair_00.jsonl.gz,ec83a8ece2b10516c02a060ef33da89caa10536c00e22a876c4cc3972484242c
test,continuous,attack_fixed_continuous,attack,60,1,8839336648511840479,10673283752536822424,15263950395835409483,6294d910c1cd199191ff4942fe2f1f703e4adaf73bbc8ae328092ed66a9705cc,d9868c927015268734dbdcedb8f5fb386b4ab944f4278a15415265f80b3e8c97,150,1293,121,1172,6.188019813001288,43.43801981300129,60.38,72.0,0.6421970953795361,0.10496921742334243,0,150,0,150,0,0,0.0,1.0,0.0,1.0,0.0,0.0,raw_runs/test/attack_fixed_continuous/level_60/pair_01.jsonl.gz,86c87862fa40a0731815929a572ed0d1071bd98b3ba4e5ac853e800df6178b58
test,continuous,attack_fixed_continuous,attack,60,2,319664382691450108,8425599047184436904,17824444381004892135,36e5a3069fa089223a31477060ff76c04664a666d0bfc2424bbcac5ad442a5d9,6dd5bfd495f3fac88f044de42cea955bf36f4714344181cdcf51c84515785282,150,1342,133,1209,6.060261835122168,43.31026183512217,61.58,71.0,0.7388976238271894,0.1176171082523949,0,150,0,150,0,0,0.0,1.0,0.0,1.0,0.0,0.0,raw_runs/test/attack_fixed_continuous/level_60/pair_02.jsonl.gz,b10b2b46d13d66dc14be5d5c3e9807c7ba633cd440370238ac2848ca476e9cb0
test,continuous,attack_fixed_continuous,attack,60,3,13836154008408628279,5160735939387224534,15508566146657344056,9472cda6d3a25402410e1ce4a606ba046d0098b56dd7bcdfd18b658dcf2005b9,8f08196212bde82fde563b6c926e7fd9bedb32f46f349092fcb623b47543c998,150,1284,129,1155,6.130406516898415,43.38040651689842,58.08,73.0,0.7522110217527191,0.12186548471597623,0,150,0,150,0,0,0.0,1.0,0.0,1.0,0.0,0.0,raw_runs/test/attack_fixed_continuous/level_60/pair_03.jsonl.gz,c328a2735067fa90ff3557d0588ede65da1fed0a86e1599a3fff9c19a7f70a16
test,continuous,attack_fixed_continuous,attack,60,4,11935645281803378086,10850879342782276294,11137078059870957973,76da03c1fd8abd1451b3a1cbaa6eda9a9eecb45f6648ee3262cfdfd1384de4d9,c4e70cd7420abd83600dfe99ea476eebe67891de0cdfef394d056fa8187a1e70,150,1319,129,1190,6.051324569724875,43.301324569724876,61.346666666666664,71.0,0.7311355055028392,0.11680286331932394,0,150,0,150,0,0,0.0,1.0,0.0,1.0,0.0,0.0,raw_runs/test/attack_fixed_continuous/level_60/pair_04.jsonl.gz,8bb91de1f5428665501d7c98eecab0c98e4a99b80825d4ffd932cb1f7a2b6a8e
test,continuous,attack_fixed_continuous,attack,60,5,1757260870866604938,4146312056965225847,12603387827082391418,f9db4876a847e9c4c8593930f5f6b8c37410c6176b1960e210fe039b36181048,625082769b4f4c855627598dc990fed28bce1167e7d3da3467f1ae71867b854c,150,1263,111,1152,6.007344082435379,43.25734408243538,58.06666666666667,70.0,0.635643369037669,0.10538765496867077,0,150,0,150,0,0,0.0,1.0,0.0,1.0,0.0,0.0,raw_runs/test/attack_fixed_continuous/level_60/pair_05.jsonl.gz,e6aa3059a1e23afc7537d7e54f5d9a7849fa8e0ca68a29d2940374c6bf346fc1
test,continuous,attack_fixed_continuous,attack,60,6,3344941150479110178,5290337178899518715,13349128267316424173,7b557f895d362ac5931cd8e80572014ab009ddbee32983649f8a10bf5351ea7f,401a1340fe86608ee6d14c6d077399478160edb3fde360d5d12fedf98fc58c04,150,1262,128,1134,6.239736420820231,43.48973642082023,57.99333333333333,67.54999999999998,0.7333846608366957,0.11922121053278237,0,150,0,150,0,0,0.0,1.0,0.0,1.0,0.0,0.0,raw_runs/test/attack_fixed_continuous/level_60/pair_06.jsonl.gz,2d697c709f432abdc67086d2946e94d52dc4c263f51dfc818ba97ad9eb2ff9a4
test,continuous,attack_fixed_continuous,attack,60,7,6419627319096885175,3009885920888390511,17315812789249455639,08368c0890262bd0aa475f86431c1550a4b52be536af27a10d48efa31f65ad1f,b45dfa297eb814c84b1e1c8f666eb7c40d10988691a86e752fab503f39f2ea6e,150,1363,134,1229,6.165685079855766,43.41568507985576,62.266666666666666,76.0,0.7609338342239286,0.12075080887026782,0,150,0,150,0,0,0.0,1.0,0.0,1.0,0.0,0.0,raw_runs/test/attack_fixed_continuous/level_60/pair_07.jsonl.gz,df1977d9d532cf866c8979bc4340481130ee7049d58791d37388f7eb8e8c29d3
test,continuous,attack_fixed_continuous,attack,60,8,4542692740964769341,14469435378480644158,117847252030383446,fad9eca8ee0d2d2f0a5513f8d8c787eaa101287c9e7e4913026b7fadb889e2f0,db733de27e88ff43b6b3874dc333cf09df58ae8074d4efbf9f99e583ed568e5d,150,1283,132,1151,6.116328526618515,43.36632852661852,59.16,69.0,0.7605999224706297,0.12230959199463273,0,150,0,150,0,0,0.0,1.0,0.0,1.0,0.0,0.0,raw_runs/test/attack_fixed_continuous/level_60/pair_08.jsonl.gz,e67184f25a4c39dd816b90220e8626263826610b8aaa9ffdd8b5371c0650274c
test,continuous,attack_fixed_continuous,attack,60,9,17474522367531266523,2202058633778674764,17608277992665335478,4bdef6d19506e7c3161b0ce671fe8d1dce029e762234d5651e6cdf0e5ec55c2e,af61f87f743a4d375ebecc7133e44d15c38264a114da75d3318c4304403ce5f1,150,1315,116,1199,6.080731402774736,43.33073140277474,60.46666666666667,71.0,0.6219559511243083,0.10205706692170007,0,150,0,150,0,0,0.0,1.0,0.0,1.0,0.0,0.0,raw_runs/test/attack_fixed_continuous/level_60/pair_09.jsonl.gz,8ab563551282861f9d2f6ca8d2d3d02f52811c5513da45e17ac6834e7b06177d
test,continuous,attack_fixed_continuous,attack,60,10,4442364550062877907,2324713340149489347,991262307656464341,f3c6c8a4a4e47f9104281ea9f40df9f97ae82eb9b3e43ae482be8c7157be46bb,0db77c3d83c44a26144367d57509e606f8fe7ba70be9c115d46ce0b99de76787,150,1306,143,1163,6.096920760424488,43.34692076042449,59.906666666666666,72.54999999999998,0.7909108584006712,0.1261332113259679,0,150,0,150,0,0,0.0,1.0,0.0,1.0,0.0,0.0,raw_runs/test/attack_fixed_continuous/level_60/pair_10.jsonl.gz,9ec2c130f3cbe719467a2021fd5c6f8a64b0dce6136bbf0bbc931470d2157e1b
test,continuous,attack_fixed_continuous,attack,60,11,17081000117766575483,11316276093277514577,2759090258557703603,85ede861b3b74c1b0d08a42723b253ee98a7e1669412e3815c980bde3dea2332,3ab1dba7014ef4cffe0a70cdea66329faef9ab103efd9f84bcd4545b9cd2d5f0,150,1291,144,1147,6.142932046613686,43.39293204661369,59.66,70.0,0.7400584657750776,0.11885166204613805,0,150,0,150,0,0,0.0,1.0,0.0,1.0,0.0,0.0,raw_runs/test/attack_fixed_continuous/level_60/pair_11.jsonl.gz,7b40fd0d65a357a3eae0e59c8f2a8751b7efff06ce1052b51369ac2f687b124b
test,continuous,attack_fixed_continuous,attack,60,12,8832631734345316595,10851382885812462550,3985967350511826907,364e6e86cc8cb125dcd9d6322c123ac4871aa9c4e5d52646b74b6d0111d70bbb,cee354431826be997f5f1507c71cd97df6545722cecc59889bdce27aaa2a1286,150,1283,117,1166,6.245351842467986,43.49535184246798,59.38,70.0,0.6644395277512749,0.10862592457151132,0,150,0,150,0,0,0.0,1.0,0.0,1.0,0.0,0.0,raw_runs/test/attack_fixed_continuous/level_60/pair_12.jsonl.gz,68b13f1177dc9af060a372f0fe7fb31d97bcabb6c6b4fea565c02a248c8c2360
test,continuous,attack_fixed_continuous,attack,60,13,10028181195738753679,17377064598925272357,6573881429707294597,64b7e54480130ee3d3565dca668e77cb8cdb90d324b62fc9c4833e82d79e5417,9e0034e89440390aa2b71fb7c2de50aa8d8db9a7f283796ddcf425bf3f3684aa,150,1256,138,1118,6.089269975797674,43.33926997579768,58.44,70.0,0.8078748583537608,0.12928319957825052,0,150,0,150,0,0,0.0,1.0,0.0,1.0,0.0,0.0,raw_runs/test/attack_fixed_continuous/level_60/pair_13.jsonl.gz,b91bafaec561ae56aab79ebe4e4ca3cb443d112074b18df76ed5de8d071f6b96
test,continuous,attack_fixed_continuous,attack,60,14,4821605639821782447,4223715041169017503,7073166982053831146,231ff0443fb0493410dde4040fa148daa458889b3907d72e01f75a13300da310,fdfe0a3616ae73b611d0a144813178230805fb9d9d283446ed0a7b546c66dd3f,150,1331,121,1210,6.012468099156788,43.26246809915679,61.62,74.54999999999998,0.6592631667662484,0.10685707866127639,0,150,0,150,0,0,0.0,1.0,0.0,1.0,0.0,0.0,raw_runs/test/attack_fixed_continuous/level_60/pair_14.jsonl.gz,6f4c017a9edcb623de781bd09a6156cb46f34d0384f6ae8972f2dced490092a0
test,continuous,attack_fixed_continuous,attack,60,15,11853175302378749387,6720599183677307609,16122161024229087596,99c16c9bcbf704e7254dbc94107a76361bbda2357363d1ff26b3088f698f68ef,90d3df1b3a128dbd51dbb98e9f4a28c858d5b1f395c37ea9f039f661b280bf1a,150,1357,128,1229,6.1105681327278685,43.36056813272787,63.54,76.0,0.6660031431246085,0.10670551913681309,0,150,0,150,0,0,0.0,1.0,0.0,1.0,0.0,0.0,raw_runs/test/attack_fixed_continuous/level_60/pair_15.jsonl.gz,46cea1924d3880b979f85e5c458bbded09c2b309692d9891763563132031b4d1
test,continuous,attack_fixed_continuous,attack,60,16,12616534501666573552,12627197480071288338,5963824302071607219,0c42791df19febe53049fbadbfde998a546738ed6aaaf0945ff5c9e60f8b7b3e,d41c4177f86db0276a0969edb649f3399c2b778a7e5fa5c638c7261ff48acf66,150,1244,120,1124,6.0602187070685005,43.3102187070685,57.93333333333333,67.54999999999998,0.6797461742981219,0.11193288454660429,0,150,0,150,0,0,0.0,1.0,0.0,1.0,0.0,0.0,raw_runs/test/attack_fixed_continuous/level_60/pair_16.jsonl.gz,a8f45b21ecdcf2a755867e833fb35c9fa8896e788dbe1a3c3c8aa5f541b53bf4
test,continuous,attack_fixed_continuous,attack,60,17,11801157881835141813,9336715141020142115,8742467864344436897,9491b4410186dc679f48fb80aeeff670544c99ce949b46380fdbb586cb4260f6,8e76946f3735562faba9d0e29ca971c2e746a056406b02eb929e6d7d87c0dc16,150,1312,127,1185,6.081127742005406,43.33112774200541,60.513333333333335,72.0,0.6806454275071765,0.11023921171724577,0,150,0,150,0,0,0.0,1.0,0.0,1.0,0.0,0.0,raw_runs/test/attack_fixed_continuous/level_60/pair_17.jsonl.gz,29c78542e8ec222190b65e90647133fa04b511da0a00770ea151cf7bb98e9e48
test,continuous,attack_fixed_continuous,attack,60,18,860134680128116760,3080095973261707755,8778381543049574934,09121d6f93b7eda2a8153acf9831283a8a86fa1de93e2c8bb727c93b5c03bfea,a8fe6feac2ecbf14bfbde8e4c0a2083ad02b95c3a920575c95b00d9469be4c58,150,1320,146,1174,6.109167597864794,43.3591675978648,60.553333333333335,74.0,0.811568996783259,0.1281973140961334,0,150,0,150,0,0,0.0,1.0,0.0,1.0,0.0,0.0,raw_runs/test/attack_fixed_continuous/level_60/pair_18.jsonl.gz,95aba3ee45ae4d4bb4ab503fe71cfcc557503efc5832f3a3fca6051c1e1abac4
test,continuous,attack_fixed_continuous,attack,60,19,2765256529201453566,10660716801522912321,6492541676568425559,1d1b30e005c751a17df802a720c876f8a113bdf0b88f1d6370167269caf2327c,cb4748a82a88452b9b032c23bce0eb5cbcca47337d81e966cb5f7ae6607c878d,150,1310,131,1179,6.141375162979009,43.39137516297901,61.586666666666666,73.0,0.7237408443341332,0.11576039086263379,0,150,0,150,0,0,0.0,1.0,0.0,1.0,0.0,0.0,raw_runs/test/attack_fixed_continuous/level_60/pair_19.jsonl.gz,107d9d048ec52763d38503552baeebc7f4d55fdaa0235b06536c84d773fc6f7d
test,continuous,attack_fixed_continuous,attack,120,0,8377203359892070172,3454123631777269297,13051646830783437651,a239c6fed2bbaa3cf5cdeb81f3d137fd3a052f8cb21c51077c4d90378f2a4d10,b7db0618291dd4d16f0a4b3aa4e728d50aa02c76b1605ac19ff092e41ec2426e,150,2645,260,2385,6.2026519864455345,43.45265198644553,121.66,142.54999999999998,0.8223497567768451,0.10757643861917979,0,150,0,150,0,0,0.0,1.0,0.0,1.0,0.0,0.0,raw_runs/test/attack_fixed_continuous/level_120/pair_00.jsonl.gz,3e5c66ba430c83380032002b68b06d766919248800e30d7bb9312db95f590144
test,continuous,attack_fixed_continuous,attack,120,1,16977730830662377644,16574041771284837851,3419616098855687317,6ab66c482a9e5b67742e25a55cfa6241fcd4b14102726b6279f3f3a5863af9e6,a1ee8ab26f5c7647586235ed8e126f35d91b1a38eebea25939319fca9641fad7,150,2588,246,2342,6.0434501274697565,43.293450127469754,118.68,139.0,0.7748138971220302,0.10211244004322986,0,150,0,150,0,0,0.0,1.0,0.0,1.0,0.0,0.0,raw_runs/test/attack_fixed_continuous/level_120/pair_01.jsonl.gz,c63494cb2e34c88c40b3e7c79aa9f13ab3ac90ec1142a7eca8cd0d0ec668207b
test,continuous,attack_fixed_continuous,attack,120,2,17474291979858848990,949583169032656942,7463849340253027523,11d219c90247f872cd46e30d6c4bb7102e4cd4e5fc3e73fddb7bdad69ba94c40,5d10680bd96f493676de382aaf6a42b0e9b9862ce36e523a34f1a442f7e3bbd6,150,2541,241,2300,6.052861110369404,43.302861110369406,116.17333333333333,131.0,0.7413565617742526,0.09881078169312464,0,150,0,150,0,0,0.0,1.0,0.0,1.0,0.0,0.0,raw_runs/test/attack_fixed_continuous/level_120/pair_02.jsonl.gz,140cf2372f46a7167fa7683fd9502a85189755ae0f23fc9261b0aa36274c5d6c
test,continuous,attack_fixed_continuous,attack,120,3,10328863206529592231,11774122508544598813,3502672011300260076,2375a10a8218a115d84efcfafac5feafd8222f9761bddee11d1bb21590ed6085,ab010d6749dc049a46b95e480c4b390a5fb93443d32d6c011bdddbd6245112de,150,2603,275,2328,6.017009449812901,43.2670094498129,119.89333333333333,135.64999999999995,0.8888820855570612,0.11594637488804208,0,150,0,150,0,0,0.0,1.0,0.0,1.0,0.0,0.0,raw_runs/test/attack_fixed_continuous/level_120/pair_03.jsonl.gz,f2e8a543c584c66340a785cbeb8abbe19a241d72d97252643386001220afbfa6
test,continuous,attack_fixed_continuous,attack,120,4,15059701741148047822,12981834254827585149,4319297107935972753,72b00e7fabd9717bb1a647c20e0a0edfd129c6769d193a8efca80b14b6440e11,85c908955f59100e596df01832036e3a96b8e17969d090b2bd4ae78322127718,150,2520,257,2263,6.007936049188819,43.25793604918882,116.56666666666666,131.54999999999998,0.8328111941633289,0.10919851164058997,0,150,0,150,0,0,0.0,1.0,0.0,1.0,0.0,0.0,raw_runs/test/attack_fixed_continuous/level_120/pair_04.jsonl.gz,8cd365beb550f901dd97a80824422d14447563bae0b6090dc568a956e5be9f8e
test,continuous,attack_fixed_continuous,attack,120,5,7723432460910292314,14143399362503015316,3892391133478149197,ab9c99aaee9998328f9b327e1ad83c86d6310e1f03ff2298cb1d7fe646b5aadb,544babd332808b6b1b4b3436c5d3ed2f629efad6b00e4d72601cb62f591bc66e,150,2625,307,2318,6.02197612093489,43.27197612093489,121.54,134.54999999999998,0.9570574378058765,0.1239414892525811,0,150,0,150,0,0,0.0,1.0,0.0,1.0,0.0,0.0,raw_runs/test/attack_fixed_continuous/level_120/pair_05.jsonl.gz,c6d71724de1aa5b26f79f16099e2e89f78e2ff41614aa9cb6803136d79c6fee1
test,continuous,attack_fixed_continuous,attack,120,6,16312610755683342315,4132740184489374292,17940636002592817362,ab4cc7afa205bede7a7616a49a5c655588dab932f509027c4f29f4f5b354d948,637dba3d3f3321b3f49fe124f7553cfef8a6f1d438583c55b2ce8b91415926d2,150,2569,253,2316,6.088068532309071,43.33806853230907,119.63333333333334,136.0,0.8068394178710843,0.1058707039117173,0,150,0,150,0,0,0.0,1.0,0.0,1.0,0.0,0.0,raw_runs/test/attack_fixed_continuous/level_120/pair_06.jsonl.gz,b818da30e608f66ec0af9d87ae1da925ecad70495270f7aacc8829a2688d1273
test,continuous,attack_fixed_continuous,attack,120,7,6150188156210431558,14449820104385269486,11964481523623141340,67af47d0931e8ce29f1171f6a2b5f7cb514e89edb2756d91ed1063183832d7c4,d0565cf26c961ddcc9f52c56b20b4db39701b0b62d498d03e7651164cd91bfb6,150,2558,298,2260,6.182594973848276,43.432594973848275,116.60666666666667,134.0,0.9275758530673331,0.12134409962894395,0,150,0,150,0,0,0.0,1.0,0.0,1.0,0.0,0.0,raw_runs/test/attack_fixed_continuous/level_120/pair_07.jsonl.gz,f117fcd62be18553b4f9d13888dc1b36f3f2e87c8178c82b1e7f3e4573a04f27
test,continuous,attack_fixed_continuous,attack,120,8,14255591453641436147,1533279152722602806,10027061030371459179,5d81a650871acb254af2e8ba56c92e179ff6147521d5a22b2e010c5087f8bb75,cf0de2585e6c1d4746d8176e85bbdc7dd570096293d83667374d76c66e53d95f,150,2647,289,2358,6.024949200125141,43.27494920012514,122.04666666666667,144.0,0.8913729042511007,0.11593054827536865,0,150,0,150,0,0,0.0,1.0,0.0,1.0,0.0,0.0,raw_runs/test/attack_fixed_continuous/level_120/pair_08.jsonl.gz,61d077794f14cd19998ddb6d01fa99f9a0786afd435f4d8d8078bf5a473870cd
test,continuous,attack_fixed_continuous,attack,120,9,4410485485139951129,175659314155868336,17125469838161583965,9066081f74f6128eb21c79d017ae5e68c6de0793c28cf2ddb699fb01bae18f49,3d2e365a910429fbefe3ca1bd76535991553260c86a0224bbf480449e20067fd,150,2590,249,2341,6.1914544056990835,43.44145440569908,118.86666666666666,137.0,0.8048852334158731,0.10575390879404487,0,150,0,150,0,0,0.0,1.0,0.0,1.0,0.0,0.0,raw_runs/test/attack_fixed_continuous/level_120/pair_09.jsonl.gz,fdca590cdb49169218ad0a3608e0d04fb3a271a7d087b8e35d97650549842622
test,continuous,attack_fixed_continuous,attack,120,10,743702014842193359,14638614775406783373,8792952774552903530,cdedae31ccf7fb3cb5bd1de093b08aec5a12e4fd6475cdeb17fe19d60af73ab7,df5991dab99621491c2deb2448f6b60256a7fab6c948068786d369c3db34e436,150,2561,287,2274,6.054098441834665,43.30409844183467,119.18666666666667,134.0,0.9126970903314006,0.11793235596400364,0,150,0,150,0,0,0.0,1.0,0.0,1.0,0.0,0.0,raw_runs/test/attack_fixed_continuous/level_120/pair_10.jsonl.gz,febb8b307dff6d833a4befb331354b59ddb21236f891f34158bad15533499eb4
test,continuous,attack_fixed_continuous,attack,120,11,6937732872999664108,11747685142109483282,8813517956960567382,43cb87e8e21594121e5c406c03ad2b8618494007385732f9d2f57ca1da042ab5,676c0b12b71f64cfe71afa8a30f010023a27c3fcce32f12860f3aa5ed72933f6,150,2547,272,2275,6.080600204929572,43.330600204929574,117.10666666666667,132.0,0.853918842474048,0.11243615530627146,0,150,0,150,0,0,0.0,1.0,0.0,1.0,0.0,0.0,raw_runs/test/attack_fixed_continuous/level_120/pair_11.jsonl.gz,5681b6443498eacee1925d1e4be1a0eccf621d756a62d4d138e3d8896d6890cf
test,continuous,attack_fixed_continuous,attack,120,12,318235669795214381,7455951692569321731,1933010983018764000,0cb2a715f278bbfb13f132bad66c6aaf7f150269ef5a5d3cca88629474be876d,7fd8cd4778e3eb5d0c9284fb652b4f7da6871432698a988c4ee719b58137a53c,150,2597,266,2331,6.123950836984667,43.37395083698467,118.86666666666666,135.0,0.8775685712742339,0.11454793807491252,0,150,0,150,0,0,0.0,1.0,0.0,1.0,0.0,0.0,raw_runs/test/attack_fixed_continuous/level_120/pair_12.jsonl.gz,491f1305b22a8132f94d67f22481f42ebd2ba04131b49cf7c0845dfb1d5b53e6
test,continuous,attack_fixed_continuous,attack,120,13,5963114150740161007,12572808009116746492,8610351973812369108,e8aaa6f4dde94b1bc08010d83bbe4238007cfc7479f4c7afa14c1b5e9ff7a63b,a1674dd3090df1bf6f18545be99d7b41ab10e993159e738aab2181cbe71fc3d1,150,2603,255,2348,6.059467103547272,43.30946710354727,118.62,133.54999999999998,0.7834411220902526,0.1033864869932605,0,150,0,150,0,0,0.0,1.0,0.0,1.0,0.0,0.0,raw_runs/test/attack_fixed_continuous/level_120/pair_13.jsonl.gz,eb98f44816f995730dc03abc07a773fa9509191520aba3cff6c210c3dd4139b6
test,continuous,attack_fixed_continuous,attack,120,14,5921354361794523497,5972561165925497729,14475244443681885750,9afb0ab865275f7c1523e7848297b12108762b8d6babd2c5a77bbc23cbd1c880,f4b576574a3a4e504a977c5e1a3b906040713f2b34008a4266d796f8a7209841,150,2652,267,2385,6.009162122583685,43.25916212258369,121.84666666666666,139.09999999999997,0.8412402883158423,0.1094697413294649,0,150,0,150,0,0,0.0,1.0,0.0,1.0,0.0,0.0,raw_runs/test/attack_fixed_continuous/level_120/pair_14.jsonl.gz,32fb9973ed326dd9521c7d8bcae58c16bed60b36ee9fe4c7be437c5b13cb75d0
test,continuous,attack_fixed_continuous,attack,120,15,6840726219925807843,12649960720818103437,8165895303381172899,7880df9a6eff9b421a5d97f492c5bc66d67bf36a3acd6195a548f9007066278b,30c325def5f77e153d47cf91885d0bfd32e85cdf4c87eb9fd7a1b96a2d5cd285,150,2513,275,2238,6.010475163655674,43.26047516365568,116.64666666666666,135.54999999999998,0.9057076279384962,0.11869283863253066,0,150,0,150,0,0,0.0,1.0,0.0,1.0,0.0,0.0,raw_runs/test/attack_fixed_continuous/level_120/pair_15.jsonl.gz,3525b1cc0f97ef34dfcd4f33408155c48399056e50bf5321bab4b89ecce7d9b3
test,continuous,attack_fixed_continuous,attack,120,16,17059881575728195470,12962201300728633190,13603297806001352821,ce93fec7cadeeead870d11709848d47726192d9f70168819495c1cf210106770,e37f64866658e6790110800bcd4b9d6bd846a982520acf86409ac30e256e2fbe,150,2614,291,2323,6.136196256751553,43.38619625675155,121.12666666666667,137.54999999999998,0.9063663615143499,0.11785076523597224,0,150,0,150,0,0,0.0,1.0,0.0,1.0,0.0,0.0,raw_runs/test/attack_fixed_continuous/level_120/pair_16.jsonl.gz,f6b0a11d1baacdb5a29db6a35ef63ee46cbf71c298790a8afd5d8b7dff107a99
test,continuous,attack_fixed_continuous,attack,120,17,10475107289356059551,8651585788118722659,14440624986740200429,1d55251fe35059603767ec86fc85a00461cdab5b8003e28d2bab1df5155c56a6,296a3becd8c1989d2267c3426ea5c570683b0014c8dfee83c8ebf5c85a929505,150,2579,260,2319,6.216809479138272,43.46680947913827,118.44666666666667,130.0,0.8571115081214064,0.1121139301527596,0,150,0,150,0,0,0.0,1.0,0.0,1.0,0.0,0.0,raw_runs/test/attack_fixed_continuous/level_120/pair_17.jsonl.gz,c4e8c79a81d1dfea488c876ca9a08ffda847ca03c404c710403c129aecc06cb2
test,continuous,attack_fixed_continuous,attack,120,18,3846968442796898447,10403517115914327744,3947739754149226742,444653bdac4c0a3239c00fd50e7e77c35426db0aa2476ac3ac400e32717cd109,365e755ca7c0f82acce97e2119fb47faf94ae914b4a721e8d57084f605952a06,150,2607,256,2351,6.081801653201673,43.33180165320167,120.8,139.54999999999998,0.8092831017667548,0.10599143929520892,0,150,0,150,0,0,0.0,1.0,0.0,1.0,0.0,0.0,raw_runs/test/attack_fixed_continuous/level_120/pair_18.jsonl.gz,16b885237bd2906f19a196905788e823ce2c1fb0b4884dbeb88727a938aad4a7
test,continuous,attack_fixed_continuous,attack,120,19,15827488436496725697,448282165503569617,16432071314349604849,6ee598e59923fa93329bc302a9021c213a9bc36a99e69dd95d89f2d4aa48b6dc,2411c65a30296c57e9acca8860e38d595fdbccebae860434a5f57412da97537b,150,2535,244,2291,6.141337114743804,43.391337114743806,117.76,134.0,0.8124075956515824,0.1072052429904302,0,150,0,150,0,0,0.0,1.0,0.0,1.0,0.0,0.0,raw_runs/test/attack_fixed_continuous/level_120/pair_19.jsonl.gz,0bdff2fbdaaf73811cb23730d342075ad44adb63f37c6ec6578d2272f54392f4
test,continuous,attack_fixed_continuous,attack,200,0,3305879775677813233,10421308348587540143,11858333527271192835,986571c75dae06d62e17a71542a6013296cb6c94b082bb0f549e307c40938eb5,3e03b7a42b4363e9e9f00eca0a7af10835ec56253b1183327cf74af50ce2f9b8,150,4318,432,3886,6.24795365588724,43.497953655887244,198.29333333333332,222.74999999999991,0.8836851757236607,0.10282679197067465,0,150,0,150,0,0,0.0,1.0,0.0,1.0,0.0,0.0,raw_runs/test/attack_fixed_continuous/level_200/pair_00.jsonl.gz,fa36502f6d14f2857d9daa794ffc5287d5162558518563dbb8a8cd66e7f1b973
test,continuous,attack_fixed_continuous,attack,200,1,11965773264084442328,8727095041189310502,13024289701482761664,8490c9a4d1aba0ec105c7bdc6a2e6597c9dd298801bef8faa95f1698a9c4cff7,73f81f97efad620eea0eb89d9a926959370880a7774c7421625f9a727ce55f34,150,4520,451,4069,6.170198780649708,43.420198780649706,208.96666666666667,227.54999999999998,0.9317409498155189,0.10740554139112102,0,150,0,150,0,0,0.0,1.0,0.0,1.0,0.0,0.0,raw_runs/test/attack_fixed_continuous/level_200/pair_01.jsonl.gz,a5546fb03dbc8574b3d4d6df378761fa1f5c76e4d01507e21cf698d69fc7d858
test,continuous,attack_fixed_continuous,attack,200,2,18325105054551786770,7064399210547045580,13591740167787703774,822b470e86357c11735e19e05e5acd309c9ea33c073b3059f11758e1838205c9,a14b3ce9cdf8589911ad6570537a37c82b2633fc345fd596c3c0e4b752059648,150,4435,406,4029,6.238696724756045,43.488696724756046,203.75333333333333,229.09999999999997,0.8154479494687734,0.09489658563080869,0,150,0,150,0,0,0.0,1.0,0.0,1.0,0.0,0.0,raw_runs/test/attack_fixed_continuous/level_200/pair_02.jsonl.gz,51431b50781a1735d15a90510716b7494a61e5ad22065b8c72806835cc984b01
test,continuous,attack_fixed_continuous,attack,200,3,2706547891802339268,12565575302086033423,4206193940600687145,9a943cbb901e99e28ccef82b7e0b331f3e98e516976e4e56ae23cad12301fa5b,e12ea21765b8b88482120abbb3c1b829d7cc8743917a66bce9e767b72d8262e2,150,4339,438,3901,6.1593309519028026,43.4093309519028,198.62666666666667,220.0,0.9241382280386655,0.1075104068357308,0,150,0,150,0,0,0.0,1.0,0.0,1.0,0.0,0.0,raw_runs/test/attack_fixed_continuous/level_200/pair_03.jsonl.gz,0886ee9942c5d7509692bebf96d4b2572656cb130e996ebab5a61bfc5d43d11c
test,continuous,attack_fixed_continuous,attack,200,4,5380016248454964302,3694083526017213416,14875813087416022390,19d3021525597c7368ebb7eb9807f07160b6325585ec4096e56e0ac83a2f9733,af9096d370485e128a969ba11f7a187627691ebea544a9e01e8ea2f4e4aae7c7,150,4343,448,3895,6.212387741854516,43.46238774185451,202.38,229.0,0.9283012550958257,0.1073725872762803,0,150,0,150,0,0,0.0,1.0,0.0,1.0,0.0,0.0,raw_runs/test/attack_fixed_continuous/level_200/pair_04.jsonl.gz,15ba857eaff8276d475b68def20273691cc4cb32088670eaff52e4d6e617ae5f
test,continuous,attack_fixed_continuous,attack,200,5,8188740890578337911,6615532565649476703,2945965962341184715,d0e4573c5aeb1603553c0b874b116b7f657a7561f34e7b60068a4a51ee4756b3,66710fd941903b16345bf5035b8a13887e7597559797c45321614859baa59966,150,4321,440,3881,6.157481472613676,43.407481472613675,199.27333333333334,227.0,0.9208201760129981,0.10690696891354602,0,150,0,150,0,0,0.0,1.0,0.0,1.0,0.0,0.0,raw_runs/test/attack_fixed_continuous/level_200/pair_05.jsonl.gz,47ea71a26d6aed2f771de7197d4f33b7339169dd93382005a61c86bcc4aa08ac
test,continuous,attack_fixed_continuous,attack,200,6,11156434581171536795,4136638949697257322,3103604987224540777,c885a25e389058c45d0ae4bb5ea680ee86560807db16093c32053b3237854273,55ee83d2921a88451cfdd81669092f85c097e7935688e43e969cd35faf6d7f4e,150,4349,420,3929,6.026749851195157,43.276749851195156,200.77333333333334,218.0,0.8517187773100185,0.09880735574679093,0,150,0,150,0,0,0.0,1.0,0.0,1.0,0.0,0.0,raw_runs/test/attack_fixed_continuous/level_200/pair_06.jsonl.gz,9eb01b59e5ca3c3bb2a5d5e6787a5669d36790379c92e0279dbd958087ba7b51
test,continuous,attack_fixed_continuous,attack,200,7,14463190566117325287,17107551952184837091,14773824715646784280,7be1b0b3bbcbc0516b8ba376285f05780f7c7f52e8e1aa84f3ed52b197720be6,3237046a73171c7389d41d617ce865c08a9d58013231b65c1f1236d754903d2f,150,4269,397,3872,6.123123255424631,43.37312325542463,196.32666666666665,222.54999999999998,0.844338720863524,0.09877469788331944,0,150,0,150,0,0,0.0,1.0,0.0,1.0,0.0,0.0,raw_runs/test/attack_fixed_continuous/level_200/pair_07.jsonl.gz,a40f5d466178ea2b5c97f611287f14aff09d8858885400fb5eefae35f9e1ba10
test,continuous,attack_fixed_continuous,attack,200,8,16195968407897823456,9995507322886959644,9598224438421350987,a6e549baa69d0a7d4a333ee920b7d43f2e387817f032e9a706b23d9ccd54f7d0,730d8a32eac780a79fbef5326b008553509cdd426b3f1dd3a00ac6916b1c2e49,150,4283,411,3872,6.114049540250361,43.36404954025036,197.70666666666668,221.0,0.8263611401722798,0.09650474011919273,0,150,0,150,0,0,0.0,1.0,0.0,1.0,0.0,0.0,raw_runs/test/attack_fixed_continuous/level_200/pair_08.jsonl.gz,15085cd15bba390098d5af56b49855fe2daddf11ea0f0a70a61aca7600f36028
test,continuous,attack_fixed_continuous,attack,200,9,7420720521770374408,2465067361418340396,4386341928317120874,5ca47e04ace17b0a946d279a29495ba3ebbb91338de898eff0a76665f1fb551c,b05865393a4cada4b1f0bb52ea3e907297dfb84a67e2e74666d197b286b9e69b,150,4339,452,3887,6.12631336198363,43.376313361983634,200.05333333333334,221.0,0.9295474001573645,0.10788297796685832,0,150,0,150,0,0,0.0,1.0,0.0,1.0,0.0,0.0,raw_runs/test/attack_fixed_continuous/level_200/pair_09.jsonl.gz,53f79a07cc64e43984f9826a32a6f859fcb61bde5b92cf06465599bcfaa1e511
test,continuous,attack_fixed_continuous,attack,200,10,5878993358639171811,1397690522937504700,4470880175991355100,68883f6d0eee72f74499401d0cff546a1fe7d04dbb05e8019c976666f2edeff9,3436c3785f8a50c1528a4d7311feb57c1c449a948b753818b10d037bff82db3f,150,4340,439,3901,6.228007532965487,43.478007532965485,201.27333333333334,234.09999999999997,0.8902902151334475,0.1034202525437838,0,150,0,150,0,0,0.0,1.0,0.0,1.0,0.0,0.0,raw_runs/test/attack_fixed_continuous/level_200/pair_10.jsonl.gz,39d67be424a35c806834bf43ac499c28b1be4f988de511fc43fcab4e60566662
test,continuous,attack_fixed_continuous,attack,200,11,14014917943405241459,15639064061822942779,11773384177142618344,89d63dae906dcc6bfdefd59f9e8492b5dc685d628f95b2cc14a2544e54b4ef68,8b50b3d1b40acf2f03e0497c2e219067f37e98719e969a1ddb6826a68f9d9dab,150,4327,420,3907,6.073977129668739,43.32397712966874,198.36666666666667,221.54999999999998,0.8691682436184169,0.10101454249323792,0,150,0,150,0,0,0.0,1.0,0.0,1.0,0.0,0.0,raw_runs/test/attack_fixed_continuous/level_200/pair_11.jsonl.gz,6b7409366f4237b258e5dfa0874f0780a423a13d826043a1983eb2758871e1a4
test,continuous,attack_fixed_continuous,attack,200,12,16917716329140676774,3488760609135040061,1379548411797281873,7af0ef0ac27288eb8421ec74c7833ba621655a50054412194be5e493ec6e7a19,3a1e7848f7258d9b0ce2b21564a47b009d159d55aa2d2eed92d71e39a2e02835,150,4287,431,3856,6.108001044223623,43.35800104422362,197.05333333333334,217.54999999999998,0.9022801701542972,0.10529505650107164,0,150,0,150,0,0,0.0,1.0,0.0,1.0,0.0,0.0,raw_runs/test/attack_fixed_continuous/level_200/pair_12.jsonl.gz,7f90f06e2b40cdd902a0ccd1b470c60814dae191541a320f2f7603986e9bd759
test,continuous,attack_fixed_continuous,attack,200,13,7464805818551332891,3594028296982437660,9607145778682819258,b620895b420e6e8b8521e752b8b07a6ae98b8169891eb3d0e952ced6617aff57,c5848947e0e713c3cac623eccc17ad8ec56ef95b84e6d6ea5fe2a88c1d420d52,150,4319,447,3872,6.011351901710134,43.261351901710135,201.98,226.09999999999997,0.9404788862461423,0.10887396276230642,0,150,0,150,0,0,0.0,1.0,0.0,1.0,0.0,0.0,raw_runs/test/attack_fixed_continuous/level_200/pair_13.jsonl.gz,aed00cccae23ed32f06e90bb6135b922b7a107558472fca7d9f23a61c3562f0e
test,continuous,attack_fixed_continuous,attack,200,14,1452719303974328239,12096775087322271447,13282219498504632635,f8879601b6c8ad43f88ef9194e1e87e00650741e147f371ee39153225806289a,31fe08c07a38555050aae74389430709ccd45539f382933954f4c2ddaed583ff,150,4331,439,3892,6.14466914188646,43.39466914188646,199.53333333333333,220.0,0.9133120580447225,0.10592744275798262,0,150,0,150,0,0,0.0,1.0,0.0,1.0,0.0,0.0,raw_runs/test/attack_fixed_continuous/level_200/pair_14.jsonl.gz,172aec6e4522de93a185d1f7148a31b6e4d518cb938cddd841873743368a1c33
test,continuous,attack_fixed_continuous,attack,200,15,10545419444575691520,10913551492580424201,1630977293761809639,a9927b588a2ec2a6b39e44784ed2fe1426df287b3bb1bbfd96632760e8c0c008,d19bece04b3994faa4f8f6cfe263112682bd4fb3e30a1d8623ffafaa983e8a9c,150,4435,428,4007,6.073601321081953,43.32360132108195,203.54,226.54999999999998,0.8765331036280772,0.1016488986534415,0,150,0,150,0,0,0.0,1.0,0.0,1.0,0.0,0.0,raw_runs/test/attack_fixed_continuous/level_200/pair_15.jsonl.gz,27548185e51773a44fe099fdd883c28d2ed763b2adf0fddc074c47952f77682d
test,continuous,attack_fixed_continuous,attack,200,16,16924871886836409043,13164511343039614138,10326669173628495979,f767a8f2790af9280ab47a0b243094968b2357c9576455f4326817129f206a96,537cca99d3c0a12164076dac7cbfbead16af370e9e92d37a2fdb74b67b571115,150,4333,427,3906,6.008238262046109,43.258238262046106,200.18,219.54999999999998,0.8933046130921771,0.10403363145853231,0,150,0,150,0,0,0.0,1.0,0.0,1.0,0.0,0.0,raw_runs/test/attack_fixed_continuous/level_200/pair_16.jsonl.gz,90d7515b1d76f69171c350ac650153d6bc95f77773ef004d207c858656cc7b72
test,continuous,attack_fixed_continuous,attack,200,17,16212361361642675651,6376889248889209352,18042401268138073029,a486b8ce83cf3cb6578feb352e02ba6035cf852b73f7a3eeafab147f60e41af2,ebbff000a2990e0fdd4517598a3a9d9f1786f81a18c5dae5cca8761a95bee1c3,150,4399,460,3939,6.1809025969794975,43.4309025969795,201.24,222.0,0.9350906102845598,0.10864551777483475,0,150,0,150,0,0,0.0,1.0,0.0,1.0,0.0,0.0,raw_runs/test/attack_fixed_continuous/level_200/pair_17.jsonl.gz,e789ae7f4cf74bcdf81191e1dc94a615a64a05d1f63470b2e5cc643a6f0a93d0
test,continuous,attack_fixed_continuous,attack,200,18,1713736422933491290,17976316930641060919,11985359453517991836,98358c5fa1affa7cb1faceec57f6fd4ae686aad2c46f2bf757a1a3243f81a954,b0d92f748e3e0bd06c96343e43bc5512531cb450d79dc7ef9cdc0e2d8e41aab4,150,4448,441,4007,6.059943681230951,43.30994368123095,206.45333333333335,231.0,0.8949198122075148,0.10331371802161579,0,150,0,150,0,0,0.0,1.0,0.0,1.0,0.0,0.0,raw_runs/test/attack_fixed_continuous/level_200/pair_18.jsonl.gz,e5b3d350e4a038e55b284c6d74379d57e04d5676239f2c33e406f00723fba4cc
test,continuous,attack_fixed_continuous,attack,200,19,6259214419204108173,9442383015232684198,9864712807757906912,f9e8c9cdf891a10d632b7f8fdab9f5395764353a4ae0e877352fa2c3f181341d,655444c413b8670ae63f4e8ae8cdf31da5fab0d71edefa5431340ca85e9780f3,150,4268,454,3814,6.104248377780277,43.35424837778028,196.74666666666667,217.0,0.9416292793906799,0.10973133335399031,0,150,0,150,0,0,0.0,1.0,0.0,1.0,0.0,0.0,raw_runs/test/attack_fixed_continuous/level_200/pair_19.jsonl.gz,36ecbddac7e1831aa5b187dcb47c1e28dfdbb510624a54889fb47f20bfd1b482
test,continuous,attack_random_continuous,attack,24,0,5274255389240652009,15014387500873148184,14600034074413921765,1b9f95a5cba0bd51a80c4144aa936cffd0c3b29b4bb629d7fce913fb17747f84,39337aabd0fcab5b5f6dcd0f72c012ed07d837fedb94c9b00d209d85c06431a7,150,494,44,450,6.194597052502586,43.44459705250259,23.26,33.0,4.47390632820661,0.9928824154240821,0,150,73,73,135,150,0.0,1.0,0.4866666666666667,0.4866666666666667,0.9,1.0,raw_runs/test/attack_random_continuous/level_24/pair_00.jsonl.gz,cfd99b1cb82a49d6fe94d42c37d32c688d30270db6904f05dc7b54f1beb9cc2d
test,continuous,attack_random_continuous,attack,24,1,6474713877111862370,18218316800924262946,10636297164465783562,1300aac0f831b0e78290060d3a277a1a94f446c221ffd2bbb9d3a59c71a8af51,aef4e66d43e8440ae34755075c5dc77ef203a4094250330aaed2cdf5daa84f65,150,530,46,484,6.059661028066949,43.30966102806695,23.866666666666667,34.0,4.530394206202957,0.9963666699325056,0,150,78,78,138,150,0.0,1.0,0.52,0.52,0.92,1.0,raw_runs/test/attack_random_continuous/level_24/pair_01.jsonl.gz,25cf820726c3011e9b505fd7969cf26fed6ba088d41f5ec0d04f2f160a96d101
test,continuous,attack_random_continuous,attack,24,2,3553928651814727180,7774970940855440883,5271044004428351846,9030a77ad504d97bd5c536bf3c1830ba0c3db9fcb7912ac96e3836f9aaa174a0,fcfb013575b9cfffceb47f75648e7dc84127fa7c9eac273a7f4b51d9fff59f4c,150,538,52,486,6.143086554961546,43.39308655496155,24.373333333333335,33.0,4.555722725541609,0.9928410106798237,0,150,88,88,143,150,0.0,1.0,0.5866666666666667,0.5866666666666667,0.9533333333333334,1.0,raw_runs/test/attack_random_continuous/level_24/pair_02.jsonl.gz,1651618bafac17f5e60a25d0ed9b419285950e69df5192448c4337d45b449e9a
test,continuous,attack_random_continuous,attack,24,3,8713878134198056602,17210684182313449382,10981475605827819444,e97e50cb04a4eddab7398da135959aca1d34bdebe4e1978f23c6dbebca980a34,971313117897ea72eeb695e49bdb4263e841dab6b1864f6d23a42ceaf549b903,150,527,55,472,6.105011898489584,43.355011898489586,23.726666666666667,34.0,4.509856018241622,0.9948716832875634,0,150,74,74,138,150,0.0,1.0,0.49333333333333335,0.49333333333333335,0.92,1.0,raw_runs/test/attack_random_continuous/level_24/pair_03.jsonl.gz,f21b39763bc257a43d4e608937ac2a018aebb59c415f66fb83be2a83d306fa82
test,continuous,attack_random_continuous,attack,24,4,2321089306315690618,15715962716480013879,2389085987371976512,25e0b3f9a4220aa67378048100ed2b9cd4a2dcd270804548dff89198753276fe,978064f27bff79516e5bbd9ab246b3ae709ba474343e5f80567065499625e9f0,150,538,58,480,6.052494772064169,43.30249477206417,24.64666666666667,32.0,4.579226245359878,0.9896670098341275,0,150,96,96,146,150,0.0,1.0,0.64,0.64,0.9733333333333334,1.0,raw_runs/test/attack_random_continuous/level_24/pair_04.jsonl.gz,01c8211e722db72e9fe1525abda2d9fb1efef87ee1eed983fbea73a9ff1e51fc
test,continuous,attack_random_continuous,attack,24,5,8845182802892067711,15927061754876500610,17751114028402481346,e3171231ffa9e65d41c50fea6ee79c0b86622a3b4691deb0e03ef461f17eafaf,8c5f7f527a17f405bd049ecf198469cd8192af88bc75353e189e8195866a110d,150,546,56,490,6.190030431836424,43.440030431836426,25.326666666666668,35.0,4.618420423376542,0.9969994700007351,0,150,90,90,146,150,0.0,1.0,0.6,0.6,0.9733333333333334,1.0,raw_runs/test/attack_random_continuous/level_24/pair_05.jsonl.gz,48daaed34c355675dab3b8b039914076d046f54cedefd53e23382f898c10e2d2
test,continuous,attack_random_continuous,attack,24,6,2949316312643293065,14082473857851196443,3512431696159145677,f1280e0349393ed8fe34e4df741698cbdef664da679c404ec7ed8560ab9ccde7,45b7f12424b1d4b3e204af49feb6d048813337dfe8f16129f0a5a551a7afdbe3,150,517,49,468,6.067214993855386,43.31721499385539,23.926666666666666,33.099999999999966,4.534228896861644,0.9933947893791389,0,150,83,83,145,150,0.0,1.0,0.5533333333333333,0.5533333333333333,0.9666666666666667,1.0,raw_runs/test/attack_random_continuous/level_24/pair_06.jsonl.gz,c281b04eccee010704d8df242ac36e3ef9729b23cd63234548ed629026a1bc77
test,continuous,attack_random_continuous,attack,24,7,5685123771069856718,16031353033753044848,6939616793526292257,076316ddb96d04ab8422e18738867f1107b42b02e39343edeaf6b6378c74f129,3c69a950226faa23eb0a1eb8262eb839f56c88166af829fe7a4e1d8983802930,150,520,52,468,6.026945624084125,43.27694562408413,23.866666666666667,31.0,4.542030622074008,0.998117787299373,0,150,80,80,142,150,0.0,1.0,0.5333333333333333,0.5333333333333333,0.9466666666666667,1.0,raw_runs/test/attack_random_continuous/level_24/pair_07.jsonl.gz,0c2d00b1d95c300e1225d8ea1a27973e867ab6ced1ec64d39886e837e2d9752f
test,continuous,attack_random_continuous,attack,24,8,892302016456819625,10650220714046566619,15085719510446225762,4ee1f3b89ebf49bca59f5d940e4897da9f0e67f2a9deec7ad7665f5dab393a53,271d98a79ef21d0e9ff693fb9c95da0b79a5540c36cbee0fe5b6cd6a9d62fbc5,150,466,34,432,6.098842190851139,43.34884219085114,21.18,30.549999999999983,4.355130218105322,0.9963414107483722,0,150,46,46,135,150,0.0,1.0,0.30666666666666664,0.30666666666666664,0.9,1.0,raw_runs/test/attack_random_continuous/level_24/pair_08.jsonl.gz,2dd8a421a488531c0b24b39750fae6ae0777cebc96101ad3667faf9e14870237
test,continuous,attack_random_continuous,attack,24,9,4379469355687760136,5132125539809160820,3826361328695394809,f5437d0a2121e91f76a7f8a12df693682ae6245af8962383983c7b9d8476961a,29400abba3b287e327d55b0763d329190a1b2cc13e0db6ca504741e9fd3fa2e1,150,531,47,484,6.151960273949927,43.401960273949925,24.826666666666668,34.0,4.588074178834219,0.996397771070284,0,150,86,86,144,150,0.0,1.0,0.5733333333333334,0.5733333333333334,0.96,1.0,raw_runs/test/attack_random_continuous/level_24/pair_09.jsonl.gz,70069cd3d17a161e9b7efeb188718294a979ab7a9cc47471faaff3d5a8f8a555
test,continuous,attack_random_continuous,attack,24,10,3305485504433524465,11594913408255821544,917372692855461552,9cd1ae0b89bc709f198fb2d7ee6f4bc2c84546d795381a79d9a779a6d8e5fa17,451129d6a73c1c4b9ef23f3efce149675b20037d4b1b23c48a8d0553558eb75c,150,501,40,461,6.094142064944289,43.344142064944286,22.846666666666668,32.0,4.46092611182458,0.9939948352412054,0,150,58,58,137,150,0.0,1.0,0.38666666666666666,0.38666666666666666,0.9133333333333333,1.0,raw_runs/test/attack_random_continuous/level_24/pair_10.jsonl.gz,ef3ed2a8ba4229e8b948808e94265921a6cd02a476000b253a72291e02dbf195
test,continuous,attack_random_continuous,attack,24,11,12970963081985540857,11161326003885433934,15484045470006254618,e88d9084ab0ac300fdf7a8d844f4bc548b86d60a9947d48b6804b52e358259b1,3626ebb106ead1a2f01c6083cda8e9b3284a7b29f4f6a1912c8103345e9ddc2e,150,520,50,470,6.2481035051071645,43.49810350510717,23.706666666666667,33.0,4.532562027701346,0.9978269884196658,0,150,64,64,146,150,0.0,1.0,0.4266666666666667,0.4266666666666667,0.9733333333333334,1.0,raw_runs/test/attack_random_continuous/level_24/pair_11.jsonl.gz,4bd1aaa49b332d09fa6e0c74b93eff579469a3ff8b7a03b5087839f0abcebe6c
test,continuous,attack_random_continuous,attack,24,12,17354426133336639490,17814275030682764157,2337858671538826517,0900741d292da636417758613869ec212b2d0cb41d4ee953026f3f25549ff217,70e781517e4db994e0d425076661779fbab811c65cb9d9ed50bdf4ebc25cdc34,150,529,50,479,6.157628592017516,43.40762859201752,24.38,31.549999999999983,4.566561430301481,0.9943704523631296,0,150,91,91,145,150,0.0,1.0,0.6066666666666667,0.6066666666666667,0.9666666666666667,1.0,raw_runs/test/attack_random_continuous/level_24/pair_12.jsonl.gz,6685b138d8cdbcfd5783bdce93f47b9f1969f8c9f7f51f51ced2d0171716ae5e
test,continuous,attack_random_continuous,attack,24,13,929499694554295103,2470362723243134418,2750303705770589349,83bc6084b8d794dfb38d7403d70a1cacc9edbf6ca67c6d016de4e34b60abffdd,d260e40a296ed2f1a15464509d63eb0ebc05ed0575dec268fd0bd5206090735a,150,501,46,455,6.175042208022655,43.42504220802265,22.66,31.549999999999983,4.457023378091733,0.9965886106768138,0,150,64,64,135,150,0.0,1.0,0.4266666666666667,0.4266666666666667,0.9,1.0,raw_runs/test/attack_random_continuous/level_24/pair_13.jsonl.gz,70ad57efa5c00f4064216e7ff0dc42f4be193b941e7984bf91bd4b2f8f4ea0ab
test,continuous,attack_random_continuous,attack,24,14,14517353942880207824,15352747597855916772,1891501643884599609,a36ff9c8ba04669d48291f85338f53ebf171f9f6bdd84d6a3e23eee4bbbf195d,f9354d52085739fdf7dd20ce56e489c62188a57d3c18228252cc2d2fb41ec8fe,150,502,68,434,6.020722316785494,43.270722316785495,23.313333333333333,35.0,4.493661677169668,0.995045909346414,0,150,59,59,145,150,0.0,1.0,0.3933333333333333,0.3933333333333333,0.9666666666666667,1.0,raw_runs/test/attack_random_continuous/level_24/pair_14.jsonl.gz,08c179bab07ab44aff31024ee3c5a3bf31061eb347a2512dcd898af8fc04d60d
test,continuous,attack_random_continuous,attack,24,15,14906247675353202697,14515981090157133639,15378463768935665537,7486df8646c709d8e5f41404e026782d39dcf356e3585324287403b72c00703b,eb561961d436fe46b6da35c5d35f22d396e75f5dd16958ebf481da7f5b5ed81d,150,538,66,472,6.112445780669572,43.362445780669574,24.69333333333333,33.0,4.580962812128887,0.9960376763998953,0,150,84,84,144,150,0.0,1.0,0.56,0.56,0.96,1.0,raw_runs/test/attack_random_continuous/level_24/pair_15.jsonl.gz,a315c6db8be0ae426bcb2d49a1d6685d6a9998ebb689703da9dff1db6bfc3494
test,continuous,attack_random_continuous,attack,24,16,5023607860423777729,387888889863381425,12904084807992104283,e9cf8bd6f4ac70e7a81204452bca304af0b92f04813ad13b60556af72f027b87,5723e301406be473d934924302032484713cb05b66278a2edaec99323185dbe1,150,527,45,482,6.10869197497945,43.35869197497945,24.206666666666667,30.549999999999983,4.568691213891585,0.995221810073984,0,150,82,82,148,150,0.0,1.0,0.5466666666666666,0.5466666666666666,0.9866666666666667,1.0,raw_runs/test/attack_random_continuous/level_24/pair_16.jsonl.gz,6a9610c9a43b4bd41c68e64781fe993f9e48acef5fe21657e9528869e6c49cb1
test,continuous,attack_random_continuous,attack,24,17,1490974601967308036,15362337821839643668,11928977555922428888,39224192b30706eeb371cc405077d3a34d7d152192deededbfa62f4f95e4de87,cdc7ae647fb484ba23e6f7ec9ed399ae296cdedb03ec6c4158f5a89f997b991a,150,534,49,485,6.063946883748506,43.31394688374851,24.453333333333333,38.0,4.543602801941564,0.9908265186809266,0,150,68,68,146,150,0.0,1.0,0.4533333333333333,0.4533333333333333,0.9733333333333334,1.0,raw_runs/test/attack_random_continuous/level_24/pair_17.jsonl.gz,2b65a628c7fe00be6e6ec96bdc1ed028165d0df04ae903e8238b6a1dbb9c6c94
test,continuous,attack_random_continuous,attack,24,18,7362073525556726832,7306066794261590589,838940989419404283,8a160dbbe4ff33fde0c01c6049cd36d58c98483c1e3671772a9e34521ec7dbda,ab309f92628a92f4708287a85b281447fdb6c3d91adb900ea38f91c2c7ed2fa5,150,533,59,474,6.1444835717236606,43.39448357172366,24.446666666666665,31.549999999999983,4.581269700153952,0.9956849212814268,0,150,87,87,150,150,0.0,1.0,0.58,0.58,1.0,1.0,raw_runs/test/attack_random_continuous/level_24/pair_18.jsonl.gz,55b1f5137224161a69b2d3f6c9e9401710215f28ed5b92405e3afb56a008f9d8
test,continuous,attack_random_continuous,attack,24,19,16878414205353344989,13670941286917474902,13806487019574662764,3155ff6db88b1fa1757fe65768893662b121e6c72d9b2c7e02956ac0b5b3dd82,0cb31773de7c7ee2380b253deefa11bb1ab88aa48d3c2c1b872be256c5006f93,150,518,44,474,6.103084516976933,43.353084516976935,24.126666666666665,32.0,4.552093941257344,0.9939458188706074,0,150,78,78,148,150,0.0,1.0,0.52,0.52,0.9866666666666667,1.0,raw_runs/test/attack_random_continuous/level_24/pair_19.jsonl.gz,2aad174cd900db1fa50793d42385b6311f7d92358da94f6b622412d13ff21d52
test,continuous,attack_random_continuous,attack,60,0,12055753219752071432,9214243546908858119,6155702029067630150,0d0eeb8d4690d27e6a40115d0dbc9e9c68bc2953a36ad87bb1adcf30533e6f0f,087be293cf88f9364a7a75922e65068f0a6b005bd44420f27d05d09daf6ba631,150,1295,122,1173,6.212800944695471,43.46280094469547,59.946666666666665,74.09999999999997,5.858613561624958,0.9831037535003133,0,150,150,150,150,150,0.0,1.0,1.0,1.0,1.0,1.0,raw_runs/test/attack_random_continuous/level_60/pair_00.jsonl.gz,8254a11e8a987afbbc8da8e43b77830d4a8f14d45364c4ebb98c4508a0b7ec44
test,continuous,attack_random_continuous,attack,60,1,8839336648511840479,10673283752536822424,4349247532347852348,6294d910c1cd199191ff4942fe2f1f703e4adaf73bbc8ae328092ed66a9705cc,d9868c927015268734dbdcedb8f5fb386b4ab944f4278a15415265f80b3e8c97,150,1293,131,1162,6.188019813001288,43.43801981300129,60.38,72.0,5.872387212154695,0.983546094293611,0,150,150,150,150,150,0.0,1.0,1.0,1.0,1.0,1.0,raw_runs/test/attack_random_continuous/level_60/pair_01.jsonl.gz,212383366efa2f2d8bea757a35793538e41f38516c9bef8546dd0d393e98bc6a
test,continuous,attack_random_continuous,attack,60,2,319664382691450108,8425599047184436904,12623548514616611454,36e5a3069fa089223a31477060ff76c04664a666d0bfc2424bbcac5ad442a5d9,6dd5bfd495f3fac88f044de42cea955bf36f4714344181cdcf51c84515785282,150,1342,148,1194,6.060261835122168,43.31026183512217,61.58,71.0,5.905329290647932,0.9848290337271912,0,150,150,150,150,150,0.0,1.0,1.0,1.0,1.0,1.0,raw_runs/test/attack_random_continuous/level_60/pair_02.jsonl.gz,c1aa29470bdea30adc7c403ebc228b6995dd17805a047de1f9c182c127606b09
test,continuous,attack_random_continuous,attack,60,3,13836154008408628279,5160735939387224534,187554311995564873,9472cda6d3a25402410e1ce4a606ba046d0098b56dd7bcdfd18b658dcf2005b9,8f08196212bde82fde563b6c926e7fd9bedb32f46f349092fcb623b47543c998,150,1284,132,1152,6.130406516898415,43.38040651689842,58.08,73.0,5.82364019712296,0.9889574235451823,0,150,150,150,150,150,0.0,1.0,1.0,1.0,1.0,1.0,raw_runs/test/attack_random_continuous/level_60/pair_03.jsonl.gz,de2d51aa853599b16cd26c39e11b1d39c42724df9e97bcffc405315769a78c16
test,continuous,attack_random_continuous,attack,60,4,11935645281803378086,10850879342782276294,11151835775515102199,76da03c1fd8abd1451b3a1cbaa6eda9a9eecb45f6648ee3262cfdfd1384de4d9,c4e70cd7420abd83600dfe99ea476eebe67891de0cdfef394d056fa8187a1e70,150,1319,135,1184,6.051324569724875,43.301324569724876,61.346666666666664,71.0,5.909594867054358,0.9903593869409095,0,150,150,150,150,150,0.0,1.0,1.0,1.0,1.0,1.0,raw_runs/test/attack_random_continuous/level_60/pair_04.jsonl.gz,540b96b7cad8ed742fb318bf0ff5830418c4f4638ceecc314f4173866cd2f754
test,continuous,attack_random_continuous,attack,60,5,1757260870866604938,4146312056965225847,9077209245756810382,f9db4876a847e9c4c8593930f5f6b8c37410c6176b1960e210fe039b36181048,625082769b4f4c855627598dc990fed28bce1167e7d3da3467f1ae71867b854c,150,1263,112,1151,6.007344082435379,43.25734408243538,58.06666666666667,70.0,5.817003841814799,0.983595615555871,0,150,150,150,150,150,0.0,1.0,1.0,1.0,1.0,1.0,raw_runs/test/attack_random_continuous/level_60/pair_05.jsonl.gz,a07c5d49b16d1b433fba7ecb0a28f24e9c214b6afc104b5724b29769878f6f73
test,continuous,attack_random_continuous,attack,60,6,3344941150479110178,5290337178899518715,8818103940414109005,7b557f895d362ac5931cd8e80572014ab009ddbee32983649f8a10bf5351ea7f,401a1340fe86608ee6d14c6d077399478160edb3fde360d5d12fedf98fc58c04,150,1262,125,1137,6.239736420820231,43.48973642082023,57.99333333333333,67.54999999999998,5.826702349455806,0.9875273598374298,0,150,150,150,150,150,0.0,1.0,1.0,1.0,1.0,1.0,raw_runs/test/attack_random_continuous/level_60/pair_06.jsonl.gz,65cdf2fc65d40fb8596cbd9307954a62d4aaeb49f3e95a847c82d47344657d54
test,continuous,attack_random_continuous,attack,60,7,6419627319096885175,3009885920888390511,2722718692792741741,08368c0890262bd0aa475f86431c1550a4b52be536af27a10d48efa31f65ad1f,b45dfa297eb814c84b1e1c8f666eb7c40d10988691a86e752fab503f39f2ea6e,150,1363,138,1225,6.165685079855766,43.41568507985576,62.266666666666666,76.0,5.923647810485168,0.9875904326767212,0,150,150,150,150,150,0.0,1.0,1.0,1.0,1.0,1.0,raw_runs/test/attack_random_continuous/level_60/pair_07.jsonl.gz,1eac9c7d97588705c9ec219340a525c960f9856e14b10396dee041c12eea28b4
test,continuous,attack_random_continuous,attack,60,8,4542692740964769341,14469435378480644158,16100688896314528621,fad9eca8ee0d2d2f0a5513f8d8c787eaa101287c9e7e4913026b7fadb889e2f0,db733de27e88ff43b6b3874dc333cf09df58ae8074d4efbf9f99e583ed568e5d,150,1283,127,1156,6.116328526618515,43.36632852661852,59.16,69.0,5.84210570285994,0.9820502259539787,0,150,150,150,150,150,0.0,1.0,1.0,1.0,1.0,1.0,raw_runs/test/attack_random_continuous/level_60/pair_08.jsonl.gz,1772ebe5d43ec7aeff7ebec63f8761861b2e6b0f1c0dc0461719bec4671c2949
test,continuous,attack_random_continuous,attack,60,9,17474522367531266523,2202058633778674764,15320904330408362874,4bdef6d19506e7c3161b0ce671fe8d1dce029e762234d5651e6cdf0e5ec55c2e,af61f87f743a4d375ebecc7133e44d15c38264a114da75d3318c4304403ce5f1,150,1315,117,1198,6.080731402774736,43.33073140277474,60.46666666666667,71.0,5.874804446285677,0.9831325536038865,0,150,150,150,150,150,0.0,1.0,1.0,1.0,1.0,1.0,raw_runs/test/attack_random_continuous/level_60/pair_09.jsonl.gz,db1bd37b39ba5d2e6dbaa14c9b91a24bc6631ba068c36d455d2dd2429cb60c7b
test,continuous,attack_random_continuous,attack,60,10,4442364550062877907,2324713340149489347,4225873697911133208,f3c6c8a4a4e47f9104281ea9f40df9f97ae82eb9b3e43ae482be8c7157be46bb,0db77c3d83c44a26144367d57509e606f8fe7ba70be9c115d46ce0b99de76787,150,1306,140,1166,6.096920760424488,43.34692076042449,59.906666666666666,72.54999999999998,5.871955697963836,0.9898722512406497,0,150,150,150,150,150,0.0,1.0,1.0,1.0,1.0,1.0,raw_runs/test/attack_random_continuous/level_60/pair_10.jsonl.gz,ef96afa49f35d9513336c8857773eac550ff37c2b0e8342fa69367c00f9f0537
test,continuous,attack_random_continuous,attack,60,11,17081000117766575483,11316276093277514577,9199786775301455269,85ede861b3b74c1b0d08a42723b253ee98a7e1669412e3815c980bde3dea2332,3ab1dba7014ef4cffe0a70cdea66329faef9ab103efd9f84bcd4545b9cd2d5f0,150,1291,131,1160,6.142932046613686,43.39293204661369,59.66,70.0,5.870321052895405,0.9910226517862115,0,150,150,150,150,150,0.0,1.0,1.0,1.0,1.0,1.0,raw_runs/test/attack_random_continuous/level_60/pair_11.jsonl.gz,4f3ad9f592d401ec6138a12c361c052256d2ca64c20225220900417923e8a125
test,continuous,attack_random_continuous,attack,60,12,8832631734345316595,10851382885812462550,16712540641595966927,364e6e86cc8cb125dcd9d6322c123ac4871aa9c4e5d52646b74b6d0111d70bbb,cee354431826be997f5f1507c71cd97df6545722cecc59889bdce27aaa2a1286,150,1283,124,1159,6.245351842467986,43.49535184246798,59.38,70.0,5.851861624674445,0.9841798645842099,0,150,150,150,150,150,0.0,1.0,1.0,1.0,1.0,1.0,raw_runs/test/attack_random_continuous/level_60/pair_12.jsonl.gz,4da2e4757da38a6c9a61e358351b748d6d4edc19a61529fb09ebf939d951eefc
test,continuous,attack_random_continuous,attack,60,13,10028181195738753679,17377064598925272357,7028994179707150966,64b7e54480130ee3d3565dca668e77cb8cdb90d324b62fc9c4833e82d79e5417,9e0034e89440390aa2b71fb7c2de50aa8d8db9a7f283796ddcf425bf3f3684aa,150,1256,129,1127,6.089269975797674,43.33926997579768,58.44,70.0,5.833868846698087,0.9866019974430141,0,150,150,150,150,150,0.0,1.0,1.0,1.0,1.0,1.0,raw_runs/test/attack_random_continuous/level_60/pair_13.jsonl.gz,199ddffe55248b1a18b571037956935275eec6178156c22138a03d95f55ab64b
test,continuous,attack_random_continuous,attack,60,14,4821605639821782447,4223715041169017503,13138566628088674196,231ff0443fb0493410dde4040fa148daa458889b3907d72e01f75a13300da310,fdfe0a3616ae73b611d0a144813178230805fb9d9d283446ed0a7b546c66dd3f,150,1331,136,1195,6.012468099156788,43.26246809915679,61.62,74.54999999999998,5.895562487000631,0.9814485336935221,0,150,150,150,150,150,0.0,1.0,1.0,1.0,1.0,1.0,raw_runs/test/attack_random_continuous/level_60/pair_14.jsonl.gz,80540eef99e861741d95b0c14d5a6f5e899d00895cd17eb07c9678197b16822f
test,continuous,attack_random_continuous,attack,60,15,11853175302378749387,6720599183677307609,8379585697419057157,99c16c9bcbf704e7254dbc94107a76361bbda2357363d1ff26b3088f698f68ef,90d3df1b3a128dbd51dbb98e9f4a28c858d5b1f395c37ea9f039f661b280bf1a,150,1357,134,1223,6.1105681327278685,43.36056813272787,63.54,76.0,5.9473735142692155,0.9839681491379927,0,150,150,150,150,150,0.0,1.0,1.0,1.0,1.0,1.0,raw_runs/test/attack_random_continuous/level_60/pair_15.jsonl.gz,b977edfbe734dc578d7ea744f6133767d89946629ce7d3c993f3d70d7aebd677
test,continuous,attack_random_continuous,attack,60,16,12616534501666573552,12627197480071288338,14367465294706707592,0c42791df19febe53049fbadbfde998a546738ed6aaaf0945ff5c9e60f8b7b3e,d41c4177f86db0276a0969edb649f3399c2b778a7e5fa5c638c7261ff48acf66,150,1244,118,1126,6.0602187070685005,43.3102187070685,57.93333333333333,67.54999999999998,5.815675225878483,0.984794637761251,0,150,150,150,150,150,0.0,1.0,1.0,1.0,1.0,1.0,raw_runs/test/attack_random_continuous/level_60/pair_16.jsonl.gz,a4e0b22c5d7a07825f417dec0787e57a73d62705797f30a6599e5c1a452e1146
test,continuous,attack_random_continuous,attack,60,17,11801157881835141813,9336715141020142115,9429495770013601243,9491b4410186dc679f48fb80aeeff670544c99ce949b46380fdbb586cb4260f6,8e76946f3735562faba9d0e29ca971c2e746a056406b02eb929e6d7d87c0dc16,150,1312,128,1184,6.081127742005406,43.33112774200541,60.513333333333335,72.0,5.890875937116686,0.9910707900172812,0,150,150,150,150,150,0.0,1.0,1.0,1.0,1.0,1.0,raw_runs/test/attack_random_continuous/level_60/pair_17.jsonl.gz,6671ecb2e75cfe164b4422f5a2617e1212cb7d2932ace04880a0848171060d8f
test,continuous,attack_random_continuous,attack,60,18,860134680128116760,3080095973261707755,1088813104341094993,09121d6f93b7eda2a8153acf9831283a8a86fa1de93e2c8bb727c93b5c03bfea,a8fe6feac2ecbf14bfbde8e4c0a2083ad02b95c3a920575c95b00d9469be4c58,150,1320,125,1195,6.109167597864794,43.3591675978648,60.553333333333335,74.0,5.880425477920045,0.986256178833136,0,150,150,150,150,150,0.0,1.0,1.0,1.0,1.0,1.0,raw_runs/test/attack_random_continuous/level_60/pair_18.jsonl.gz,e69dd14e6572706114c6d70481db1a9858beecb90cb1b0d4b3ccc0054dc60643
test,continuous,attack_random_continuous,attack,60,19,2765256529201453566,10660716801522912321,7171717682939879865,1d1b30e005c751a17df802a720c876f8a113bdf0b88f1d6370167269caf2327c,cb4748a82a88452b9b032c23bce0eb5cbcca47337d81e966cb5f7ae6607c878d,150,1310,128,1182,6.141375162979009,43.39137516297901,61.586666666666666,73.0,5.904427215559841,0.9855771221596399,0,150,150,150,150,150,0.0,1.0,1.0,1.0,1.0,1.0,raw_runs/test/attack_random_continuous/level_60/pair_19.jsonl.gz,a74562b34f1d1957783bca06a09fab52daa937bc6c41774b83148bbc4d136c18
test,continuous,attack_random_continuous,attack,120,0,8377203359892070172,3454123631777269297,15462346451740059128,a239c6fed2bbaa3cf5cdeb81f3d137fd3a052f8cb21c51077c4d90378f2a4d10,b7db0618291dd4d16f0a4b3aa4e728d50aa02c76b1605ac19ff092e41ec2426e,150,2645,259,2386,6.2026519864455345,43.45265198644553,121.66,142.54999999999998,6.86396903619773,0.971817627117428,0,150,150,150,150,150,0.0,1.0,1.0,1.0,1.0,1.0,raw_runs/test/attack_random_continuous/level_120/pair_00.jsonl.gz,948f1df96b6b16f19c0e1435f8c6fbdb13e47e7cbcb963038c388d2f7c0176d1
test,continuous,attack_random_continuous,attack,120,1,16977730830662377644,16574041771284837851,6869946647725482885,6ab66c482a9e5b67742e25a55cfa6241fcd4b14102726b6279f3f3a5863af9e6,a1ee8ab26f5c7647586235ed8e126f35d91b1a38eebea25939319fca9641fad7,150,2588,274,2314,6.0434501274697565,43.293450127469754,118.68,139.0,6.811532946239137,0.9645316191790392,0,150,150,150,150,150,0.0,1.0,1.0,1.0,1.0,1.0,raw_runs/test/attack_random_continuous/level_120/pair_01.jsonl.gz,87545cbb3ebf6fd3c61592f4c4109a75a232df67d78a426e16add16ae313d5c8
test,continuous,attack_random_continuous,attack,120,2,17474291979858848990,949583169032656942,14251519227911602442,11d219c90247f872cd46e30d6c4bb7102e4cd4e5fc3e73fddb7bdad69ba94c40,5d10680bd96f493676de382aaf6a42b0e9b9862ce36e523a34f1a442f7e3bbd6,150,2541,260,2281,6.052861110369404,43.302861110369406,116.17333333333333,131.0,6.7892762465722205,0.9675918852976014,0,150,150,150,150,150,0.0,1.0,1.0,1.0,1.0,1.0,raw_runs/test/attack_random_continuous/level_120/pair_02.jsonl.gz,391a5349054626f1599bcbd73fa2f95549a6b1b23d0442dc54cd62b65c252422
test,continuous,attack_random_continuous,attack,120,3,10328863206529592231,11774122508544598813,13157129810182144073,2375a10a8218a115d84efcfafac5feafd8222f9761bddee11d1bb21590ed6085,ab010d6749dc049a46b95e480c4b390a5fb93443d32d6c011bdddbd6245112de,150,2603,254,2349,6.017009449812901,43.2670094498129,119.89333333333333,135.64999999999995,6.83905918712647,0.9689110914730922,0,150,150,150,150,150,0.0,1.0,1.0,1.0,1.0,1.0,raw_runs/test/attack_random_continuous/level_120/pair_03.jsonl.gz,4e291e5fca1c593923a140136d553ba91def3853e672b175b5b266b0eb6ce87b
test,continuous,attack_random_continuous,attack,120,4,15059701741148047822,12981834254827585149,15236398849936588258,72b00e7fabd9717bb1a647c20e0a0edfd129c6769d193a8efca80b14b6440e11,85c908955f59100e596df01832036e3a96b8e17969d090b2bd4ae78322127718,150,2520,249,2271,6.007936049188819,43.25793604918882,116.56666666666666,131.54999999999998,6.810994856028787,0.9749362482074044,0,150,150,150,150,150,0.0,1.0,1.0,1.0,1.0,1.0,raw_runs/test/attack_random_continuous/level_120/pair_04.jsonl.gz,aba0137e4f1a7afa01512e0b91158eb0125f2372f2f0377cd84ea7d499160893
test,continuous,attack_random_continuous,attack,120,5,7723432460910292314,14143399362503015316,2561301003922006541,ab9c99aaee9998328f9b327e1ad83c86d6310e1f03ff2298cb1d7fe646b5aadb,544babd332808b6b1b4b3436c5d3ed2f629efad6b00e4d72601cb62f591bc66e,150,2625,278,2347,6.02197612093489,43.27197612093489,121.54,134.54999999999998,6.868830378445741,0.9734447304442249,0,150,150,150,150,150,0.0,1.0,1.0,1.0,1.0,1.0,raw_runs/test/attack_random_continuous/level_120/pair_05.jsonl.gz,ff004b6a4a2e183d420371cff54427fe4ad1746b464640556e692c87475ff74c
test,continuous,attack_random_continuous,attack,120,6,16312610755683342315,4132740184489374292,12498724449326466826,ab4cc7afa205bede7a7616a49a5c655588dab932f509027c4f29f4f5b354d948,637dba3d3f3321b3f49fe124f7553cfef8a6f1d438583c55b2ce8b91415926d2,150,2569,267,2302,6.088068532309071,43.33806853230907,119.63333333333334,136.0,6.847431364527894,0.9748718389826518,0,150,150,150,150,150,0.0,1.0,1.0,1.0,1.0,1.0,raw_runs/test/attack_random_continuous/level_120/pair_06.jsonl.gz,1648fb524d280a8221fbd2a9ea287b77764e3348c3ae0b2e085712adcc80c4c5
test,continuous,attack_random_continuous,attack,120,7,6150188156210431558,14449820104385269486,15359404157905338767,67af47d0931e8ce29f1171f6a2b5f7cb514e89edb2756d91ed1063183832d7c4,d0565cf26c961ddcc9f52c56b20b4db39701b0b62d498d03e7651164cd91bfb6,150,2558,241,2317,6.182594973848276,43.432594973848275,116.60666666666667,134.0,6.807434223155401,0.9732756581494262,0,150,150,150,150,150,0.0,1.0,1.0,1.0,1.0,1.0,raw_runs/test/attack_random_continuous/level_120/pair_07.jsonl.gz,ec073f6fe6163f9783152e60c4569cc648113ca40b980b280470d41c93fc41c7
test,continuous,attack_random_continuous,attack,120,8,14255591453641436147,1533279152722602806,9048917713855162294,5d81a650871acb254af2e8ba56c92e179ff6147521d5a22b2e010c5087f8bb75,cf0de2585e6c1d4746d8176e85bbdc7dd570096293d83667374d76c66e53d95f,150,2647,262,2385,6.024949200125141,43.27494920012514,122.04666666666667,144.0,6.869273267292165,0.9738876823608227,0,150,150,150,150,150,0.0,1.0,1.0,1.0,1.0,1.0,raw_runs/test/attack_random_continuous/level_120/pair_08.jsonl.gz,fe08ba18bd1650c463362f277ca1e2a001142634752eeaf5b5221d3d8715b19f
test,continuous,attack_random_continuous,attack,120,9,4410485485139951129,175659314155868336,11766361343614182558,9066081f74f6128eb21c79d017ae5e68c6de0793c28cf2ddb699fb01bae18f49,3d2e365a910429fbefe3ca1bd76535991553260c86a0224bbf480449e20067fd,150,2590,257,2333,6.1914544056990835,43.44145440569908,118.86666666666666,137.0,6.8330788928695405,0.9728481665243222,0,150,150,150,150,150,0.0,1.0,1.0,1.0,1.0,1.0,raw_runs/test/attack_random_continuous/level_120/pair_09.jsonl.gz,1964eb9afee2803fc5046a8d44cf3e9c15de7063b9824da4ae4e5276d3b30cc4
test,continuous,attack_random_continuous,attack,120,10,743702014842193359,14638614775406783373,4530429168603147609,cdedae31ccf7fb3cb5bd1de093b08aec5a12e4fd6475cdeb17fe19d60af73ab7,df5991dab99621491c2deb2448f6b60256a7fab6c948068786d369c3db34e436,150,2561,263,2298,6.054098441834665,43.30409844183467,119.18666666666667,134.0,6.835221696019167,0.9719784664366008,0,150,150,150,150,150,0.0,1.0,1.0,1.0,1.0,1.0,raw_runs/test/attack_random_continuous/level_120/pair_10.jsonl.gz,e3aa51ed812da69f87607a9bb5665c77d481c63f2587c598ddfe2f50411ec54a
test,continuous,attack_random_continuous,attack,120,11,6937732872999664108,11747685142109483282,1277535323545207884,43cb87e8e21594121e5c406c03ad2b8618494007385732f9d2f57ca1da042ab5,676c0b12b71f64cfe71afa8a30f010023a27c3fcce32f12860f3aa5ed72933f6,150,2547,251,2296,6.080600204929572,43.330600204929574,117.10666666666667,132.0,6.812610457773339,0.9731891709989471,0,150,150,150,150,150,0.0,1.0,1.0,1.0,1.0,1.0,raw_runs/test/attack_random_continuous/level_120/pair_11.jsonl.gz,42bbbb2ff4d5fa7bd38194f6decff205893750e7fca769252032741ecf785c45
test,continuous,attack_random_continuous,attack,120,12,318235669795214381,7455951692569321731,715067757391439485,0cb2a715f278bbfb13f132bad66c6aaf7f150269ef5a5d3cca88629474be876d,7fd8cd4778e3eb5d0c9284fb652b4f7da6871432698a988c4ee719b58137a53c,150,2597,249,2348,6.123950836984667,43.37395083698467,118.86666666666666,135.0,6.829675930536669,0.9713202323592657,0,150,150,150,150,150,0.0,1.0,1.0,1.0,1.0,1.0,raw_runs/test/attack_random_continuous/level_120/pair_12.jsonl.gz,1aacb19836223a97ad39b58727eded88cc9781d8b4c6f332c6ddb1c854eca45a
test,continuous,attack_random_continuous,attack,120,13,5963114150740161007,12572808009116746492,1069389618195919496,e8aaa6f4dde94b1bc08010d83bbe4238007cfc7479f4c7afa14c1b5e9ff7a63b,a1674dd3090df1bf6f18545be99d7b41ab10e993159e738aab2181cbe71fc3d1,150,2603,266,2337,6.059467103547272,43.30946710354727,118.62,133.54999999999998,6.831758304165704,0.9723741287194578,0,150,150,150,150,150,0.0,1.0,1.0,1.0,1.0,1.0,raw_runs/test/attack_random_continuous/level_120/pair_13.jsonl.gz,dbc18f10f4a285363a6ae0a05c3da190b6a690f1b3145a50c76c058abf9332e6
test,continuous,attack_random_continuous,attack,120,14,5921354361794523497,5972561165925497729,12068164445283882028,9afb0ab865275f7c1523e7848297b12108762b8d6babd2c5a77bbc23cbd1c880,f4b576574a3a4e504a977c5e1a3b906040713f2b34008a4266d796f8a7209841,150,2652,277,2375,6.009162122583685,43.25916212258369,121.84666666666666,139.09999999999997,6.857821185330516,0.9671447848098567,0,150,150,150,150,150,0.0,1.0,1.0,1.0,1.0,1.0,raw_runs/test/attack_random_continuous/level_120/pair_14.jsonl.gz,23fa7d7c0047f7ec41d3ad7fdffb90ded127bcfe187510b43173a9b4a6f02432
test,continuous,attack_random_continuous,attack,120,15,6840726219925807843,12649960720818103437,5711160007966780847,7880df9a6eff9b421a5d97f492c5bc66d67bf36a3acd6195a548f9007066278b,30c325def5f77e153d47cf91885d0bfd32e85cdf4c87eb9fd7a1b96a2d5cd285,150,2513,236,2277,6.010475163655674,43.26047516365568,116.64666666666666,135.54999999999998,6.807188201723105,0.9737745166687527,0,150,150,150,150,150,0.0,1.0,1.0,1.0,1.0,1.0,raw_runs/test/attack_random_continuous/level_120/pair_15.jsonl.gz,7c4c946e05f1fa5d5eec87ffa65cd396809d720cc0b2437cc172eb32f81bcb0d
test,continuous,attack_random_continuous,attack,120,16,17059881575728195470,12962201300728633190,16167232371012334,ce93fec7cadeeead870d11709848d47726192d9f70168819495c1cf210106770,e37f64866658e6790110800bcd4b9d6bd846a982520acf86409ac30e256e2fbe,150,2614,252,2362,6.136196256751553,43.38619625675155,121.12666666666667,137.54999999999998,6.862408552681945,0.9753017862000597,0,150,150,150,150,150,0.0,1.0,1.0,1.0,1.0,1.0,raw_runs/test/attack_random_continuous/level_120/pair_16.jsonl.gz,3b8a58005b4c33f73654a756c4618080f6cbb591a251c67b77900bd67e418f53
test,continuous,attack_random_continuous,attack,120,17,10475107289356059551,8651585788118722659,6708121133589494715,1d55251fe35059603767ec86fc85a00461cdab5b8003e28d2bab1df5155c56a6,296a3becd8c1989d2267c3426ea5c570683b0014c8dfee83c8ebf5c85a929505,150,2579,263,2316,6.216809479138272,43.46680947913827,118.44666666666667,130.0,6.827911989883443,0.9717256840782224,0,150,150,150,150,150,0.0,1.0,1.0,1.0,1.0,1.0,raw_runs/test/attack_random_continuous/level_120/pair_17.jsonl.gz,f3cdce1db78a06242a56185874f4f0499f52be1514957312b2a2780ae4e00bbb
test,continuous,attack_random_continuous,attack,120,18,3846968442796898447,10403517115914327744,17195919542424563317,444653bdac4c0a3239c00fd50e7e77c35426db0aa2476ac3ac400e32717cd109,365e755ca7c0f82acce97e2119fb47faf94ae914b4a721e8d57084f605952a06,150,2607,271,2336,6.081801653201673,43.33180165320167,120.8,139.54999999999998,6.857990278674076,0.9741261059970967,0,150,150,150,150,150,0.0,1.0,1.0,1.0,1.0,1.0,raw_runs/test/attack_random_continuous/level_120/pair_18.jsonl.gz,4965dc157d87920f6018873cfc6ac7f095986ba7c0cfb6b1ea5bfa3cae2a383c
test,continuous,attack_random_continuous,attack,120,19,15827488436496725697,448282165503569617,883327793831156221,6ee598e59923fa93329bc302a9021c213a9bc36a99e69dd95d89f2d4aa48b6dc,2411c65a30296c57e9acca8860e38d595fdbccebae860434a5f57412da97537b,150,2535,241,2294,6.141337114743804,43.391337114743806,117.76,134.0,6.8202811035856845,0.9729767092601035,0,150,150,150,150,150,0.0,1.0,1.0,1.0,1.0,1.0,raw_runs/test/attack_random_continuous/level_120/pair_19.jsonl.gz,b408e4feeab022a6b3e0c26a4d1e3e14785b2e941a4011a7dfb6f079a4b2a4b9
test,continuous,attack_random_continuous,attack,200,0,3305879775677813233,10421308348587540143,14022464508462034129,986571c75dae06d62e17a71542a6013296cb6c94b082bb0f549e307c40938eb5,3e03b7a42b4363e9e9f00eca0a7af10835ec56253b1183327cf74af50ce2f9b8,150,4318,417,3901,6.24795365588724,43.497953655887244,198.29333333333332,222.74999999999991,7.5345374374412435,0.9535821433152144,0,150,150,150,150,150,0.0,1.0,1.0,1.0,1.0,1.0,raw_runs/test/attack_random_continuous/level_200/pair_00.jsonl.gz,12f90d35cb18b74e17c6e7d3ae9e0a057031a95f2cfe0b4b62a739bc2471e37a
test,continuous,attack_random_continuous,attack,200,1,11965773264084442328,8727095041189310502,10399411084662740060,8490c9a4d1aba0ec105c7bdc6a2e6597c9dd298801bef8faa95f1698a9c4cff7,73f81f97efad620eea0eb89d9a926959370880a7774c7421625f9a727ce55f34,150,4520,439,4081,6.170198780649708,43.420198780649706,208.96666666666667,227.54999999999998,7.606438545163761,0.9513766008846506,0,150,150,150,150,150,0.0,1.0,1.0,1.0,1.0,1.0,raw_runs/test/attack_random_continuous/level_200/pair_01.jsonl.gz,33a2214457016d7a12d8eb9044a3feec9258657780200f6d7cb337d3d7abde93
test,continuous,attack_random_continuous,attack,200,2,18325105054551786770,7064399210547045580,16398103601312617202,822b470e86357c11735e19e05e5acd309c9ea33c073b3059f11758e1838205c9,a14b3ce9cdf8589911ad6570537a37c82b2633fc345fd596c3c0e4b752059648,150,4435,452,3983,6.238696724756045,43.488696724756046,203.75333333333333,229.09999999999997,7.578073451413869,0.9565886012491864,0,150,150,150,150,150,0.0,1.0,1.0,1.0,1.0,1.0,raw_runs/test/attack_random_continuous/level_200/pair_02.jsonl.gz,f437b810d86d1206b4141246414db5b7470bc9634eb689487a1cdf74fefbfac1
test,continuous,attack_random_continuous,attack,200,3,2706547891802339268,12565575302086033423,5163881709750303036,9a943cbb901e99e28ccef82b7e0b331f3e98e516976e4e56ae23cad12301fa5b,e12ea21765b8b88482120abbb3c1b829d7cc8743917a66bce9e767b72d8262e2,150,4339,444,3895,6.1593309519028026,43.4093309519028,198.62666666666667,220.0,7.542695028533292,0.9558991801896136,0,150,150,150,150,150,0.0,1.0,1.0,1.0,1.0,1.0,raw_runs/test/attack_random_continuous/level_200/pair_03.jsonl.gz,cbaf4aafd292dad1f0d2462944a8d7bf2d826563f4cf592012ab012173ebf639
test,continuous,attack_random_continuous,attack,200,4,5380016248454964302,3694083526017213416,3213973239476958026,19d3021525597c7368ebb7eb9807f07160b6325585ec4096e56e0ac83a2f9733,af9096d370485e128a969ba11f7a187627691ebea544a9e01e8ea2f4e4aae7c7,150,4343,445,3898,6.212387741854516,43.46238774185451,202.38,229.0,7.566048909937758,0.9551850832074581,0,150,150,150,150,150,0.0,1.0,1.0,1.0,1.0,1.0,raw_runs/test/attack_random_continuous/level_200/pair_04.jsonl.gz,754f0a1d0f051a549894d287cf90a162354d4e7071cd361c3d2cc30a80cb0da6
test,continuous,attack_random_continuous,attack,200,5,8188740890578337911,6615532565649476703,13776693072771037810,d0e4573c5aeb1603553c0b874b116b7f657a7561f34e7b60068a4a51ee4756b3,66710fd941903b16345bf5035b8a13887e7597559797c45321614859baa59966,150,4321,441,3880,6.157481472613676,43.407481472613675,199.27333333333334,227.0,7.536166089831437,0.9508943787103427,0,150,150,150,150,150,0.0,1.0,1.0,1.0,1.0,1.0,raw_runs/test/attack_random_continuous/level_200/pair_05.jsonl.gz,15452b6fd67954cd5bbd0fb815a0559d2b1092a7d48650d188a08e11d4a7c4ae
test,continuous,attack_random_continuous,attack,200,6,11156434581171536795,4136638949697257322,1675260335228649058,c885a25e389058c45d0ae4bb5ea680ee86560807db16093c32053b3237854273,55ee83d2921a88451cfdd81669092f85c097e7935688e43e969cd35faf6d7f4e,150,4349,445,3904,6.026749851195157,43.276749851195156,200.77333333333334,218.0,7.545793469922224,0.9504361863344348,0,150,150,150,150,150,0.0,1.0,1.0,1.0,1.0,1.0,raw_runs/test/attack_random_continuous/level_200/pair_06.jsonl.gz,922eead78659d5179fcbe0896fcffaeb6bdaa5ba61025866ddef85febe741629
test,continuous,attack_random_continuous,attack,200,7,14463190566117325287,17107551952184837091,1710166856361347880,7be1b0b3bbcbc0516b8ba376285f05780f7c7f52e8e1aa84f3ed52b197720be6,3237046a73171c7389d41d617ce865c08a9d58013231b65c1f1236d754903d2f,150,4269,414,3855,6.123123255424631,43.37312325542463,196.32666666666665,222.54999999999998,7.513206743323926,0.9504799435521378,0,150,150,150,150,150,0.0,1.0,1.0,1.0,1.0,1.0,raw_runs/test/attack_random_continuous/level_200/pair_07.jsonl.gz,c210cce5f0339782cd2af397d7ccdee08396b4ad99045e7c30e996109ab70cc8
test,continuous,attack_random_continuous,attack,200,8,16195968407897823456,9995507322886959644,13461809875512779547,a6e549baa69d0a7d4a333ee920b7d43f2e387817f032e9a706b23d9ccd54f7d0,730d8a32eac780a79fbef5326b008553509cdd426b3f1dd3a00ac6916b1c2e49,150,4283,419,3864,6.114049540250361,43.36404954025036,197.70666666666668,221.0,7.5299664827354205,0.9541890273691088,0,150,150,150,150,150,0.0,1.0,1.0,1.0,1.0,1.0,raw_runs/test/attack_random_continuous/level_200/pair_08.jsonl.gz,335538e018b52abe8d4a04a53e9443fed3f8ea1d9636cba8f496ccf6433388f4
test,continuous,attack_random_continuous,attack,200,9,7420720521770374408,2465067361418340396,2278124128773684536,5ca47e04ace17b0a946d279a29495ba3ebbb91338de898eff0a76665f1fb551c,b05865393a4cada4b1f0bb52ea3e907297dfb84a67e2e74666d197b286b9e69b,150,4339,445,3894,6.12631336198363,43.376313361983634,200.05333333333334,221.0,7.5501593309135355,0.9548900733907764,0,150,150,150,150,150,0.0,1.0,1.0,1.0,1.0,1.0,raw_runs/test/attack_random_continuous/level_200/pair_09.jsonl.gz,fba4f06109b66d87637b7e223fa105f3d29794981d5e748d020a08173a46e53b
test,continuous,attack_random_continuous,attack,200,10,5878993358639171811,1397690522937504700,9481413623484373986,68883f6d0eee72f74499401d0cff546a1fe7d04dbb05e8019c976666f2edeff9,3436c3785f8a50c1528a4d7311feb57c1c449a948b753818b10d037bff82db3f,150,4340,427,3913,6.228007532965487,43.478007532965485,201.27333333333334,234.09999999999997,7.5585821292077195,0.9554793018998536,0,150,150,150,150,150,0.0,1.0,1.0,1.0,1.0,1.0,raw_runs/test/attack_random_continuous/level_200/pair_10.jsonl.gz,2bf1489b6358abfa7332e396b132162fe7e0bf4c3e2e749a6d712b976aca9f2e
test,continuous,attack_random_continuous,attack,200,11,14014917943405241459,15639064061822942779,8771861145614581726,89d63dae906dcc6bfdefd59f9e8492b5dc685d628f95b2cc14a2544e54b4ef68,8b50b3d1b40acf2f03e0497c2e219067f37e98719e969a1ddb6826a68f9d9dab,150,4327,446,3881,6.073977129668739,43.32397712966874,198.36666666666667,221.54999999999998,7.534874877420731,0.9534375390642651,0,150,150,150,150,150,0.0,1.0,1.0,1.0,1.0,1.0,raw_runs/test/attack_random_continuous/level_200/pair_11.jsonl.gz,45d9619f21a22bc5e0fb363f711af7931001a6cf279290e43a12aae77218117f
test,continuous,attack_random_continuous,attack,200,12,16917716329140676774,3488760609135040061,11450025230581069205,7af0ef0ac27288eb8421ec74c7833ba621655a50054412194be5e493ec6e7a19,3a1e7848f7258d9b0ce2b21564a47b009d159d55aa2d2eed92d71e39a2e02835,150,4287,442,3845,6.108001044223623,43.35800104422362,197.05333333333334,217.54999999999998,7.521377696529604,0.9512405792239317,0,150,150,150,150,150,0.0,1.0,1.0,1.0,1.0,1.0,raw_runs/test/attack_random_continuous/level_200/pair_12.jsonl.gz,525f5960f70c27c30fb572fe1e4ba1cc7b4affe0b420a33ceb89072952cf9099
test,continuous,attack_random_continuous,attack,200,13,7464805818551332891,3594028296982437660,10401759486711774120,b620895b420e6e8b8521e752b8b07a6ae98b8169891eb3d0e952ced6617aff57,c5848947e0e713c3cac623eccc17ad8ec56ef95b84e6d6ea5fe2a88c1d420d52,150,4319,435,3884,6.011351901710134,43.261351901710135,201.98,226.09999999999997,7.56284512589615,0.9545463135601383,0,150,150,150,150,150,0.0,1.0,1.0,1.0,1.0,1.0,raw_runs/test/attack_random_continuous/level_200/pair_13.jsonl.gz,842cbe1055b642626470154e59c194c3f25a16cb234ca3641afcd20b88c5b01d
test,continuous,attack_random_continuous,attack,200,14,1452719303974328239,12096775087322271447,1413927459667174494,f8879601b6c8ad43f88ef9194e1e87e00650741e147f371ee39153225806289a,31fe08c07a38555050aae74389430709ccd45539f382933954f4c2ddaed583ff,150,4331,449,3882,6.14466914188646,43.39466914188646,199.53333333333333,220.0,7.5418347508440275,0.9531199357497657,0,150,150,150,150,150,0.0,1.0,1.0,1.0,1.0,1.0,raw_runs/test/attack_random_continuous/level_200/pair_14.jsonl.gz,9830381a19c0e2d40344419c6d2e6b60ec41144c67ae4c129eb9e167511769a0
test,continuous,attack_random_continuous,attack,200,15,10545419444575691520,10913551492580424201,5391208288021840422,a9927b588a2ec2a6b39e44784ed2fe1426df287b3bb1bbfd96632760e8c0c008,d19bece04b3994faa4f8f6cfe263112682bd4fb3e30a1d8623ffafaa983e8a9c,150,4435,442,3993,6.073601321081953,43.32360132108195,203.54,226.54999999999998,7.5644627250040894,0.949489324549023,0,150,150,150,150,150,0.0,1.0,1.0,1.0,1.0,1.0,raw_runs/test/attack_random_continuous/level_200/pair_15.jsonl.gz,bdf38f5a1277feb33372b05b0e484358b4a2fb3229630472ca005fbe3d6c4fd6
test,continuous,attack_random_continuous,attack,200,16,16924871886836409043,13164511343039614138,2622952827705597686,f767a8f2790af9280ab47a0b243094968b2357c9576455f4326817129f206a96,537cca99d3c0a12164076dac7cbfbead16af370e9e92d37a2fdb74b67b571115,150,4333,448,3885,6.008238262046109,43.258238262046106,200.18,219.54999999999998,7.540905776291679,0.9503497134210005,0,150,150,150,150,150,0.0,1.0,1.0,1.0,1.0,1.0,raw_runs/test/attack_random_continuous/level_200/pair_16.jsonl.gz,bdc96b4283a54f96106d1e59f0acbf873b29e2356b1cdf3706510c9f837c2c41
test,continuous,attack_random_continuous,attack,200,17,16212361361642675651,6376889248889209352,13229407138491861670,a486b8ce83cf3cb6578feb352e02ba6035cf852b73f7a3eeafab147f60e41af2,ebbff000a2990e0fdd4517598a3a9d9f1786f81a18c5dae5cca8761a95bee1c3,150,4399,449,3950,6.1809025969794975,43.4309025969795,201.24,222.0,7.556718098306576,0.9540087396079592,0,150,150,150,150,150,0.0,1.0,1.0,1.0,1.0,1.0,raw_runs/test/attack_random_continuous/level_200/pair_17.jsonl.gz,944caea1451c6f9cabd9a5cbf5d452a9dd6a065bc141609095cafc1f1c2bd6b4
test,continuous,attack_random_continuous,attack,200,18,1713736422933491290,17976316930641060919,15664597631521588063,98358c5fa1affa7cb1faceec57f6fd4ae686aad2c46f2bf757a1a3243f81a954,b0d92f748e3e0bd06c96343e43bc5512531cb450d79dc7ef9cdc0e2d8e41aab4,150,4448,426,4022,6.059943681230951,43.30994368123095,206.45333333333335,231.0,7.581061411326688,0.9488531764828297,0,150,150,150,150,150,0.0,1.0,1.0,1.0,1.0,1.0,raw_runs/test/attack_random_continuous/level_200/pair_18.jsonl.gz,44034532a395fc2fce013614c4b7bb60f41584deecd2ec59af81dad053cc62cc
test,continuous,attack_random_continuous,attack,200,19,6259214419204108173,9442383015232684198,5355095803756080961,f9e8c9cdf891a10d632b7f8fdab9f5395764353a4ae0e877352fa2c3f181341d,655444c413b8670ae63f4e8ae8cdf31da5fab0d71edefa5431340ca85e9780f3,150,4268,418,3850,6.104248377780277,43.35424837778028,196.74666666666667,217.0,7.525104820812027,0.9547364141666997,0,150,150,150,150,150,0.0,1.0,1.0,1.0,1.0,1.0,raw_runs/test/attack_random_continuous/level_200/pair_19.jsonl.gz,3a732ac238bb5b20945f2a8ec5f5e99e79c5f54d516057e0239754866202c398
test,continuous,attack_sweep_continuous,attack,24,0,5274255389240652009,15014387500873148184,7138974988382804004,1b9f95a5cba0bd51a80c4144aa936cffd0c3b29b4bb629d7fce913fb17747f84,39337aabd0fcab5b5f6dcd0f72c012ed07d837fedb94c9b00d209d85c06431a7,150,494,53,441,6.194597052502586,43.44459705250259,23.26,33.0,4.4855233935084575,0.9986909480750061,0,150,73,73,135,150,0.0,1.0,0.4866666666666667,0.4866666666666667,0.9,1.0,raw_runs/test/attack_sweep_continuous/level_24/pair_00.jsonl.gz,c1af64eeb9fc7f2f8d8eb2d210e72a29e29b21f28b1742a90e6a8fb1ad8168b5
test,continuous,attack_sweep_continuous,attack,24,1,6474713877111862370,18218316800924262946,2017939117138284069,1300aac0f831b0e78290060d3a277a1a94f446c221ffd2bbb9d3a59c71a8af51,aef4e66d43e8440ae34755075c5dc77ef203a4094250330aaed2cdf5daa84f65,150,530,63,467,6.059661028066949,43.30966102806695,23.866666666666667,34.0,4.537660866337947,1.0,0,150,78,78,139,150,0.0,1.0,0.52,0.52,0.9266666666666666,1.0,raw_runs/test/attack_sweep_continuous/level_24/pair_01.jsonl.gz,51ee3ff7936658df7569b551dbf6e07190acd30bd271aa799d5218a49f5d05e0
test,continuous,attack_sweep_continuous,attack,24,2,3553928651814727180,7774970940855440883,1646843866013470104,9030a77ad504d97bd5c536bf3c1830ba0c3db9fcb7912ac96e3836f9aaa174a0,fcfb013575b9cfffceb47f75648e7dc84127fa7c9eac273a7f4b51d9fff59f4c,150,538,60,478,6.143086554961546,43.39308655496155,24.373333333333335,33.0,4.568045045519637,0.9990021706688375,0,150,88,88,143,150,0.0,1.0,0.5866666666666667,0.5866666666666667,0.9533333333333334,1.0,raw_runs/test/attack_sweep_continuous/level_24/pair_02.jsonl.gz,cad96929065805703f957f0aa6493771e1a43849cdf554ea4ea3c92753e8983d
test,continuous,attack_sweep_continuous,attack,24,3,8713878134198056602,17210684182313449382,17918909444292887207,e97e50cb04a4eddab7398da135959aca1d34bdebe4e1978f23c6dbebca980a34,971313117897ea72eeb695e49bdb4263e841dab6b1864f6d23a42ceaf549b903,150,527,49,478,6.105011898489584,43.355011898489586,23.726666666666667,34.0,4.517722148609325,0.998804748471415,0,150,74,74,139,150,0.0,1.0,0.49333333333333335,0.49333333333333335,0.9266666666666666,1.0,raw_runs/test/attack_sweep_continuous/level_24/pair_03.jsonl.gz,f924f9f457c7f112f7ac052d97dd255d92274a9c853108607e8583184571b233
test,continuous,attack_sweep_continuous,attack,24,4,2321089306315690618,15715962716480013879,1178179464671073382,25e0b3f9a4220aa67378048100ed2b9cd4a2dcd270804548dff89198753276fe,978064f27bff79516e5bbd9ab246b3ae709ba474343e5f80567065499625e9f0,150,538,60,478,6.052494772064169,43.30249477206417,24.64666666666667,32.0,4.5962259635845815,0.9981668689464792,0,150,96,96,147,150,0.0,1.0,0.64,0.64,0.98,1.0,raw_runs/test/attack_sweep_continuous/level_24/pair_04.jsonl.gz,1b9d9634411f557760c9363f1c60093a1978d9b713c736ca03e1682f83c6ae7d
test,continuous,attack_sweep_continuous,attack,24,5,8845182802892067711,15927061754876500610,16220262037660788159,e3171231ffa9e65d41c50fea6ee79c0b86622a3b4691deb0e03ef461f17eafaf,8c5f7f527a17f405bd049ecf198469cd8192af88bc75353e189e8195866a110d,150,546,66,480,6.190030431836424,43.440030431836426,25.326666666666668,35.0,4.624421483375072,1.0,0,150,90,90,146,150,0.0,1.0,0.6,0.6,0.9733333333333334,1.0,raw_runs/test/attack_sweep_continuous/level_24/pair_05.jsonl.gz,8abb0f31231a081fa344f58a1f1341b703c53629b5e6531dc2565be217e0dab9
test,continuous,attack_sweep_continuous,attack,24,6,2949316312643293065,14082473857851196443,12234040053113694641,f1280e0349393ed8fe34e4df741698cbdef664da679c404ec7ed8560ab9ccde7,45b7f12424b1d4b3e204af49feb6d048813337dfe8f16129f0a5a551a7afdbe3,150,517,58,459,6.067214993855386,43.31721499385539,23.926666666666666,33.099999999999966,4.547439318103366,1.0,0,150,83,83,145,150,0.0,1.0,0.5533333333333333,0.5533333333333333,0.9666666666666667,1.0,raw_runs/test/attack_sweep_continuous/level_24/pair_06.jsonl.gz,21ecc731044bb2a6cae79aec5afc69102c932161b6e0a721a1a713045c33eae1
test,continuous,attack_sweep_continuous,attack,24,7,5685123771069856718,16031353033753044848,8805305177848627984,076316ddb96d04ab8422e18738867f1107b42b02e39343edeaf6b6378c74f129,3c69a950226faa23eb0a1eb8262eb839f56c88166af829fe7a4e1d8983802930,150,520,46,474,6.026945624084125,43.27694562408413,23.866666666666667,31.0,4.543569483565487,0.9988872180451127,0,150,80,80,143,150,0.0,1.0,0.5333333333333333,0.5333333333333333,0.9533333333333334,1.0,raw_runs/test/attack_sweep_continuous/level_24/pair_07.jsonl.gz,43193e9f39314ca6c5ba06082d8fcd3a7367b87a6e0651a1c911f8af19f07a01
test,continuous,attack_sweep_continuous,attack,24,8,892302016456819625,10650220714046566619,6100358675213435007,4ee1f3b89ebf49bca59f5d940e4897da9f0e67f2a9deec7ad7665f5dab393a53,271d98a79ef21d0e9ff693fb9c95da0b79a5540c36cbee0fe5b6cd6a9d62fbc5,150,466,43,423,6.098842190851139,43.34884219085114,21.18,30.549999999999983,4.362447396608577,1.0,0,150,46,46,135,150,0.0,1.0,0.30666666666666664,0.30666666666666664,0.9,1.0,raw_runs/test/attack_sweep_continuous/level_24/pair_08.jsonl.gz,0e8fe9b3023bccdfe1d0b820777a4576d09fd8278201a4d23f9b4dcd4a2ac637
test,continuous,attack_sweep_continuous,attack,24,9,4379469355687760136,5132125539809160820,17772486211291413844,f5437d0a2121e91f76a7f8a12df693682ae6245af8962383983c7b9d8476961a,29400abba3b287e327d55b0763d329190a1b2cc13e0db6ca504741e9fd3fa2e1,150,531,43,488,6.151960273949927,43.401960273949925,24.826666666666668,34.0,4.594144825463066,0.9994330943847073,0,150,86,86,144,150,0.0,1.0,0.5733333333333334,0.5733333333333334,0.96,1.0,raw_runs/test/attack_sweep_continuous/level_24/pair_09.jsonl.gz,b2a4006ed9f1b313b2a935ae936e13fee9427b8defa6331eb0c93497a1d79224
test,continuous,attack_sweep_continuous,attack,24,10,3305485504433524465,11594913408255821544,10698537757171884524,9cd1ae0b89bc709f198fb2d7ee6f4bc2c84546d795381a79d9a779a6d8e5fa17,451129d6a73c1c4b9ef23f3efce149675b20037d4b1b23c48a8d0553558eb75c,150,501,53,448,6.094142064944289,43.344142064944286,22.846666666666668,32.0,4.469129950964412,0.9980967548111214,0,150,58,58,138,150,0.0,1.0,0.38666666666666666,0.38666666666666666,0.92,1.0,raw_runs/test/attack_sweep_continuous/level_24/pair_10.jsonl.gz,624d21653afa51821d9cad44970e524e8f7c81ef5b4924bf23c686456fbdfa91
test,continuous,attack_sweep_continuous,attack,24,11,12970963081985540857,11161326003885433934,11408357187681755420,e88d9084ab0ac300fdf7a8d844f4bc548b86d60a9947d48b6804b52e358259b1,3626ebb106ead1a2f01c6083cda8e9b3284a7b29f4f6a1912c8103345e9ddc2e,150,520,58,462,6.2481035051071645,43.49810350510717,23.706666666666667,33.0,4.533298635961621,0.9981952925498035,0,150,64,64,146,150,0.0,1.0,0.4266666666666667,0.4266666666666667,0.9733333333333334,1.0,raw_runs/test/attack_sweep_continuous/level_24/pair_11.jsonl.gz,02c1e540ba4766a51b00301f72bf793e7ffa02f1cca23addc053aae395022d38
test,continuous,attack_sweep_continuous,attack,24,12,17354426133336639490,17814275030682764157,8243645885829194545,0900741d292da636417758613869ec212b2d0cb41d4ee953026f3f25549ff217,70e781517e4db994e0d425076661779fbab811c65cb9d9ed50bdf4ebc25cdc34,150,529,56,473,6.157628592017516,43.40762859201752,24.38,31.549999999999983,4.572649272278581,0.9974143733516799,0,150,91,91,143,150,0.0,1.0,0.6066666666666667,0.6066666666666667,0.9533333333333334,1.0,raw_runs/test/attack_sweep_continuous/level_24/pair_12.jsonl.gz,4bbaffd130831b4960042a6636f9caf76eeef2861b7fa62a2d966e9e14b692e2
test,continuous,attack_sweep_continuous,attack,24,13,929499694554295103,2470362723243134418,4344478200103117528,83bc6084b8d794dfb38d7403d70a1cacc9edbf6ca67c6d016de4e34b60abffdd,d260e40a296ed2f1a15464509d63eb0ebc05ed0575dec268fd0bd5206090735a,150,501,43,458,6.175042208022655,43.42504220802265,22.66,31.549999999999983,4.461940178510289,0.9990470108860914,0,150,64,64,135,150,0.0,1.0,0.4266666666666667,0.4266666666666667,0.9,1.0,raw_runs/test/attack_sweep_continuous/level_24/pair_13.jsonl.gz,051ebb6554eadeb9f8407fd9e6aff9b6ebc7c2507cf100aa231776f14ca15480
test,continuous,attack_sweep_continuous,attack,24,14,14517353942880207824,15352747597855916772,8252795954551505252,a36ff9c8ba04669d48291f85338f53ebf171f9f6bdd84d6a3e23eee4bbbf195d,f9354d52085739fdf7dd20ce56e489c62188a57d3c18228252cc2d2fb41ec8fe,150,502,53,449,6.020722316785494,43.270722316785495,23.313333333333333,35.0,4.501712715619696,0.9990714285714284,0,150,59,59,145,150,0.0,1.0,0.3933333333333333,0.3933333333333333,0.9666666666666667,1.0,raw_runs/test/attack_sweep_continuous/level_24/pair_14.jsonl.gz,900b61a0c5f4e930f7a25416c45beb98d478a18c28453507e959e45fd2e5a551
test,continuous,attack_sweep_continuous,attack,24,15,14906247675353202697,14515981090157133639,1077339568656690065,7486df8646c709d8e5f41404e026782d39dcf356e3585324287403b72c00703b,eb561961d436fe46b6da35c5d35f22d396e75f5dd16958ebf481da7f5b5ed81d,150,538,45,493,6.112445780669572,43.362445780669574,24.69333333333333,33.0,4.583925748086825,0.9975191443788648,0,150,84,84,143,150,0.0,1.0,0.56,0.56,0.9533333333333334,1.0,raw_runs/test/attack_sweep_continuous/level_24/pair_15.jsonl.gz,ee7873ed899698e34aed38ed49f77524e68d7d10ccadb8d90c753e4d44d810f6
test,continuous,attack_sweep_continuous,attack,24,16,5023607860423777729,387888889863381425,8860420008335525938,e9cf8bd6f4ac70e7a81204452bca304af0b92f04813ad13b60556af72f027b87,5723e301406be473d934924302032484713cb05b66278a2edaec99323185dbe1,150,527,54,473,6.10869197497945,43.35869197497945,24.206666666666667,30.549999999999983,4.578247593743616,1.0,0,150,82,82,148,150,0.0,1.0,0.5466666666666666,0.5466666666666666,0.9866666666666667,1.0,raw_runs/test/attack_sweep_continuous/level_24/pair_16.jsonl.gz,711a7c9bc302da86318ce1cd2e6445ad2706a13e61fb1c2afe1bc3ae55e071ac
test,continuous,attack_sweep_continuous,attack,24,17,1490974601967308036,15362337821839643668,16184863385870657140,39224192b30706eeb371cc405077d3a34d7d152192deededbfa62f4f95e4de87,cdc7ae647fb484ba23e6f7ec9ed399ae296cdedb03ec6c4158f5a89f997b991a,150,534,48,486,6.063946883748506,43.31394688374851,24.453333333333333,38.0,4.5603803736462485,0.9989570614570614,0,150,68,68,146,150,0.0,1.0,0.4533333333333333,0.4533333333333333,0.9733333333333334,1.0,raw_runs/test/attack_sweep_continuous/level_24/pair_17.jsonl.gz,72da840be0d0126fe77fc69363160b1ee798efec8c0a7b42b9ae30e603e0c7e2
test,continuous,attack_sweep_continuous,attack,24,18,7362073525556726832,7306066794261590589,5948016049195010269,8a160dbbe4ff33fde0c01c6049cd36d58c98483c1e3671772a9e34521ec7dbda,ab309f92628a92f4708287a85b281447fdb6c3d91adb900ea38f91c2c7ed2fa5,150,533,62,471,6.1444835717236606,43.39448357172366,24.446666666666665,31.549999999999983,4.584066562852633,0.9970833526307664,0,150,87,87,150,150,0.0,1.0,0.58,0.58,1.0,1.0,raw_runs/test/attack_sweep_continuous/level_24/pair_18.jsonl.gz,d70a67b7a2eb14bb74d477c23790c8b0d2a707df7680961a138b16a57fcd3f2e
test,continuous,attack_sweep_continuous,attack,24,19,16878414205353344989,13670941286917474902,586395582990475939,3155ff6db88b1fa1757fe65768893662b121e6c72d9b2c7e02956ac0b5b3dd82,0cb31773de7c7ee2380b253deefa11bb1ab88aa48d3c2c1b872be256c5006f93,150,518,47,471,6.103084516976933,43.353084516976935,24.126666666666665,32.0,4.564202303516129,1.0,0,150,78,78,148,150,0.0,1.0,0.52,0.52,0.9866666666666667,1.0,raw_runs/test/attack_sweep_continuous/level_24/pair_19.jsonl.gz,531eb921c1619d07c482a36d3338ab0d4a2759f191f778cdf2512d6382efda1c
test,continuous,attack_sweep_continuous,attack,60,0,12055753219752071432,9214243546908858119,8906469604754540108,0d0eeb8d4690d27e6a40115d0dbc9e9c68bc2953a36ad87bb1adcf30533e6f0f,087be293cf88f9364a7a75922e65068f0a6b005bd44420f27d05d09daf6ba631,150,1295,126,1169,6.212800944695471,43.46280094469547,59.946666666666665,74.09999999999997,5.8869961123875605,0.9972950288816139,0,150,150,150,150,150,0.0,1.0,1.0,1.0,1.0,1.0,raw_runs/test/attack_sweep_continuous/level_60/pair_00.jsonl.gz,05a05a33f8808ac131de2b136f06134d9e8990ea987aadd1cd09ecc8a6e5148b
test,continuous,attack_sweep_continuous,attack,60,1,8839336648511840479,10673283752536822424,7957011672033585869,6294d910c1cd199191ff4942fe2f1f703e4adaf73bbc8ae328092ed66a9705cc,d9868c927015268734dbdcedb8f5fb386b4ab944f4278a15415265f80b3e8c97,150,1293,146,1147,6.188019813001288,43.43801981300129,60.38,72.0,5.900156743086884,0.9974308597597051,0,150,150,150,150,150,0.0,1.0,1.0,1.0,1.0,1.0,raw_runs/test/attack_sweep_continuous/level_60/pair_01.jsonl.gz,085e461e572b0bb9e5f3d318b4879aa45eaee78d8be3fba1bc7f506b9530edbc
test,continuous,attack_sweep_continuous,attack,60,2,319664382691450108,8425599047184436904,4902284720529649381,36e5a3069fa089223a31477060ff76c04664a666d0bfc2424bbcac5ad442a5d9,6dd5bfd495f3fac88f044de42cea955bf36f4714344181cdcf51c84515785282,150,1342,148,1194,6.060261835122168,43.31026183512217,61.58,71.0,5.9321167916555035,0.9981285113986572,0,150,150,150,150,150,0.0,1.0,1.0,1.0,1.0,1.0,raw_runs/test/attack_sweep_continuous/level_60/pair_02.jsonl.gz,82122763d46cb332c5869729f36330327c29ab3c6d10146f081a470f7f3fa2f9
test,continuous,attack_sweep_continuous,attack,60,3,13836154008408628279,5160735939387224534,3686574590889125019,9472cda6d3a25402410e1ce4a606ba046d0098b56dd7bcdfd18b658dcf2005b9,8f08196212bde82fde563b6c926e7fd9bedb32f46f349092fcb623b47543c998,150,1284,104,1180,6.130406516898415,43.38040651689842,58.08,73.0,5.842096006703608,0.9981508585865493,0,150,150,150,150,150,0.0,1.0,1.0,1.0,1.0,1.0,raw_runs/test/attack_sweep_continuous/level_60/pair_03.jsonl.gz,d9c7102de1f6a1c24b0fb5e69a17d02f6645bf39e6870824301689ab73e133bb
test,continuous,attack_sweep_continuous,attack,60,4,11935645281803378086,10850879342782276294,7959357470563776988,76da03c1fd8abd1451b3a1cbaa6eda9a9eecb45f6648ee3262cfdfd1384de4d9,c4e70cd7420abd83600dfe99ea476eebe67891de0cdfef394d056fa8187a1e70,150,1319,124,1195,6.051324569724875,43.301324569724876,61.346666666666664,71.0,5.922913980585963,0.997018943706712,0,150,150,150,150,150,0.0,1.0,1.0,1.0,1.0,1.0,raw_runs/test/attack_sweep_continuous/level_60/pair_04.jsonl.gz,ebe19b315fd1d1219daac2d20365d39159fefe7791143bebdeeaaa254127a1e5
test,continuous,attack_sweep_continuous,attack,60,5,1757260870866604938,4146312056965225847,6252923571956073987,f9db4876a847e9c4c8593930f5f6b8c37410c6176b1960e210fe039b36181048,625082769b4f4c855627598dc990fed28bce1167e7d3da3467f1ae71867b854c,150,1263,130,1133,6.007344082435379,43.25734408243538,58.06666666666667,70.0,5.840933284267379,0.9955603367821605,0,150,150,150,150,150,0.0,1.0,1.0,1.0,1.0,1.0,raw_runs/test/attack_sweep_continuous/level_60/pair_05.jsonl.gz,34ee68c6b0b169113a34f58877f615571c277afbab4ae9a5ee23d7f317aec25c
test,continuous,attack_sweep_continuous,attack,60,6,3344941150479110178,5290337178899518715,12357187588485026214,7b557f895d362ac5931cd8e80572014ab009ddbee32983649f8a10bf5351ea7f,401a1340fe86608ee6d14c6d077399478160edb3fde360d5d12fedf98fc58c04,150,1262,118,1144,6.239736420820231,43.48973642082023,57.99333333333333,67.54999999999998,5.847888081155425,0.9981202256872393,0,150,150,150,150,150,0.0,1.0,1.0,1.0,1.0,1.0,raw_runs/test/attack_sweep_continuous/level_60/pair_06.jsonl.gz,7188d813cf26be773f8610900017904a7517aabd912e7afbf66186241103bb3d
test,continuous,attack_sweep_continuous,attack,60,7,6419627319096885175,3009885920888390511,11681485613721088597,08368c0890262bd0aa475f86431c1550a4b52be536af27a10d48efa31f65ad1f,b45dfa297eb814c84b1e1c8f666eb7c40d10988691a86e752fab503f39f2ea6e,150,1363,135,1228,6.165685079855766,43.41568507985576,62.266666666666666,76.0,5.941063928941588,0.9962984919049314,0,150,150,150,150,150,0.0,1.0,1.0,1.0,1.0,1.0,raw_runs/test/attack_sweep_continuous/level_60/pair_07.jsonl.gz,87a7a9558d833047f95266e935172feb04dfc859b8c129a80d883667cc77b3c7
test,continuous,attack_sweep_continuous,attack,60,8,4542692740964769341,14469435378480644158,6212732171041516960,fad9eca8ee0d2d2f0a5513f8d8c787eaa101287c9e7e4913026b7fadb889e2f0,db733de27e88ff43b6b3874dc333cf09df58ae8074d4efbf9f99e583ed568e5d,150,1283,135,1148,6.116328526618515,43.36632852661852,59.16,69.0,5.874509377914272,0.9982520634811443,0,150,150,150,150,150,0.0,1.0,1.0,1.0,1.0,1.0,raw_runs/test/attack_sweep_continuous/level_60/pair_08.jsonl.gz,a996d9e30e3ece720df714d646d0a0e6156b1c57d0c788f06be50465a0bc82c3
test,continuous,attack_sweep_continuous,attack,60,9,17474522367531266523,2202058633778674764,10475676267652632180,4bdef6d19506e7c3161b0ce671fe8d1dce029e762234d5651e6cdf0e5ec55c2e,af61f87f743a4d375ebecc7133e44d15c38264a114da75d3318c4304403ce5f1,150,1315,139,1176,6.080731402774736,43.33073140277474,60.46666666666667,71.0,5.898935946302076,0.9951177358715032,0,150,150,150,150,150,0.0,1.0,1.0,1.0,1.0,1.0,raw_runs/test/attack_sweep_continuous/level_60/pair_09.jsonl.gz,da66ae1f1337affd8cfbc5569930a534711916c4476e3ba869321968d37238e5
test,continuous,attack_sweep_continuous,attack,60,10,4442364550062877907,2324713340149489347,13874959420785530122,f3c6c8a4a4e47f9104281ea9f40df9f97ae82eb9b3e43ae482be8c7157be46bb,0db77c3d83c44a26144367d57509e606f8fe7ba70be9c115d46ce0b99de76787,150,1306,123,1183,6.096920760424488,43.34692076042449,59.906666666666666,72.54999999999998,5.889770698760368,0.9987797516389159,0,150,150,150,150,150,0.0,1.0,1.0,1.0,1.0,1.0,raw_runs/test/attack_sweep_continuous/level_60/pair_10.jsonl.gz,4b0c66ef23d9e8474eee7f318e1be0511ad59b23c66c1d06f75ce46b08ddd98b
test,continuous,attack_sweep_continuous,attack,60,11,17081000117766575483,11316276093277514577,8571110091854026316,85ede861b3b74c1b0d08a42723b253ee98a7e1669412e3815c980bde3dea2332,3ab1dba7014ef4cffe0a70cdea66329faef9ab103efd9f84bcd4545b9cd2d5f0,150,1291,132,1159,6.142932046613686,43.39293204661369,59.66,70.0,5.887379712194185,0.999472018572825,0,150,150,150,150,150,0.0,1.0,1.0,1.0,1.0,1.0,raw_runs/test/attack_sweep_continuous/level_60/pair_11.jsonl.gz,eb1f1ace8600e4e27df28964ce35db7b219ec9220f4d4a18e4460cd08e9d2144
test,continuous,attack_sweep_continuous,attack,60,12,8832631734345316595,10851382885812462550,1702675595761993712,364e6e86cc8cb125dcd9d6322c123ac4871aa9c4e5d52646b74b6d0111d70bbb,cee354431826be997f5f1507c71cd97df6545722cecc59889bdce27aaa2a1286,150,1283,151,1132,6.245351842467986,43.49535184246798,59.38,70.0,5.8767296970736895,0.9964340647024553,0,150,150,150,150,150,0.0,1.0,1.0,1.0,1.0,1.0,raw_runs/test/attack_sweep_continuous/level_60/pair_12.jsonl.gz,d0d2e55fe24fd705e733b39e67b3dd16ec50449eee675f1412fad902c60d4cab
test,continuous,attack_sweep_continuous,attack,60,13,10028181195738753679,17377064598925272357,5798488178783891757,64b7e54480130ee3d3565dca668e77cb8cdb90d324b62fc9c4833e82d79e5417,9e0034e89440390aa2b71fb7c2de50aa8d8db9a7f283796ddcf425bf3f3684aa,150,1256,119,1137,6.089269975797674,43.33926997579768,58.44,70.0,5.8568677436033845,0.998101445895663,0,150,150,150,150,150,0.0,1.0,1.0,1.0,1.0,1.0,raw_runs/test/attack_sweep_continuous/level_60/pair_13.jsonl.gz,481d76a8e08378fd127646fe485bb97c5bbafde0e5494116a0cf6585ac0f7feb
test,continuous,attack_sweep_continuous,attack,60,14,4821605639821782447,4223715041169017503,14616811949509580921,231ff0443fb0493410dde4040fa148daa458889b3907d72e01f75a13300da310,fdfe0a3616ae73b611d0a144813178230805fb9d9d283446ed0a7b546c66dd3f,150,1331,159,1172,6.012468099156788,43.26246809915679,61.62,74.54999999999998,5.928119865777397,0.9976037763005835,0,150,150,150,150,150,0.0,1.0,1.0,1.0,1.0,1.0,raw_runs/test/attack_sweep_continuous/level_60/pair_14.jsonl.gz,b3e84fc01dc0ce39e76731e71184a09fe8794fcee1bba274870851eb836fde5d
test,continuous,attack_sweep_continuous,attack,60,15,11853175302378749387,6720599183677307609,6577920079407541310,99c16c9bcbf704e7254dbc94107a76361bbda2357363d1ff26b3088f698f68ef,90d3df1b3a128dbd51dbb98e9f4a28c858d5b1f395c37ea9f039f661b280bf1a,150,1357,137,1220,6.1105681327278685,43.36056813272787,63.54,76.0,5.974238544450146,0.9974006642284587,0,150,150,150,150,150,0.0,1.0,1.0,1.0,1.0,1.0,raw_runs/test/attack_sweep_continuous/level_60/pair_15.jsonl.gz,59e87a55c7c864378d8d4941384a19a70de5b1e797d32ead24669fdaf3128012
test,continuous,attack_sweep_continuous,attack,60,16,12616534501666573552,12627197480071288338,15524968264924588863,0c42791df19febe53049fbadbfde998a546738ed6aaaf0945ff5c9e60f8b7b3e,d41c4177f86db0276a0969edb649f3399c2b778a7e5fa5c638c7261ff48acf66,150,1244,133,1111,6.0602187070685005,43.3102187070685,57.93333333333333,67.54999999999998,5.842222568366198,0.9980683090051089,0,150,150,150,150,150,0.0,1.0,1.0,1.0,1.0,1.0,raw_runs/test/attack_sweep_continuous/level_60/pair_16.jsonl.gz,ba2ddad550ba29bce8d6becb928dc1cdd9962a9f17d991c83e267c0fbf1a6477
test,continuous,attack_sweep_continuous,attack,60,17,11801157881835141813,9336715141020142115,9135758932119321914,9491b4410186dc679f48fb80aeeff670544c99ce949b46380fdbb586cb4260f6,8e76946f3735562faba9d0e29ca971c2e746a056406b02eb929e6d7d87c0dc16,150,1312,134,1178,6.081127742005406,43.33112774200541,60.513333333333335,72.0,5.9032427042229845,0.9972197038214733,0,150,150,150,150,150,0.0,1.0,1.0,1.0,1.0,1.0,raw_runs/test/attack_sweep_continuous/level_60/pair_17.jsonl.gz,59f2e9f33304ada2963cf62c09e00bce73f58c435a4918e471623fbdae61c87a
test,continuous,attack_sweep_continuous,attack,60,18,860134680128116760,3080095973261707755,5055251022693933505,09121d6f93b7eda2a8153acf9831283a8a86fa1de93e2c8bb727c93b5c03bfea,a8fe6feac2ecbf14bfbde8e4c0a2083ad02b95c3a920575c95b00d9469be4c58,150,1320,116,1204,6.109167597864794,43.3591675978648,60.553333333333335,74.0,5.905144436281468,0.9986156580138481,0,150,150,150,150,150,0.0,1.0,1.0,1.0,1.0,1.0,raw_runs/test/attack_sweep_continuous/level_60/pair_18.jsonl.gz,52fe0930122651511126e6133fd78e8c0dafa1a91b66a5622900198d3b2deba1
test,continuous,attack_sweep_continuous,attack,60,19,2765256529201453566,10660716801522912321,18133834347715276018,1d1b30e005c751a17df802a720c876f8a113bdf0b88f1d6370167269caf2327c,cb4748a82a88452b9b032c23bce0eb5cbcca47337d81e966cb5f7ae6607c878d,150,1310,145,1165,6.141375162979009,43.39137516297901,61.586666666666666,73.0,5.926067796755212,0.9963974127573249,0,150,150,150,150,150,0.0,1.0,1.0,1.0,1.0,1.0,raw_runs/test/attack_sweep_continuous/level_60/pair_19.jsonl.gz,1213f8c98fc45626f2c14e73bf55bc9ef8a473719382571f69d3733e6dc90aed
test,continuous,attack_sweep_continuous,attack,120,0,8377203359892070172,3454123631777269297,9101524365372143967,a239c6fed2bbaa3cf5cdeb81f3d137fd3a052f8cb21c51077c4d90378f2a4d10,b7db0618291dd4d16f0a4b3aa4e728d50aa02c76b1605ac19ff092e41ec2426e,150,2645,284,2361,6.2026519864455345,43.45265198644553,121.66,142.54999999999998,6.908627304963179,0.9939789622001756,0,150,150,150,150,150,0.0,1.0,1.0,1.0,1.0,1.0,raw_runs/test/attack_sweep_continuous/level_120/pair_00.jsonl.gz,2f6c101aa96cc7b02863cee30a7d17391bc1241d32c1ac38a05bed2a290e77f1
test,continuous,attack_sweep_continuous,attack,120,1,16977730830662377644,16574041771284837851,1835658455088310006,6ab66c482a9e5b67742e25a55cfa6241fcd4b14102726b6279f3f3a5863af9e6,a1ee8ab26f5c7647586235ed8e126f35d91b1a38eebea25939319fca9641fad7,150,2588,264,2324,6.0434501274697565,43.293450127469754,118.68,139.0,6.871660676002749,0.9940443655931591,0,150,150,150,150,150,0.0,1.0,1.0,1.0,1.0,1.0,raw_runs/test/attack_sweep_continuous/level_120/pair_01.jsonl.gz,eeb8f1840aa39b6eb05b8367be8d033101dff33aaaba8c1b0c7ffc3ced817046
test,continuous,attack_sweep_continuous,attack,120,2,17474291979858848990,949583169032656942,7868594052499652013,11d219c90247f872cd46e30d6c4bb7102e4cd4e5fc3e73fddb7bdad69ba94c40,5d10680bd96f493676de382aaf6a42b0e9b9862ce36e523a34f1a442f7e3bbd6,150,2541,255,2286,6.052861110369404,43.302861110369406,116.17333333333333,131.0,6.846005396158127,0.9954341161400312,0,150,150,150,150,150,0.0,1.0,1.0,1.0,1.0,1.0,raw_runs/test/attack_sweep_continuous/level_120/pair_02.jsonl.gz,ff36af6bb3f5716999667ac83f136309832d63b899c54acc1b4abaae08cdfde2
test,continuous,attack_sweep_continuous,attack,120,3,10328863206529592231,11774122508544598813,168232671433653696,2375a10a8218a115d84efcfafac5feafd8222f9761bddee11d1bb21590ed6085,ab010d6749dc049a46b95e480c4b390a5fb93443d32d6c011bdddbd6245112de,150,2603,271,2332,6.017009449812901,43.2670094498129,119.89333333333333,135.64999999999995,6.892132778249552,0.9952764004080404,0,150,150,150,150,150,0.0,1.0,1.0,1.0,1.0,1.0,raw_runs/test/attack_sweep_continuous/level_120/pair_03.jsonl.gz,99c42d044d949bcd2f5f05409fb49bc0d94d5e57d730cfd7bf79d587f903fa25
test,continuous,attack_sweep_continuous,attack,120,4,15059701741148047822,12981834254827585149,13486350108891357117,72b00e7fabd9717bb1a647c20e0a0edfd129c6769d193a8efca80b14b6440e11,85c908955f59100e596df01832036e3a96b8e17969d090b2bd4ae78322127718,150,2520,255,2265,6.007936049188819,43.25793604918882,116.56666666666666,131.54999999999998,6.847232036393018,0.9929931189615627,0,150,150,150,150,150,0.0,1.0,1.0,1.0,1.0,1.0,raw_runs/test/attack_sweep_continuous/level_120/pair_04.jsonl.gz,0f173a7dfc1b69f030062567be5cb9d8faacfd45bc512139550adbdfec9f6e49
test,continuous,attack_sweep_continuous,attack,120,5,7723432460910292314,14143399362503015316,9811442998219834654,ab9c99aaee9998328f9b327e1ad83c86d6310e1f03ff2298cb1d7fe646b5aadb,544babd332808b6b1b4b3436c5d3ed2f629efad6b00e4d72601cb62f591bc66e,150,2625,251,2374,6.02197612093489,43.27197612093489,121.54,134.54999999999998,6.909513564701507,0.9937046391879304,0,150,150,150,150,150,0.0,1.0,1.0,1.0,1.0,1.0,raw_runs/test/attack_sweep_continuous/level_120/pair_05.jsonl.gz,857cd42df85ed59503be39ed190f747b481068d776bf12ef9e606418abd0c831
test,continuous,attack_sweep_continuous,attack,120,6,16312610755683342315,4132740184489374292,236863530161238899,ab4cc7afa205bede7a7616a49a5c655588dab932f509027c4f29f4f5b354d948,637dba3d3f3321b3f49fe124f7553cfef8a6f1d438583c55b2ce8b91415926d2,150,2569,249,2320,6.088068532309071,43.33806853230907,119.63333333333334,136.0,6.8858292871646185,0.9937728791795603,0,150,150,150,150,150,0.0,1.0,1.0,1.0,1.0,1.0,raw_runs/test/attack_sweep_continuous/level_120/pair_06.jsonl.gz,2dd0615683e74770c7beda1e9897072ead216e13cb1ace9618c39e2a6da7056c
test,continuous,attack_sweep_continuous,attack,120,7,6150188156210431558,14449820104385269486,10852518428647297757,67af47d0931e8ce29f1171f6a2b5f7cb514e89edb2756d91ed1063183832d7c4,d0565cf26c961ddcc9f52c56b20b4db39701b0b62d498d03e7651164cd91bfb6,150,2558,238,2320,6.182594973848276,43.432594973848275,116.60666666666667,134.0,6.850557592055819,0.9947510415675748,0,150,150,150,150,150,0.0,1.0,1.0,1.0,1.0,1.0,raw_runs/test/attack_sweep_continuous/level_120/pair_07.jsonl.gz,aa773545c4a7c0a185c3392a4dfd6ecfdb3af30bc00bea18c13ab93bb7f33320
test,continuous,attack_sweep_continuous,attack,120,8,14255591453641436147,1533279152722602806,1881580540008025446,5d81a650871acb254af2e8ba56c92e179ff6147521d5a22b2e010c5087f8bb75,cf0de2585e6c1d4746d8176e85bbdc7dd570096293d83667374d76c66e53d95f,150,2647,264,2383,6.024949200125141,43.27494920012514,122.04666666666667,144.0,6.905508124019367,0.9918920464663347,0,150,150,150,150,150,0.0,1.0,1.0,1.0,1.0,1.0,raw_runs/test/attack_sweep_continuous/level_120/pair_08.jsonl.gz,fe36f90b96b2c61bcfa564b02cb56b4b8186f69cb2601a2397fe96b9f8905b85
test,continuous,attack_sweep_continuous,attack,120,9,4410485485139951129,175659314155868336,11469161828493159959,9066081f74f6128eb21c79d017ae5e68c6de0793c28cf2ddb699fb01bae18f49,3d2e365a910429fbefe3ca1bd76535991553260c86a0224bbf480449e20067fd,150,2590,278,2312,6.1914544056990835,43.44145440569908,118.86666666666666,137.0,6.876083001208414,0.9944287021114504,0,150,150,150,150,150,0.0,1.0,1.0,1.0,1.0,1.0,raw_runs/test/attack_sweep_continuous/level_120/pair_09.jsonl.gz,fc946e3567a1c4b22a8352d763e31a731791bf18281574f70e29cb9279381ee7
test,continuous,attack_sweep_continuous,attack,120,10,743702014842193359,14638614775406783373,11213030174801300094,cdedae31ccf7fb3cb5bd1de093b08aec5a12e4fd6475cdeb17fe19d60af73ab7,df5991dab99621491c2deb2448f6b60256a7fab6c948068786d369c3db34e436,150,2561,240,2321,6.054098441834665,43.30409844183467,119.18666666666667,134.0,6.878239990862619,0.9930648392421187,0,150,150,150,150,150,0.0,1.0,1.0,1.0,1.0,1.0,raw_runs/test/attack_sweep_continuous/level_120/pair_10.jsonl.gz,5520e850428fd05b9e51f74d176d5570bce20023034efd4fe8b3bbe153c1a744
test,continuous,attack_sweep_continuous,attack,120,11,6937732872999664108,11747685142109483282,14206531038198895414,43cb87e8e21594121e5c406c03ad2b8618494007385732f9d2f57ca1da042ab5,676c0b12b71f64cfe71afa8a30f010023a27c3fcce32f12860f3aa5ed72933f6,150,2547,251,2296,6.080600204929572,43.330600204929574,117.10666666666667,132.0,6.854817600835782,0.9942225491937889,0,150,150,150,150,150,0.0,1.0,1.0,1.0,1.0,1.0,raw_runs/test/attack_sweep_continuous/level_120/pair_11.jsonl.gz,d114b84840363314b07b212e1ffa980cb507fa7ccd34ac33f6e4be3f57f42f76
test,continuous,attack_sweep_continuous,attack,120,12,318235669795214381,7455951692569321731,18276284199271320263,0cb2a715f278bbfb13f132bad66c6aaf7f150269ef5a5d3cca88629474be876d,7fd8cd4778e3eb5d0c9284fb652b4f7da6871432698a988c4ee719b58137a53c,150,2597,256,2341,6.123950836984667,43.37395083698467,118.86666666666666,135.0,6.8758988459383,0.9941147991624102,0,150,150,150,150,150,0.0,1.0,1.0,1.0,1.0,1.0,raw_runs/test/attack_sweep_continuous/level_120/pair_12.jsonl.gz,dfe755d1067b802c94931023f39c1798a9c8479d2dcbd0fcf530cfa62f24c936
test,continuous,attack_sweep_continuous,attack,120,13,5963114150740161007,12572808009116746492,10578190882585903662,e8aaa6f4dde94b1bc08010d83bbe4238007cfc7479f4c7afa14c1b5e9ff7a63b,a1674dd3090df1bf6f18545be99d7b41ab10e993159e738aab2181cbe71fc3d1,150,2603,250,2353,6.059467103547272,43.30946710354727,118.62,133.54999999999998,6.8772352606888,0.9950265788835108,0,150,150,150,150,150,0.0,1.0,1.0,1.0,1.0,1.0,raw_runs/test/attack_sweep_continuous/level_120/pair_13.jsonl.gz,9c4f8d22b9afbfd1ef1bbe46d46b6e418e386a4458f4c3688cf8bcc867f7e3af
test,continuous,attack_sweep_continuous,attack,120,14,5921354361794523497,5972561165925497729,8905780357955135101,9afb0ab865275f7c1523e7848297b12108762b8d6babd2c5a77bbc23cbd1c880,f4b576574a3a4e504a977c5e1a3b906040713f2b34008a4266d796f8a7209841,150,2652,241,2411,6.009162122583685,43.25916212258369,121.84666666666666,139.09999999999997,6.914697922959298,0.9953410120506764,0,150,150,150,150,150,0.0,1.0,1.0,1.0,1.0,1.0,raw_runs/test/attack_sweep_continuous/level_120/pair_14.jsonl.gz,f85f67087923a84a2d44430eb1dbcdd07afe992e752e33562f3a41d69326d701
test,continuous,attack_sweep_continuous,attack,120,15,6840726219925807843,12649960720818103437,9507102071952714594,7880df9a6eff9b421a5d97f492c5bc66d67bf36a3acd6195a548f9007066278b,30c325def5f77e153d47cf91885d0bfd32e85cdf4c87eb9fd7a1b96a2d5cd285,150,2513,258,2255,6.010475163655674,43.26047516365568,116.64666666666666,135.54999999999998,6.851614105531289,0.995849850090295,0,150,150,150,150,150,0.0,1.0,1.0,1.0,1.0,1.0,raw_runs/test/attack_sweep_continuous/level_120/pair_15.jsonl.gz,21470aa048561b0ddaaab5ff51a814862a29a6603a287517e34db7331177c4d0
test,continuous,attack_sweep_continuous,attack,120,16,17059881575728195470,12962201300728633190,7289929935266895091,ce93fec7cadeeead870d11709848d47726192d9f70168819495c1cf210106770,e37f64866658e6790110800bcd4b9d6bd846a982520acf86409ac30e256e2fbe,150,2614,269,2345,6.136196256751553,43.38619625675155,121.12666666666667,137.54999999999998,6.897479650884661,0.9924848854074162,0,150,150,150,150,150,0.0,1.0,1.0,1.0,1.0,1.0,raw_runs/test/attack_sweep_continuous/level_120/pair_16.jsonl.gz,6c33762913d5f7b88ab10375fb2489ee0b68e46f184c4695628caac3f8b38d67
test,continuous,attack_sweep_continuous,attack,120,17,10475107289356059551,8651585788118722659,10053155554460187109,1d55251fe35059603767ec86fc85a00461cdab5b8003e28d2bab1df5155c56a6,296a3becd8c1989d2267c3426ea5c570683b0014c8dfee83c8ebf5c85a929505,150,2579,280,2299,6.216809479138272,43.46680947913827,118.44666666666667,130.0,6.872042547041798,0.9933848568290163,0,150,150,150,150,150,0.0,1.0,1.0,1.0,1.0,1.0,raw_runs/test/attack_sweep_continuous/level_120/pair_17.jsonl.gz,f8458bda299d220779ef5e147d1c040a7cdedfc00caa1a3968caf5dfe56f8c69
test,continuous,attack_sweep_continuous,attack,120,18,3846968442796898447,10403517115914327744,659419620568150349,444653bdac4c0a3239c00fd50e7e77c35426db0aa2476ac3ac400e32717cd109,365e755ca7c0f82acce97e2119fb47faf94ae914b4a721e8d57084f605952a06,150,2607,273,2334,6.081801653201673,43.33180165320167,120.8,139.54999999999998,6.898620454543681,0.9943218599125421,0,150,150,150,150,150,0.0,1.0,1.0,1.0,1.0,1.0,raw_runs/test/attack_sweep_continuous/level_120/pair_18.jsonl.gz,aaa58cae89b845a5cbadc43bc416aaa7c7287120cbc5640b4aa623e7d56f275f
test,continuous,attack_sweep_continuous,attack,120,19,15827488436496725697,448282165503569617,15409070638626915667,6ee598e59923fa93329bc302a9021c213a9bc36a99e69dd95d89f2d4aa48b6dc,2411c65a30296c57e9acca8860e38d595fdbccebae860434a5f57412da97537b,150,2535,267,2268,6.141337114743804,43.391337114743806,117.76,134.0,6.863888134072254,0.994364022101281,0,150,150,150,150,150,0.0,1.0,1.0,1.0,1.0,1.0,raw_runs/test/attack_sweep_continuous/level_120/pair_19.jsonl.gz,9bfa703b97c8af1e11e4f9c9dda39eb1d8b3c7af64dddb80cc0fa2ec6629c9c5
test,continuous,attack_sweep_continuous,attack,200,0,3305879775677813233,10421308348587540143,2919261744436360992,986571c75dae06d62e17a71542a6013296cb6c94b082bb0f549e307c40938eb5,3e03b7a42b4363e9e9f00eca0a7af10835ec56253b1183327cf74af50ce2f9b8,150,4318,450,3868,6.24795365588724,43.497953655887244,198.29333333333332,222.74999999999991,7.612088381274076,0.9921998116173331,0,150,150,150,150,150,0.0,1.0,1.0,1.0,1.0,1.0,raw_runs/test/attack_sweep_continuous/level_200/pair_00.jsonl.gz,87ca84c2e3048a46f1e1609103605e39bf479f1a18db3b5d1e64dca2fff0560e
test,continuous,attack_sweep_continuous,attack,200,1,11965773264084442328,8727095041189310502,12743476180480309959,8490c9a4d1aba0ec105c7bdc6a2e6597c9dd298801bef8faa95f1698a9c4cff7,73f81f97efad620eea0eb89d9a926959370880a7774c7421625f9a727ce55f34,150,4520,407,4113,6.170198780649708,43.420198780649706,208.96666666666667,227.54999999999998,7.684605651487791,0.9898997057333095,0,150,150,150,150,150,0.0,1.0,1.0,1.0,1.0,1.0,raw_runs/test/attack_sweep_continuous/level_200/pair_01.jsonl.gz,04064ffa05abb85c284be608750fdc31d9c2231f812478855adc3885d3dffa96
test,continuous,attack_sweep_continuous,attack,200,2,18325105054551786770,7064399210547045580,12861034525209372664,822b470e86357c11735e19e05e5acd309c9ea33c073b3059f11758e1838205c9,a14b3ce9cdf8589911ad6570537a37c82b2633fc345fd596c3c0e4b752059648,150,4435,422,4013,6.238696724756045,43.488696724756046,203.75333333333333,229.09999999999997,7.649822316961242,0.9919459646029167,0,150,150,150,150,150,0.0,1.0,1.0,1.0,1.0,1.0,raw_runs/test/attack_sweep_continuous/level_200/pair_02.jsonl.gz,55afa299d6136efa6adea359fd8873a4e7bb92c3acd697c0eb7cb5c3fb04aa88
test,continuous,attack_sweep_continuous,attack,200,3,2706547891802339268,12565575302086033423,2768966451708955659,9a943cbb901e99e28ccef82b7e0b331f3e98e516976e4e56ae23cad12301fa5b,e12ea21765b8b88482120abbb3c1b829d7cc8743917a66bce9e767b72d8262e2,150,4339,427,3912,6.1593309519028026,43.4093309519028,198.62666666666667,220.0,7.613208347575789,0.9909197773173929,0,150,150,150,150,150,0.0,1.0,1.0,1.0,1.0,1.0,raw_runs/test/attack_sweep_continuous/level_200/pair_03.jsonl.gz,50038778a95d737a110e69ec17625a54ae78f808db87df917c2da5adc6b060ba
test,continuous,attack_sweep_continuous,attack,200,4,5380016248454964302,3694083526017213416,10018959015866912865,19d3021525597c7368ebb7eb9807f07160b6325585ec4096e56e0ac83a2f9733,af9096d370485e128a969ba11f7a187627691ebea544a9e01e8ea2f4e4aae7c7,150,4343,452,3891,6.212387741854516,43.46238774185451,202.38,229.0,7.638915239509938,0.9913783698027949,0,150,150,150,150,150,0.0,1.0,1.0,1.0,1.0,1.0,raw_runs/test/attack_sweep_continuous/level_200/pair_04.jsonl.gz,5c6ce40c67e78ae1e8920583332b2a59b4286599f5b2bb937551cb5e288637f1
test,continuous,attack_sweep_continuous,attack,200,5,8188740890578337911,6615532565649476703,6107207443128210387,d0e4573c5aeb1603553c0b874b116b7f657a7561f34e7b60068a4a51ee4756b3,66710fd941903b16345bf5035b8a13887e7597559797c45321614859baa59966,150,4321,453,3868,6.157481472613676,43.407481472613675,199.27333333333334,227.0,7.612657087580019,0.9884999868747616,0,150,150,150,150,150,0.0,1.0,1.0,1.0,1.0,1.0,raw_runs/test/attack_sweep_continuous/level_200/pair_05.jsonl.gz,6f742d22f7a7fccc410b97c1a22effab0ec1be077c85cfe96d7103028bee0caa
test,continuous,attack_sweep_continuous,attack,200,6,11156434581171536795,4136638949697257322,2881983521996376422,c885a25e389058c45d0ae4bb5ea680ee86560807db16093c32053b3237854273,55ee83d2921a88451cfdd81669092f85c097e7935688e43e969cd35faf6d7f4e,150,4349,453,3896,6.026749851195157,43.276749851195156,200.77333333333334,218.0,7.627586970830965,0.9906107934617249,0,150,150,150,150,150,0.0,1.0,1.0,1.0,1.0,1.0,raw_runs/test/attack_sweep_continuous/level_200/pair_06.jsonl.gz,2d7fb2ab80116edf48cab1f0a029f1077c2548cd5cbac119b85ec421b9a813b7
test,continuous,attack_sweep_continuous,attack,200,7,14463190566117325287,17107551952184837091,15173576240707867895,7be1b0b3bbcbc0516b8ba376285f05780f7c7f52e8e1aa84f3ed52b197720be6,3237046a73171c7389d41d617ce865c08a9d58013231b65c1f1236d754903d2f,150,4269,448,3821,6.123123255424631,43.37312325542463,196.32666666666665,222.54999999999998,7.593626831401977,0.9900857942923451,0,150,150,150,150,150,0.0,1.0,1.0,1.0,1.0,1.0,raw_runs/test/attack_sweep_continuous/level_200/pair_07.jsonl.gz,aa377ecc10a51939d13ea91f548c20fd6b55c3d64c52f50d4466ec6316d7d36c
test,continuous,attack_sweep_continuous,attack,200,8,16195968407897823456,9995507322886959644,13566966134090408688,a6e549baa69d0a7d4a333ee920b7d43f2e387817f032e9a706b23d9ccd54f7d0,730d8a32eac780a79fbef5326b008553509cdd426b3f1dd3a00ac6916b1c2e49,150,4283,427,3856,6.114049540250361,43.36404954025036,197.70666666666668,221.0,7.604149672702139,0.9907659367710483,0,150,150,150,150,150,0.0,1.0,1.0,1.0,1.0,1.0,raw_runs/test/attack_sweep_continuous/level_200/pair_08.jsonl.gz,685eef3860da435e2e655484efad59f4d1db6692508ff63c2b3b951b1fc65a7a
test,continuous,attack_sweep_continuous,attack,200,9,7420720521770374408,2465067361418340396,3469625616499087474,5ca47e04ace17b0a946d279a29495ba3ebbb91338de898eff0a76665f1fb551c,b05865393a4cada4b1f0bb52ea3e907297dfb84a67e2e74666d197b286b9e69b,150,4339,440,3899,6.12631336198363,43.376313361983634,200.05333333333334,221.0,7.623086267093483,0.9910940851030429,0,150,150,150,150,150,0.0,1.0,1.0,1.0,1.0,1.0,raw_runs/test/attack_sweep_continuous/level_200/pair_09.jsonl.gz,745e9151f6e5b9523600a9ebe5219270ab7ff00ecd4a3a8d455c7a92780c1fa1
test,continuous,attack_sweep_continuous,attack,200,10,5878993358639171811,1397690522937504700,3270743632716714757,68883f6d0eee72f74499401d0cff546a1fe7d04dbb05e8019c976666f2edeff9,3436c3785f8a50c1528a4d7311feb57c1c449a948b753818b10d037bff82db3f,150,4340,427,3913,6.228007532965487,43.478007532965485,201.27333333333334,234.09999999999997,7.628412371133558,0.9898655586181455,0,150,150,150,150,150,0.0,1.0,1.0,1.0,1.0,1.0,raw_runs/test/attack_sweep_continuous/level_200/pair_10.jsonl.gz,06c6bcbaca8ac740d9560b8e485abb0d0ef3fc5b40c22137f866cc8926f348da
test,continuous,attack_sweep_continuous,attack,200,11,14014917943405241459,15639064061822942779,101556797577120659,89d63dae906dcc6bfdefd59f9e8492b5dc685d628f95b2cc14a2544e54b4ef68,8b50b3d1b40acf2f03e0497c2e219067f37e98719e969a1ddb6826a68f9d9dab,150,4327,420,3907,6.073977129668739,43.32397712966874,198.36666666666667,221.54999999999998,7.611711235747592,0.9912721776558046,0,150,150,150,150,150,0.0,1.0,1.0,1.0,1.0,1.0,raw_runs/test/attack_sweep_continuous/level_200/pair_11.jsonl.gz,64ad0259be76413dfb7b9ab5f39a886da1682f925ec91e11f102542105d94de1
test,continuous,attack_sweep_continuous,attack,200,12,16917716329140676774,3488760609135040061,17786649414316344140,7af0ef0ac27288eb8421ec74c7833ba621655a50054412194be5e493ec6e7a19,3a1e7848f7258d9b0ce2b21564a47b009d159d55aa2d2eed92d71e39a2e02835,150,4287,418,3869,6.108001044223623,43.35800104422362,197.05333333333334,217.54999999999998,7.601666734454095,0.9909659653646492,0,150,150,150,150,150,0.0,1.0,1.0,1.0,1.0,1.0,raw_runs/test/attack_sweep_continuous/level_200/pair_12.jsonl.gz,fdd3413d218f06166b3919e5857cbacb511d09ecc8b8596bbba91ef4aaffbd91
test,continuous,attack_sweep_continuous,attack,200,13,7464805818551332891,3594028296982437660,6200555327133487822,b620895b420e6e8b8521e752b8b07a6ae98b8169891eb3d0e952ced6617aff57,c5848947e0e713c3cac623eccc17ad8ec56ef95b84e6d6ea5fe2a88c1d420d52,150,4319,415,3904,6.011351901710134,43.261351901710135,201.98,226.09999999999997,7.631998999162411,0.9887340205148045,0,150,150,150,150,150,0.0,1.0,1.0,1.0,1.0,1.0,raw_runs/test/attack_sweep_continuous/level_200/pair_13.jsonl.gz,d6d2647f4a2347d5b80e8a5dda177a2806561dea750ab0c8ec0636dd065b2660
test,continuous,attack_sweep_continuous,attack,200,14,1452719303974328239,12096775087322271447,11958575127691917006,f8879601b6c8ad43f88ef9194e1e87e00650741e147f371ee39153225806289a,31fe08c07a38555050aae74389430709ccd45539f382933954f4c2ddaed583ff,150,4331,446,3885,6.14466914188646,43.39466914188646,199.53333333333333,220.0,7.618336611994329,0.9906133532886751,0,150,150,150,150,150,0.0,1.0,1.0,1.0,1.0,1.0,raw_runs/test/attack_sweep_continuous/level_200/pair_14.jsonl.gz,defbe8bcc6d011341bdcd58afb6e62a82705aeb661787eb4c3c31e16647c9dec
test,continuous,attack_sweep_continuous,attack,200,15,10545419444575691520,10913551492580424201,6393196420586285716,a9927b588a2ec2a6b39e44784ed2fe1426df287b3bb1bbfd96632760e8c0c008,d19bece04b3994faa4f8f6cfe263112682bd4fb3e30a1d8623ffafaa983e8a9c,150,4435,421,4014,6.073601321081953,43.32360132108195,203.54,226.54999999999998,7.648029396439357,0.9908252098284532,0,150,150,150,150,150,0.0,1.0,1.0,1.0,1.0,1.0,raw_runs/test/attack_sweep_continuous/level_200/pair_15.jsonl.gz,2a4fb1222613242b4ef41da0444aa16bf8d36457a1167d9671c5ba798e76f235
test,continuous,attack_sweep_continuous,attack,200,16,16924871886836409043,13164511343039614138,15281187906578187803,f767a8f2790af9280ab47a0b243094968b2357c9576455f4326817129f206a96,537cca99d3c0a12164076dac7cbfbead16af370e9e92d37a2fdb74b67b571115,150,4333,413,3920,6.008238262046109,43.258238262046106,200.18,219.54999999999998,7.626526449030383,0.9924192954693354,0,150,150,150,150,150,0.0,1.0,1.0,1.0,1.0,1.0,raw_runs/test/attack_sweep_continuous/level_200/pair_16.jsonl.gz,ebfd8eb44f4bc57e3b2406541b171bd972cfff505bb6869f67e692e3cb86d9d1
test,continuous,attack_sweep_continuous,attack,200,17,16212361361642675651,6376889248889209352,13495689741741830351,a486b8ce83cf3cb6578feb352e02ba6035cf852b73f7a3eeafab147f60e41af2,ebbff000a2990e0fdd4517598a3a9d9f1786f81a18c5dae5cca8761a95bee1c3,150,4399,424,3975,6.1809025969794975,43.4309025969795,201.24,222.0,7.629811831079481,0.9899139547154254,0,150,150,150,150,150,0.0,1.0,1.0,1.0,1.0,1.0,raw_runs/test/attack_sweep_continuous/level_200/pair_17.jsonl.gz,7bea33d6208789509bb18071e7df5b48fc63eaf64100d3b50ec72c5088f48a30
test,continuous,attack_sweep_continuous,attack,200,18,1713736422933491290,17976316930641060919,16023408454439602101,98358c5fa1affa7cb1faceec57f6fd4ae686aad2c46f2bf757a1a3243f81a954,b0d92f748e3e0bd06c96343e43bc5512531cb450d79dc7ef9cdc0e2d8e41aab4,150,4448,441,4007,6.059943681230951,43.30994368123095,206.45333333333335,231.0,7.666327397700098,0.9906260329425042,0,150,150,150,150,150,0.0,1.0,1.0,1.0,1.0,1.0,raw_runs/test/attack_sweep_continuous/level_200/pair_18.jsonl.gz,b04348e8121ed8866aa9ddc7cca4e604f7dacd8eb2d83252c4f3144f8a32bbce
test,continuous,attack_sweep_continuous,attack,200,19,6259214419204108173,9442383015232684198,12306012195758253309,f9e8c9cdf891a10d632b7f8fdab9f5395764353a4ae0e877352fa2c3f181341d,655444c413b8670ae63f4e8ae8cdf31da5fab0d71edefa5431340ca85e9780f3,150,4268,419,3849,6.104248377780277,43.35424837778028,196.74666666666667,217.0,7.601265297855437,0.9921910032532363,0,150,150,150,150,150,0.0,1.0,1.0,1.0,1.0,1.0,raw_runs/test/attack_sweep_continuous/level_200/pair_19.jsonl.gz,571791b97c5f45ee3870282cb1e8f096fdbb56f67df77863160a151fbae4a1b2
test,continuous,benign_continuous,benign,24,0,5274255389240652009,15014387500873148184,903287447168989725,1b9f95a5cba0bd51a80c4144aa936cffd0c3b29b4bb629d7fce913fb17747f84,39337aabd0fcab5b5f6dcd0f72c012ed07d837fedb94c9b00d209d85c06431a7,150,494,494,0,6.194597052502586,43.44459705250259,23.26,33.0,4.471834355412586,0.9918464290270699,0,150,73,73,134,150,0.0,1.0,0.4866666666666667,0.4866666666666667,0.8933333333333333,1.0,raw_runs/test/benign_continuous/level_24/pair_00.jsonl.gz,3cdc1fe472e36a7b21097979285c8fd3051ccb50a9392602a88ef740ed729bdc
test,continuous,benign_continuous,benign,24,1,6474713877111862370,18218316800924262946,13380202355401556122,1300aac0f831b0e78290060d3a277a1a94f446c221ffd2bbb9d3a59c71a8af51,aef4e66d43e8440ae34755075c5dc77ef203a4094250330aaed2cdf5daa84f65,150,530,530,0,6.059661028066949,43.30966102806695,23.866666666666667,34.0,4.524565654103603,0.993452393882828,0,150,78,78,139,150,0.0,1.0,0.52,0.52,0.9266666666666666,1.0,raw_runs/test/benign_continuous/level_24/pair_01.jsonl.gz,1ff2353c9d181c40e7f1b41382b45029545f4a2029b29fb3b9b3e4a13b546ea9
test,continuous,benign_continuous,benign,24,2,3553928651814727180,7774970940855440883,17558494755738355282,9030a77ad504d97bd5c536bf3c1830ba0c3db9fcb7912ac96e3836f9aaa174a0,fcfb013575b9cfffceb47f75648e7dc84127fa7c9eac273a7f4b51d9fff59f4c,150,538,538,0,6.143086554961546,43.39308655496155,24.373333333333335,33.0,4.557721104636433,0.9943728621987846,0,150,88,88,143,150,0.0,1.0,0.5866666666666667,0.5866666666666667,0.9533333333333334,1.0,raw_runs/test/benign_continuous/level_24/pair_02.jsonl.gz,83928516c1829f4a109c3c2eede27fceb57108130a45f1ea6ef87d61fbd55243
test,continuous,benign_continuous,benign,24,3,8713878134198056602,17210684182313449382,7759609476226928825,e97e50cb04a4eddab7398da135959aca1d34bdebe4e1978f23c6dbebca980a34,971313117897ea72eeb695e49bdb4263e841dab6b1864f6d23a42ceaf549b903,150,527,527,0,6.105011898489584,43.355011898489586,23.726666666666667,34.0,4.510722722680416,0.9953050355069608,0,150,74,74,139,150,0.0,1.0,0.49333333333333335,0.49333333333333335,0.9266666666666666,1.0,raw_runs/test/benign_continuous/level_24/pair_03.jsonl.gz,6a1bd5f20c9aa2463d38f00a76ef96f859a9d1452dedbd41f182b5ea0e16506b
test,continuous,benign_continuous,benign,24,4,2321089306315690618,15715962716480013879,8418414965999288008,25e0b3f9a4220aa67378048100ed2b9cd4a2dcd270804548dff89198753276fe,978064f27bff79516e5bbd9ab246b3ae709ba474343e5f80567065499625e9f0,150,538,538,0,6.052494772064169,43.30249477206417,24.64666666666667,32.0,4.588772694047481,0.9944402341779289,0,150,96,96,147,150,0.0,1.0,0.64,0.64,0.98,1.0,raw_runs/test/benign_continuous/level_24/pair_04.jsonl.gz,482940691da9cc93781125d2eb9636841adc60cef0b4ec4eb8c171e3b2cc05a6
test,continuous,benign_continuous,benign,24,5,8845182802892067711,15927061754876500610,15109326841177621225,e3171231ffa9e65d41c50fea6ee79c0b86622a3b4691deb0e03ef461f17eafaf,8c5f7f527a17f405bd049ecf198469cd8192af88bc75353e189e8195866a110d,150,546,546,0,6.190030431836424,43.440030431836426,25.326666666666668,35.0,4.62079345708038,0.9981859868526537,0,150,90,90,146,150,0.0,1.0,0.6,0.6,0.9733333333333334,1.0,raw_runs/test/benign_continuous/level_24/pair_05.jsonl.gz,5d24bb66990c33da32b75e59cee1e63b8c3403de9bc40b5d1a6c3099a4c84dba
test,continuous,benign_continuous,benign,24,6,2949316312643293065,14082473857851196443,12622276700011228260,f1280e0349393ed8fe34e4df741698cbdef664da679c404ec7ed8560ab9ccde7,45b7f12424b1d4b3e204af49feb6d048813337dfe8f16129f0a5a551a7afdbe3,150,517,517,0,6.067214993855386,43.31721499385539,23.926666666666666,33.099999999999966,4.528318280564946,0.9904394812307898,0,150,83,83,145,150,0.0,1.0,0.5533333333333333,0.5533333333333333,0.9666666666666667,1.0,raw_runs/test/benign_continuous/level_24/pair_06.jsonl.gz,7ac219204b2e0099342d90988395ecfc30a67a803644b512f6d4da4fa1780aaa
test,continuous,benign_continuous,benign,24,7,5685123771069856718,16031353033753044848,538688309810002270,076316ddb96d04ab8422e18738867f1107b42b02e39343edeaf6b6378c74f129,3c69a950226faa23eb0a1eb8262eb839f56c88166af829fe7a4e1d8983802930,150,520,520,0,6.026945624084125,43.27694562408413,23.866666666666667,31.0,4.5333721975536765,0.9937885750392074,0,150,80,80,141,150,0.0,1.0,0.5333333333333333,0.5333333333333333,0.94,1.0,raw_runs/test/benign_continuous/level_24/pair_07.jsonl.gz,16baecbaef6552246e4711261e6fa117c03b8bc033e0b8b90a99275d472ea4fb
test,continuous,benign_continuous,benign,24,8,892302016456819625,10650220714046566619,11306617411725911490,4ee1f3b89ebf49bca59f5d940e4897da9f0e67f2a9deec7ad7665f5dab393a53,271d98a79ef21d0e9ff693fb9c95da0b79a5540c36cbee0fe5b6cd6a9d62fbc5,150,466,466,0,6.098842190851139,43.34884219085114,21.18,30.549999999999983,4.357652583758592,0.9976025935750072,0,150,46,46,135,150,0.0,1.0,0.30666666666666664,0.30666666666666664,0.9,1.0,raw_runs/test/benign_continuous/level_24/pair_08.jsonl.gz,e9293563d0d64e52027a73856acc1f5cae7738761f4ca6f62ec7e032426f4f7a
test,continuous,benign_continuous,benign,24,9,4379469355687760136,5132125539809160820,602889096376700735,f5437d0a2121e91f76a7f8a12df693682ae6245af8962383983c7b9d8476961a,29400abba3b287e327d55b0763d329190a1b2cc13e0db6ca504741e9fd3fa2e1,150,531,531,0,6.151960273949927,43.401960273949925,24.826666666666668,34.0,4.568052645150878,0.9863870042286135,0,150,86,86,141,150,0.0,1.0,0.5733333333333334,0.5733333333333334,0.94,1.0,raw_runs/test/benign_continuous/level_24/pair_09.jsonl.gz,5823f510c951458dd2cff5d999c3af702349aeaa687ff441daa5ec15f1a75df7
test,continuous,benign_continuous,benign,24,10,3305485504433524465,11594913408255821544,11845148478025082023,9cd1ae0b89bc709f198fb2d7ee6f4bc2c84546d795381a79d9a779a6d8e5fa17,451129d6a73c1c4b9ef23f3efce149675b20037d4b1b23c48a8d0553558eb75c,150,501,501,0,6.094142064944289,43.344142064944286,22.846666666666668,32.0,4.463320971693622,0.9951922651757267,0,150,58,58,138,150,0.0,1.0,0.38666666666666666,0.38666666666666666,0.92,1.0,raw_runs/test/benign_continuous/level_24/pair_10.jsonl.gz,36dfdd75ce23d557035d14829648d8622e16c529a157784bb3056ef624072adf
test,continuous,benign_continuous,benign,24,11,12970963081985540857,11161326003885433934,16432697700625083998,e88d9084ab0ac300fdf7a8d844f4bc548b86d60a9947d48b6804b52e358259b1,3626ebb106ead1a2f01c6083cda8e9b3284a7b29f4f6a1912c8103345e9ddc2e,150,520,520,0,6.2481035051071645,43.49810350510717,23.706666666666667,33.0,4.527979717787859,0.9955358334629223,0,150,64,64,146,150,0.0,1.0,0.4266666666666667,0.4266666666666667,0.9733333333333334,1.0,raw_runs/test/benign_continuous/level_24/pair_11.jsonl.gz,c2fd9d3624b4507aa2045eaafb7972ade06e96e4c20b3813491c9d77287a05f6
test,continuous,benign_continuous,benign,24,12,17354426133336639490,17814275030682764157,2755280052061497527,0900741d292da636417758613869ec212b2d0cb41d4ee953026f3f25549ff217,70e781517e4db994e0d425076661779fbab811c65cb9d9ed50bdf4ebc25cdc34,150,529,529,0,6.157628592017516,43.40762859201752,24.38,31.549999999999983,4.565960789449221,0.9940701319369994,0,150,91,91,145,150,0.0,1.0,0.6066666666666667,0.6066666666666667,0.9666666666666667,1.0,raw_runs/test/benign_continuous/level_24/pair_12.jsonl.gz,42046db85df158b345e5af83eece9029abb1903e9e52b6f1458c7fec8c5991ea
test,continuous,benign_continuous,benign,24,13,929499694554295103,2470362723243134418,42748879558351324,83bc6084b8d794dfb38d7403d70a1cacc9edbf6ca67c6d016de4e34b60abffdd,d260e40a296ed2f1a15464509d63eb0ebc05ed0575dec268fd0bd5206090735a,150,501,501,0,6.175042208022655,43.42504220802265,22.66,31.549999999999983,4.463352329577612,0.9997530864197531,0,150,64,64,135,150,0.0,1.0,0.4266666666666667,0.4266666666666667,0.9,1.0,raw_runs/test/benign_continuous/level_24/pair_13.jsonl.gz,7e19481ad62103f4304fa73606b3dc7135e59425ecaaa502a8df0fd01966418d
test,continuous,benign_continuous,benign,24,14,14517353942880207824,15352747597855916772,9119589773031581756,a36ff9c8ba04669d48291f85338f53ebf171f9f6bdd84d6a3e23eee4bbbf195d,f9354d52085739fdf7dd20ce56e489c62188a57d3c18228252cc2d2fb41ec8fe,150,502,502,0,6.020722316785494,43.270722316785495,23.313333333333333,35.0,4.4950404335659675,0.9957352875445641,0,150,59,59,145,150,0.0,1.0,0.3933333333333333,0.3933333333333333,0.9666666666666667,1.0,raw_runs/test/benign_continuous/level_24/pair_14.jsonl.gz,e03ff26f3e4dec57fe3d71ac18042637f9f3cba0ee9967dd1cc3ac09dcb5247d
test,continuous,benign_continuous,benign,24,15,14906247675353202697,14515981090157133639,16461242656294679170,7486df8646c709d8e5f41404e026782d39dcf356e3585324287403b72c00703b,eb561961d436fe46b6da35c5d35f22d396e75f5dd16958ebf481da7f5b5ed81d,150,538,538,0,6.112445780669572,43.362445780669574,24.69333333333333,33.0,4.570964866108509,0.9910387033897069,0,150,84,84,141,150,0.0,1.0,0.56,0.56,0.94,1.0,raw_runs/test/benign_continuous/level_24/pair_15.jsonl.gz,fce517b7c19aed737d992816c452269903f1b404760cff59051cb2df4c91fc43
test,continuous,benign_continuous,benign,24,16,5023607860423777729,387888889863381425,16355081966155194520,e9cf8bd6f4ac70e7a81204452bca304af0b92f04813ad13b60556af72f027b87,5723e301406be473d934924302032484713cb05b66278a2edaec99323185dbe1,150,527,527,0,6.10869197497945,43.35869197497945,24.206666666666667,30.549999999999983,4.569818798376193,0.995785602316288,0,150,82,82,148,150,0.0,1.0,0.5466666666666666,0.5466666666666666,0.9866666666666667,1.0,raw_runs/test/benign_continuous/level_24/pair_16.jsonl.gz,c53d979f7243b5e4a8a797a62fceaa50a2140d6ecee3fe1a6bb470da330c8983
test,continuous,benign_continuous,benign,24,17,1490974601967308036,15362337821839643668,4498418937520342372,39224192b30706eeb371cc405077d3a34d7d152192deededbfa62f4f95e4de87,cdc7ae647fb484ba23e6f7ec9ed399ae296cdedb03ec6c4158f5a89f997b991a,150,534,534,0,6.063946883748506,43.31394688374851,24.453333333333333,38.0,4.542234289561277,0.9898840194145752,0,150,68,68,145,150,0.0,1.0,0.4533333333333333,0.4533333333333333,0.9666666666666667,1.0,raw_runs/test/benign_continuous/level_24/pair_17.jsonl.gz,7f95d5bf5a31e332cc1669fd98e87e6f643082e6655f7147d2b94116a724fb93
test,continuous,benign_continuous,benign,24,18,7362073525556726832,7306066794261590589,1563878664247465229,8a160dbbe4ff33fde0c01c6049cd36d58c98483c1e3671772a9e34521ec7dbda,ab309f92628a92f4708287a85b281447fdb6c3d91adb900ea38f91c2c7ed2fa5,150,533,533,0,6.1444835717236606,43.39448357172366,24.446666666666665,31.549999999999983,4.580945873068502,0.9955230077387012,0,150,87,87,150,150,0.0,1.0,0.58,0.58,1.0,1.0,raw_runs/test/benign_continuous/level_24/pair_18.jsonl.gz,0aa557715f7e743b45cf800b81d13ad95baee1f2ecd3d57980611ba921039f50
test,continuous,benign_continuous,benign,24,19,16878414205353344989,13670941286917474902,7478357756763115316,3155ff6db88b1fa1757fe65768893662b121e6c72d9b2c7e02956ac0b5b3dd82,0cb31773de7c7ee2380b253deefa11bb1ab88aa48d3c2c1b872be256c5006f93,150,518,518,0,6.103084516976933,43.353084516976935,24.126666666666665,32.0,4.549242279788274,0.9925199881360723,0,150,78,78,148,150,0.0,1.0,0.52,0.52,0.9866666666666667,1.0,raw_runs/test/benign_continuous/level_24/pair_19.jsonl.gz,c911740d9bce0ade88b2c611eadf3b03ea82a7d647127a97ddcc356b06835b73
test,continuous,benign_continuous,benign,60,0,12055753219752071432,9214243546908858119,15346296782191427045,0d0eeb8d4690d27e6a40115d0dbc9e9c68bc2953a36ad87bb1adcf30533e6f0f,087be293cf88f9364a7a75922e65068f0a6b005bd44420f27d05d09daf6ba631,150,1295,1295,0,6.212800944695471,43.46280094469547,59.946666666666665,74.09999999999997,5.865620463754537,0.9866072045651026,0,150,150,150,150,150,0.0,1.0,1.0,1.0,1.0,1.0,raw_runs/test/benign_continuous/level_60/pair_00.jsonl.gz,100aebdfa615919e0aa1270c2ee9583a0c7283780c4a760d529ea7c24e7e7da2
test,continuous,benign_continuous,benign,60,1,8839336648511840479,10673283752536822424,14654286737856592565,6294d910c1cd199191ff4942fe2f1f703e4adaf73bbc8ae328092ed66a9705cc,d9868c927015268734dbdcedb8f5fb386b4ab944f4278a15415265f80b3e8c97,150,1293,1293,0,6.188019813001288,43.43801981300129,60.38,72.0,5.885632514544839,0.9901687454886829,0,150,150,150,150,150,0.0,1.0,1.0,1.0,1.0,1.0,raw_runs/test/benign_continuous/level_60/pair_01.jsonl.gz,cfd2579b8b7c8475d07367bc5a3b63c0f4af2fb966dfbbf4a9fd2af34ef8b852
test,continuous,benign_continuous,benign,60,2,319664382691450108,8425599047184436904,3243743198108524757,36e5a3069fa089223a31477060ff76c04664a666d0bfc2424bbcac5ad442a5d9,6dd5bfd495f3fac88f044de42cea955bf36f4714344181cdcf51c84515785282,150,1342,1342,0,6.060261835122168,43.31026183512217,61.58,71.0,5.9067444838007095,0.9854423574712604,0,150,150,150,150,150,0.0,1.0,1.0,1.0,1.0,1.0,raw_runs/test/benign_continuous/level_60/pair_02.jsonl.gz,3796bce4b0163f6ef837c1490a25558f51c4f5279fbdf8bc43641cd8131e18de
test,continuous,benign_continuous,benign,60,3,13836154008408628279,5160735939387224534,3006699372275691492,9472cda6d3a25402410e1ce4a606ba046d0098b56dd7bcdfd18b658dcf2005b9,8f08196212bde82fde563b6c926e7fd9bedb32f46f349092fcb623b47543c998,150,1284,1284,0,6.130406516898415,43.38040651689842,58.08,73.0,5.815005628432007,0.984605669450749,0,150,150,150,150,150,0.0,1.0,1.0,1.0,1.0,1.0,raw_runs/test/benign_continuous/level_60/pair_03.jsonl.gz,a90c2ba88e5a5468811a47416ef9c36c898f9511bad19483a2a644b7d8ba4e85
test,continuous,benign_continuous,benign,60,4,11935645281803378086,10850879342782276294,13808720964637449871,76da03c1fd8abd1451b3a1cbaa6eda9a9eecb45f6648ee3262cfdfd1384de4d9,c4e70cd7420abd83600dfe99ea476eebe67891de0cdfef394d056fa8187a1e70,150,1319,1319,0,6.051324569724875,43.301324569724876,61.346666666666664,71.0,5.891570030262841,0.981346968545151,0,150,150,150,150,150,0.0,1.0,1.0,1.0,1.0,1.0,raw_runs/test/benign_continuous/level_60/pair_04.jsonl.gz,3d3697ddc6c9e3cf39232e08e734eb58e99ecd6e882762ca4cca1e12279460d2
test,continuous,benign_continuous,benign,60,5,1757260870866604938,4146312056965225847,4248952602398942720,f9db4876a847e9c4c8593930f5f6b8c37410c6176b1960e210fe039b36181048,625082769b4f4c855627598dc990fed28bce1167e7d3da3467f1ae71867b854c,150,1263,1263,0,6.007344082435379,43.25734408243538,58.06666666666667,70.0,5.814433618931488,0.9823105041142147,0,150,150,150,150,150,0.0,1.0,1.0,1.0,1.0,1.0,raw_runs/test/benign_continuous/level_60/pair_05.jsonl.gz,2b394a5b002b2e2af80341eaffd61a90cea4ff33359b652b2f8b6cf1a8e7c985
test,continuous,benign_continuous,benign,60,6,3344941150479110178,5290337178899518715,3827280862920012532,7b557f895d362ac5931cd8e80572014ab009ddbee32983649f8a10bf5351ea7f,401a1340fe86608ee6d14c6d077399478160edb3fde360d5d12fedf98fc58c04,150,1262,1262,0,6.239736420820231,43.48973642082023,57.99333333333333,67.54999999999998,5.829778270383273,0.9890653203011637,0,150,150,150,150,150,0.0,1.0,1.0,1.0,1.0,1.0,raw_runs/test/benign_continuous/level_60/pair_06.jsonl.gz,338bcecb8920e6e913b69a505d923b2293deb4cf5cc35185c9448a0f5196320b
test,continuous,benign_continuous,benign,60,7,6419627319096885175,3009885920888390511,10189614769892943228,08368c0890262bd0aa475f86431c1550a4b52be536af27a10d48efa31f65ad1f,b45dfa297eb814c84b1e1c8f666eb7c40d10988691a86e752fab503f39f2ea6e,150,1363,1363,0,6.165685079855766,43.41568507985576,62.266666666666666,76.0,5.918204127035926,0.9848685909521006,0,150,150,150,150,150,0.0,1.0,1.0,1.0,1.0,1.0,raw_runs/test/benign_continuous/level_60/pair_07.jsonl.gz,75fb1620aa1202e6c300ed82c249673f34c975941fd3aa9e240e7b902be79026
test,continuous,benign_continuous,benign,60,8,4542692740964769341,14469435378480644158,641382290517035130,fad9eca8ee0d2d2f0a5513f8d8c787eaa101287c9e7e4913026b7fadb889e2f0,db733de27e88ff43b6b3874dc333cf09df58ae8074d4efbf9f99e583ed568e5d,150,1283,1283,0,6.116328526618515,43.36632852661852,59.16,69.0,5.853518377760136,0.9877565634040766,0,150,150,150,150,150,0.0,1.0,1.0,1.0,1.0,1.0,raw_runs/test/benign_continuous/level_60/pair_08.jsonl.gz,2a55af3cb3e3ebffc5feaffef9d4d9473f7fc08f73661f152111a124675110fd
test,continuous,benign_continuous,benign,60,9,17474522367531266523,2202058633778674764,16968205351537233946,4bdef6d19506e7c3161b0ce671fe8d1dce029e762234d5651e6cdf0e5ec55c2e,af61f87f743a4d375ebecc7133e44d15c38264a114da75d3318c4304403ce5f1,150,1315,1315,0,6.080731402774736,43.33073140277474,60.46666666666667,71.0,5.8675783659467715,0.9794389456938518,0,150,150,150,150,150,0.0,1.0,1.0,1.0,1.0,1.0,raw_runs/test/benign_continuous/level_60/pair_09.jsonl.gz,dbd9681d2eb6f5933f6e21761c86cacf6703fa87cfbea7c746f9fa4e23820b5f
test,continuous,benign_continuous,benign,60,10,4442364550062877907,2324713340149489347,13849215171025543685,f3c6c8a4a4e47f9104281ea9f40df9f97ae82eb9b3e43ae482be8c7157be46bb,0db77c3d83c44a26144367d57509e606f8fe7ba70be9c115d46ce0b99de76787,150,1306,1306,0,6.096920760424488,43.34692076042449,59.906666666666666,72.54999999999998,5.857766250590486,0.9830165608820793,0,150,150,150,150,150,0.0,1.0,1.0,1.0,1.0,1.0,raw_runs/test/benign_continuous/level_60/pair_10.jsonl.gz,706bc640724fa77b34b760f3d4a0cd76ee3e5a081ee5da0d03e8a836fecafc95
test,continuous,benign_continuous,benign,60,11,17081000117766575483,11316276093277514577,3761877619015438296,85ede861b3b74c1b0d08a42723b253ee98a7e1669412e3815c980bde3dea2332,3ab1dba7014ef4cffe0a70cdea66329faef9ab103efd9f84bcd4545b9cd2d5f0,150,1291,1291,0,6.142932046613686,43.39293204661369,59.66,70.0,5.862449463446282,0.987006894198873,0,150,150,150,150,150,0.0,1.0,1.0,1.0,1.0,1.0,raw_runs/test/benign_continuous/level_60/pair_11.jsonl.gz,2d53edf715616a8db1d21c2f1f64859604b24255ae9dfdf5c80bf50e45a45f63
test,continuous,benign_continuous,benign,60,12,8832631734345316595,10851382885812462550,3845243144221730785,364e6e86cc8cb125dcd9d6322c123ac4871aa9c4e5d52646b74b6d0111d70bbb,cee354431826be997f5f1507c71cd97df6545722cecc59889bdce27aaa2a1286,150,1283,1283,0,6.245351842467986,43.49535184246798,59.38,70.0,5.8633236764635175,0.9898683369289271,0,150,150,150,150,150,0.0,1.0,1.0,1.0,1.0,1.0,raw_runs/test/benign_continuous/level_60/pair_12.jsonl.gz,d982b995c594ee876fa885c565f76eb20f051ac7e2949b8c30948d8d3d9f5194
test,continuous,benign_continuous,benign,60,13,10028181195738753679,17377064598925272357,17372441598081040749,64b7e54480130ee3d3565dca668e77cb8cdb90d324b62fc9c4833e82d79e5417,9e0034e89440390aa2b71fb7c2de50aa8d8db9a7f283796ddcf425bf3f3684aa,150,1256,1256,0,6.089269975797674,43.33926997579768,58.44,70.0,5.831123148250943,0.9853032208747773,0,150,150,150,150,150,0.0,1.0,1.0,1.0,1.0,1.0,raw_runs/test/benign_continuous/level_60/pair_13.jsonl.gz,e3baf2699a76e0720a70ce559ff896a0c403bcfd367e09f81bd48273272af9bc
test,continuous,benign_continuous,benign,60,14,4821605639821782447,4223715041169017503,3221607450024176762,231ff0443fb0493410dde4040fa148daa458889b3907d72e01f75a13300da310,fdfe0a3616ae73b611d0a144813178230805fb9d9d283446ed0a7b546c66dd3f,150,1331,1331,0,6.012468099156788,43.26246809915679,61.62,74.54999999999998,5.90460186327026,0.9859967260423306,0,150,150,150,150,150,0.0,1.0,1.0,1.0,1.0,1.0,raw_runs/test/benign_continuous/level_60/pair_14.jsonl.gz,67a5ae1d75aca1ce80593dc789981ea333aadb1052a9e38fcbdbea12154b5160
test,continuous,benign_continuous,benign,60,15,11853175302378749387,6720599183677307609,11533872133664186313,99c16c9bcbf704e7254dbc94107a76361bbda2357363d1ff26b3088f698f68ef,90d3df1b3a128dbd51dbb98e9f4a28c858d5b1f395c37ea9f039f661b280bf1a,150,1357,1357,0,6.1105681327278685,43.36056813272787,63.54,76.0,5.955389284187989,0.9879760340973796,0,150,150,150,150,150,0.0,1.0,1.0,1.0,1.0,1.0,raw_runs/test/benign_continuous/level_60/pair_15.jsonl.gz,616afac742c572e89474057ae768e14e2463dfa0806f70df3bc55973299c0cf8
test,continuous,benign_continuous,benign,60,16,12616534501666573552,12627197480071288338,1679523666835793842,0c42791df19febe53049fbadbfde998a546738ed6aaaf0945ff5c9e60f8b7b3e,d41c4177f86db0276a0969edb649f3399c2b778a7e5fa5c638c7261ff48acf66,150,1244,1244,0,6.0602187070685005,43.3102187070685,57.93333333333333,67.54999999999998,5.817878781931883,0.9859914040064097,0,150,150,150,150,150,0.0,1.0,1.0,1.0,1.0,1.0,raw_runs/test/benign_continuous/level_60/pair_16.jsonl.gz,5df8571db6ddcbe96cdd10698b9ff2a537b3a2db2371434e8a04745d786e8580
test,continuous,benign_continuous,benign,60,17,11801157881835141813,9336715141020142115,12567134697283384837,9491b4410186dc679f48fb80aeeff670544c99ce949b46380fdbb586cb4260f6,8e76946f3735562faba9d0e29ca971c2e746a056406b02eb929e6d7d87c0dc16,150,1312,1312,0,6.081127742005406,43.33112774200541,60.513333333333335,72.0,5.873787714008031,0.982492208713996,0,150,150,150,150,150,0.0,1.0,1.0,1.0,1.0,1.0,raw_runs/test/benign_continuous/level_60/pair_17.jsonl.gz,f81063448b3f599fa037313653d262d143a10eecfb478cbedbda58ed0f35a2c3
test,continuous,benign_continuous,benign,60,18,860134680128116760,3080095973261707755,4226505162619866530,09121d6f93b7eda2a8153acf9831283a8a86fa1de93e2c8bb727c93b5c03bfea,a8fe6feac2ecbf14bfbde8e4c0a2083ad02b95c3a920575c95b00d9469be4c58,150,1320,1320,0,6.109167597864794,43.3591675978648,60.553333333333335,74.0,5.874495924052578,0.983734255020896,0,150,150,150,150,150,0.0,1.0,1.0,1.0,1.0,1.0,raw_runs/test/benign_continuous/level_60/pair_18.jsonl.gz,f3b05ab0cf65f4dad0d894661c6251a9533ce94b693ee911c1e16e2da03d548b
test,continuous,benign_continuous,benign,60,19,2765256529201453566,10660716801522912321,13632198220299540919,1d1b30e005c751a17df802a720c876f8a113bdf0b88f1d6370167269caf2327c,cb4748a82a88452b9b032c23bce0eb5cbcca47337d81e966cb5f7ae6607c878d,150,1310,1310,0,6.141375162979009,43.39137516297901,61.586666666666666,73.0,5.909697938819337,0.9882124837893878,0,150,150,150,150,150,0.0,1.0,1.0,1.0,1.0,1.0,raw_runs/test/benign_continuous/level_60/pair_19.jsonl.gz,e45e9961f0bca805c977722b049c119f5f1d999576bb0eb38e6fc347cac50aa2
test,continuous,benign_continuous,benign,120,0,8377203359892070172,3454123631777269297,13586539073648347761,a239c6fed2bbaa3cf5cdeb81f3d137fd3a052f8cb21c51077c4d90378f2a4d10,b7db0618291dd4d16f0a4b3aa4e728d50aa02c76b1605ac19ff092e41ec2426e,150,2645,2645,0,6.2026519864455345,43.45265198644553,121.66,142.54999999999998,6.859777859139852,0.96961913039416,0,150,150,150,150,150,0.0,1.0,1.0,1.0,1.0,1.0,raw_runs/test/benign_continuous/level_120/pair_00.jsonl.gz,fcc5da990d1bfa845351f9d21f9579a2804951f2cfe95bc8e8d00e89868c2515
test,continuous,benign_continuous,benign,120,1,16977730830662377644,16574041771284837851,4916406745637003959,6ab66c482a9e5b67742e25a55cfa6241fcd4b14102726b6279f3f3a5863af9e6,a1ee8ab26f5c7647586235ed8e126f35d91b1a38eebea25939319fca9641fad7,150,2588,2588,0,6.0434501274697565,43.293450127469754,118.68,139.0,6.823433143783369,0.9700491705595871,0,150,150,150,150,150,0.0,1.0,1.0,1.0,1.0,1.0,raw_runs/test/benign_continuous/level_120/pair_01.jsonl.gz,325cc93413b79a1b153ea4fa018c934d16a64d6d9735bdba31a229ed632323a8
test,continuous,benign_continuous,benign,120,2,17474291979858848990,949583169032656942,15333641688644661146,11d219c90247f872cd46e30d6c4bb7102e4cd4e5fc3e73fddb7bdad69ba94c40,5d10680bd96f493676de382aaf6a42b0e9b9862ce36e523a34f1a442f7e3bbd6,150,2541,2541,0,6.052861110369404,43.302861110369406,116.17333333333333,131.0,6.8071283145915595,0.9760812565233485,0,150,150,150,150,150,0.0,1.0,1.0,1.0,1.0,1.0,raw_runs/test/benign_continuous/level_120/pair_02.jsonl.gz,b2494d43a75fadca15e766d0f994c101374b774bb78fe16d521835eaeb134676
test,continuous,benign_continuous,benign,120,3,10328863206529592231,11774122508544598813,1821134532003378567,2375a10a8218a115d84efcfafac5feafd8222f9761bddee11d1bb21590ed6085,ab010d6749dc049a46b95e480c4b390a5fb93443d32d6c011bdddbd6245112de,150,2603,2603,0,6.017009449812901,43.2670094498129,119.89333333333333,135.64999999999995,6.845793545057344,0.9724789242471956,0,150,150,150,150,150,0.0,1.0,1.0,1.0,1.0,1.0,raw_runs/test/benign_continuous/level_120/pair_03.jsonl.gz,b07eee74ad9c148069bcc7a8af27e0e6d8099c4ada99b516b8c4fb8a4fcfe505
test,continuous,benign_continuous,benign,120,4,15059701741148047822,12981834254827585149,6332235759952537229,72b00e7fabd9717bb1a647c20e0a0edfd129c6769d193a8efca80b14b6440e11,85c908955f59100e596df01832036e3a96b8e17969d090b2bd4ae78322127718,150,2520,2520,0,6.007936049188819,43.25793604918882,116.56666666666666,131.54999999999998,6.813872027563657,0.9763131145468822,0,150,150,150,150,150,0.0,1.0,1.0,1.0,1.0,1.0,raw_runs/test/benign_continuous/level_120/pair_04.jsonl.gz,dc1983b1868ad837822fbb356efd3f9a5ae152f6463363e527ba39f4e8808908
test,continuous,benign_continuous,benign,120,5,7723432460910292314,14143399362503015316,4008097018745381581,ab9c99aaee9998328f9b327e1ad83c86d6310e1f03ff2298cb1d7fe646b5aadb,544babd332808b6b1b4b3436c5d3ed2f629efad6b00e4d72601cb62f591bc66e,150,2625,2625,0,6.02197612093489,43.27197612093489,121.54,134.54999999999998,6.864217727848791,0.9712595968615418,0,150,150,150,150,150,0.0,1.0,1.0,1.0,1.0,1.0,raw_runs/test/benign_continuous/level_120/pair_05.jsonl.gz,1aa587e3cc22e1d83a4b30c04d61094e283f866972d8810f07f597ee4202a4cc
test,continuous,benign_continuous,benign,120,6,16312610755683342315,4132740184489374292,2097844798846469481,ab4cc7afa205bede7a7616a49a5c655588dab932f509027c4f29f4f5b354d948,637dba3d3f3321b3f49fe124f7553cfef8a6f1d438583c55b2ce8b91415926d2,150,2569,2569,0,6.088068532309071,43.33806853230907,119.63333333333334,136.0,6.8400913827065235,0.9710341066847468,0,150,150,150,150,150,0.0,1.0,1.0,1.0,1.0,1.0,raw_runs/test/benign_continuous/level_120/pair_06.jsonl.gz,bbb896a3df0dc3d0307b3a03fdd556503b4c5e18c5ae587817ee34c6037b73b3
test,continuous,benign_continuous,benign,120,7,6150188156210431558,14449820104385269486,18183384832648817585,67af47d0931e8ce29f1171f6a2b5f7cb514e89edb2756d91ed1063183832d7c4,d0565cf26c961ddcc9f52c56b20b4db39701b0b62d498d03e7651164cd91bfb6,150,2558,2558,0,6.182594973848276,43.432594973848275,116.60666666666667,134.0,6.797268960304604,0.9682929342972864,0,150,150,150,150,150,0.0,1.0,1.0,1.0,1.0,1.0,raw_runs/test/benign_continuous/level_120/pair_07.jsonl.gz,8412fbbb68dd5a8818fcf3f30a0cc7d199aa48ade28f48863899bb9b3edd9c47
test,continuous,benign_continuous,benign,120,8,14255591453641436147,1533279152722602806,13437196454289179933,5d81a650871acb254af2e8ba56c92e179ff6147521d5a22b2e010c5087f8bb75,cf0de2585e6c1d4746d8176e85bbdc7dd570096293d83667374d76c66e53d95f,150,2647,2647,0,6.024949200125141,43.27494920012514,122.04666666666667,144.0,6.862124740499315,0.970812737375947,0,150,150,150,150,150,0.0,1.0,1.0,1.0,1.0,1.0,raw_runs/test/benign_continuous/level_120/pair_08.jsonl.gz,0f5640edf1c37fc44df32ee5c38a9c8928d1f04117d749abecd722bf72d3519e
test,continuous,benign_continuous,benign,120,9,4410485485139951129,175659314155868336,15470324953329147162,9066081f74f6128eb21c79d017ae5e68c6de0793c28cf2ddb699fb01bae18f49,3d2e365a910429fbefe3ca1bd76535991553260c86a0224bbf480449e20067fd,150,2590,2590,0,6.1914544056990835,43.44145440569908,118.86666666666666,137.0,6.826830100889238,0.9699605308487496,0,150,150,150,150,150,0.0,1.0,1.0,1.0,1.0,1.0,raw_runs/test/benign_continuous/level_120/pair_09.jsonl.gz,05787d8a737c7832f5194b5930a45f365b2865ac7b5e242a133799ad14ae244a
test,continuous,benign_continuous,benign,120,10,743702014842193359,14638614775406783373,4202477643613529046,cdedae31ccf7fb3cb5bd1de093b08aec5a12e4fd6475cdeb17fe19d60af73ab7,df5991dab99621491c2deb2448f6b60256a7fab6c948068786d369c3db34e436,150,2561,2561,0,6.054098441834665,43.30409844183467,119.18666666666667,134.0,6.825448775850055,0.9668460877327906,0,150,150,150,150,150,0.0,1.0,1.0,1.0,1.0,1.0,raw_runs/test/benign_continuous/level_120/pair_10.jsonl.gz,5647c88f8fff030c23b898ceec78df7e2754e28edfe8c81ee30739a412b070c4
test,continuous,benign_continuous,benign,120,11,6937732872999664108,11747685142109483282,16309111443725788870,43cb87e8e21594121e5c406c03ad2b8618494007385732f9d2f57ca1da042ab5,676c0b12b71f64cfe71afa8a30f010023a27c3fcce32f12860f3aa5ed72933f6,150,2547,2547,0,6.080600204929572,43.330600204929574,117.10666666666667,132.0,6.80153834692947,0.9676710699538646,0,150,150,150,150,150,0.0,1.0,1.0,1.0,1.0,1.0,raw_runs/test/benign_continuous/level_120/pair_11.jsonl.gz,8cade5672fcae20e53f2d9d268ac288714edbb16c1efbb2df277210526e1dd0c
test,continuous,benign_continuous,benign,120,12,318235669795214381,7455951692569321731,15589470882609929823,0cb2a715f278bbfb13f132bad66c6aaf7f150269ef5a5d3cca88629474be876d,7fd8cd4778e3eb5d0c9284fb652b4f7da6871432698a988c4ee719b58137a53c,150,2597,2597,0,6.123950836984667,43.37395083698467,118.86666666666666,135.0,6.830430740972843,0.9714562753847368,0,150,150,150,150,150,0.0,1.0,1.0,1.0,1.0,1.0,raw_runs/test/benign_continuous/level_120/pair_12.jsonl.gz,4637b59985f2e8965e6b0563b396b8b232998f85e59b1f59dfbb26ca8c4995fb
test,continuous,benign_continuous,benign,120,13,5963114150740161007,12572808009116746492,7959604235016630410,e8aaa6f4dde94b1bc08010d83bbe4238007cfc7479f4c7afa14c1b5e9ff7a63b,a1674dd3090df1bf6f18545be99d7b41ab10e993159e738aab2181cbe71fc3d1,150,2603,2603,0,6.059467103547272,43.30946710354727,118.62,133.54999999999998,6.837009845625222,0.9750604808857937,0,150,150,150,150,150,0.0,1.0,1.0,1.0,1.0,1.0,raw_runs/test/benign_continuous/level_120/pair_13.jsonl.gz,89406933efd20ad352e0274c5fb362cca2be351bd55c747a0a273f8d0ccee741
test,continuous,benign_continuous,benign,120,14,5921354361794523497,5972561165925497729,14077024707531594389,9afb0ab865275f7c1523e7848297b12108762b8d6babd2c5a77bbc23cbd1c880,f4b576574a3a4e504a977c5e1a3b906040713f2b34008a4266d796f8a7209841,150,2652,2652,0,6.009162122583685,43.25916212258369,121.84666666666666,139.09999999999997,6.872360525825525,0.974360979631788,0,150,150,150,150,150,0.0,1.0,1.0,1.0,1.0,1.0,raw_runs/test/benign_continuous/level_120/pair_14.jsonl.gz,db9f8926ac17bd5f188bfc4b91d0a0f711dfd54eb2f045476eda1c1a07f1103e
test,continuous,benign_continuous,benign,120,15,6840726219925807843,12649960720818103437,14279433778525449039,7880df9a6eff9b421a5d97f492c5bc66d67bf36a3acd6195a548f9007066278b,30c325def5f77e153d47cf91885d0bfd32e85cdf4c87eb9fd7a1b96a2d5cd285,150,2513,2513,0,6.010475163655674,43.26047516365568,116.64666666666666,135.54999999999998,6.80390061058384,0.9722121500359239,0,150,150,150,150,150,0.0,1.0,1.0,1.0,1.0,1.0,raw_runs/test/benign_continuous/level_120/pair_15.jsonl.gz,8d7aa78bdd720187027f44a95a237f71225e1e22358bf731af855161b643ca5c
test,continuous,benign_continuous,benign,120,16,17059881575728195470,12962201300728633190,16542002915608771108,ce93fec7cadeeead870d11709848d47726192d9f70168819495c1cf210106770,e37f64866658e6790110800bcd4b9d6bd846a982520acf86409ac30e256e2fbe,150,2614,2614,0,6.136196256751553,43.38619625675155,121.12666666666667,137.54999999999998,6.8507749791403265,0.969425728194694,0,150,150,150,150,150,0.0,1.0,1.0,1.0,1.0,1.0,raw_runs/test/benign_continuous/level_120/pair_16.jsonl.gz,559c8ff0159e088d5b788c71f8b3067414885a9734ce5c557682834d304635d1
test,continuous,benign_continuous,benign,120,17,10475107289356059551,8651585788118722659,12230319969611245067,1d55251fe35059603767ec86fc85a00461cdab5b8003e28d2bab1df5155c56a6,296a3becd8c1989d2267c3426ea5c570683b0014c8dfee83c8ebf5c85a929505,150,2579,2579,0,6.216809479138272,43.46680947913827,118.44666666666667,130.0,6.8350774014421845,0.9749452975620958,0,150,150,150,150,150,0.0,1.0,1.0,1.0,1.0,1.0,raw_runs/test/benign_continuous/level_120/pair_17.jsonl.gz,dd9acfdd850b2916eca645cb1dedcbc12d48a84ef3c98d9648ce5676e9ad89c8
test,continuous,benign_continuous,benign,120,18,3846968442796898447,10403517115914327744,15668363060505446442,444653bdac4c0a3239c00fd50e7e77c35426db0aa2476ac3ac400e32717cd109,365e755ca7c0f82acce97e2119fb47faf94ae914b4a721e8d57084f605952a06,150,2607,2607,0,6.081801653201673,43.33180165320167,120.8,139.54999999999998,6.843291650449155,0.9667392900301934,0,150,150,150,150,150,0.0,1.0,1.0,1.0,1.0,1.0,raw_runs/test/benign_continuous/level_120/pair_18.jsonl.gz,5a7951799a819f0f91352fe763dc1820d7c5ba76191149402b1636e07125cb15
test,continuous,benign_continuous,benign,120,19,15827488436496725697,448282165503569617,1394633406751746856,6ee598e59923fa93329bc302a9021c213a9bc36a99e69dd95d89f2d4aa48b6dc,2411c65a30296c57e9acca8860e38d595fdbccebae860434a5f57412da97537b,150,2535,2535,0,6.141337114743804,43.391337114743806,117.76,134.0,6.824764660302294,0.9748647488789906,0,150,150,150,150,150,0.0,1.0,1.0,1.0,1.0,1.0,raw_runs/test/benign_continuous/level_120/pair_19.jsonl.gz,7001b1b40eab57d321d5588a4be555df5357f3cd204c85e3b6d4b0edc267207a
test,continuous,benign_continuous,benign,200,0,3305879775677813233,10421308348587540143,16448471513908614102,986571c75dae06d62e17a71542a6013296cb6c94b082bb0f549e307c40938eb5,3e03b7a42b4363e9e9f00eca0a7af10835ec56253b1183327cf74af50ce2f9b8,150,4318,4318,0,6.24795365588724,43.497953655887244,198.29333333333332,222.74999999999991,7.5400714874126,0.9566084710428022,0,150,150,150,150,150,0.0,1.0,1.0,1.0,1.0,1.0,raw_runs/test/benign_continuous/level_200/pair_00.jsonl.gz,09bccba24fc0e50ca3b266788cbb070bb4bf591fb08c37c35b9ec3e4b0e85d65
test,continuous,benign_continuous,benign,200,1,11965773264084442328,8727095041189310502,16036015588405802318,8490c9a4d1aba0ec105c7bdc6a2e6597c9dd298801bef8faa95f1698a9c4cff7,73f81f97efad620eea0eb89d9a926959370880a7774c7421625f9a727ce55f34,150,4520,4520,0,6.170198780649708,43.420198780649706,208.96666666666667,227.54999999999998,7.616505838576625,0.9562460307496398,0,150,150,150,150,150,0.0,1.0,1.0,1.0,1.0,1.0,raw_runs/test/benign_continuous/level_200/pair_01.jsonl.gz,348737fc2505a91fcb16e131971d6e15c87e0b300c9fae0823942ad2f661bed3
test,continuous,benign_continuous,benign,200,2,18325105054551786770,7064399210547045580,7742717421879188247,822b470e86357c11735e19e05e5acd309c9ea33c073b3059f11758e1838205c9,a14b3ce9cdf8589911ad6570537a37c82b2633fc345fd596c3c0e4b752059648,150,4435,4435,0,6.238696724756045,43.488696724756046,203.75333333333333,229.09999999999997,7.566231475539119,0.9505666682264757,0,150,150,150,150,150,0.0,1.0,1.0,1.0,1.0,1.0,raw_runs/test/benign_continuous/level_200/pair_02.jsonl.gz,5d2f9016c98ff43e84944a486a9ccfa02342ef8c00c49a2fd304423265c8d61c
test,continuous,benign_continuous,benign,200,3,2706547891802339268,12565575302086033423,714861698842691557,9a943cbb901e99e28ccef82b7e0b331f3e98e516976e4e56ae23cad12301fa5b,e12ea21765b8b88482120abbb3c1b829d7cc8743917a66bce9e767b72d8262e2,150,4339,4339,0,6.1593309519028026,43.4093309519028,198.62666666666667,220.0,7.542392320502539,0.9558645718976199,0,150,150,150,150,150,0.0,1.0,1.0,1.0,1.0,1.0,raw_runs/test/benign_continuous/level_200/pair_03.jsonl.gz,481113c5b4e3e83f0f4edaa56793476983a2cc8bde21f90d78e508bd639b0635
test,continuous,benign_continuous,benign,200,4,5380016248454964302,3694083526017213416,6146857346352895369,19d3021525597c7368ebb7eb9807f07160b6325585ec4096e56e0ac83a2f9733,af9096d370485e128a969ba11f7a187627691ebea544a9e01e8ea2f4e4aae7c7,150,4343,4343,0,6.212387741854516,43.46238774185451,202.38,229.0,7.559100595851875,0.9519840045522199,0,150,150,150,150,150,0.0,1.0,1.0,1.0,1.0,1.0,raw_runs/test/benign_continuous/level_200/pair_04.jsonl.gz,557c60f759a26d22934e3767aef986ebf2d019b782ff50f269db48958b433780
test,continuous,benign_continuous,benign,200,5,8188740890578337911,6615532565649476703,2142098517152341971,d0e4573c5aeb1603553c0b874b116b7f657a7561f34e7b60068a4a51ee4756b3,66710fd941903b16345bf5035b8a13887e7597559797c45321614859baa59966,150,4321,4321,0,6.157481472613676,43.407481472613675,199.27333333333334,227.0,7.534708508261435,0.9499502065061707,0,150,150,150,150,150,0.0,1.0,1.0,1.0,1.0,1.0,raw_runs/test/benign_continuous/level_200/pair_05.jsonl.gz,e291ef8f6211e57455e8f62cac4c487d78af68079bf8739e7b2e44ca7fd3c613
test,continuous,benign_continuous,benign,200,6,11156434581171536795,4136638949697257322,7853675704106707286,c885a25e389058c45d0ae4bb5ea680ee86560807db16093c32053b3237854273,55ee83d2921a88451cfdd81669092f85c097e7935688e43e969cd35faf6d7f4e,150,4349,4349,0,6.026749851195157,43.276749851195156,200.77333333333334,218.0,7.546981608518951,0.9511091987535755,0,150,150,150,150,150,0.0,1.0,1.0,1.0,1.0,1.0,raw_runs/test/benign_continuous/level_200/pair_06.jsonl.gz,c5d726745532c2a7d609d970d032904646c3f1d33cfb9ed62937621bb5f57b6e
test,continuous,benign_continuous,benign,200,7,14463190566117325287,17107551952184837091,11465096975892504262,7be1b0b3bbcbc0516b8ba376285f05780f7c7f52e8e1aa84f3ed52b197720be6,3237046a73171c7389d41d617ce865c08a9d58013231b65c1f1236d754903d2f,150,4269,4269,0,6.123123255424631,43.37312325542463,196.32666666666665,222.54999999999998,7.520330998988984,0.9539370889989427,0,150,150,150,150,150,0.0,1.0,1.0,1.0,1.0,1.0,raw_runs/test/benign_continuous/level_200/pair_07.jsonl.gz,e3dea7f1f59a5e5d98e5b457c4924de83d3d18b66dbc0eca4e3c212b3d5548d6
test,continuous,benign_continuous,benign,200,8,16195968407897823456,9995507322886959644,4260953361544337168,a6e549baa69d0a7d4a333ee920b7d43f2e387817f032e9a706b23d9ccd54f7d0,730d8a32eac780a79fbef5326b008553509cdd426b3f1dd3a00ac6916b1c2e49,150,4283,4283,0,6.114049540250361,43.36404954025036,197.70666666666668,221.0,7.5380740992974795,0.9581119040143604,0,150,150,150,150,150,0.0,1.0,1.0,1.0,1.0,1.0,raw_runs/test/benign_continuous/level_200/pair_08.jsonl.gz,ed07de39e84afc68740fa45fe93363162d57709afb9347abd410e13d7190a87d
test,continuous,benign_continuous,benign,200,9,7420720521770374408,2465067361418340396,8413903894302394952,5ca47e04ace17b0a946d279a29495ba3ebbb91338de898eff0a76665f1fb551c,b05865393a4cada4b1f0bb52ea3e907297dfb84a67e2e74666d197b286b9e69b,150,4339,4339,0,6.12631336198363,43.376313361983634,200.05333333333334,221.0,7.541980772702582,0.9512821321807955,0,150,150,150,150,150,0.0,1.0,1.0,1.0,1.0,1.0,raw_runs/test/benign_continuous/level_200/pair_09.jsonl.gz,3c0312fe8fdb269b366b16fe6ab8ac2174687e34bd9fe3befa4b641d0a1fcdd9
test,continuous,benign_continuous,benign,200,10,5878993358639171811,1397690522937504700,13892388286466510101,68883f6d0eee72f74499401d0cff546a1fe7d04dbb05e8019c976666f2edeff9,3436c3785f8a50c1528a4d7311feb57c1c449a948b753818b10d037bff82db3f,150,4340,4340,0,6.228007532965487,43.478007532965485,201.27333333333334,234.09999999999997,7.543087375506489,0.9480378111739907,0,150,150,150,150,150,0.0,1.0,1.0,1.0,1.0,1.0,raw_runs/test/benign_continuous/level_200/pair_10.jsonl.gz,14d4dc6faa67992eda90875d1d6890a96edb76ec9d818fabe65f7da92059e5ea
test,continuous,benign_continuous,benign,200,11,14014917943405241459,15639064061822942779,16879642343131105151,89d63dae906dcc6bfdefd59f9e8492b5dc685d628f95b2cc14a2544e54b4ef68,8b50b3d1b40acf2f03e0497c2e219067f37e98719e969a1ddb6826a68f9d9dab,150,4327,4327,0,6.073977129668739,43.32397712966874,198.36666666666667,221.54999999999998,7.529777699838304,0.9509946931829124,0,150,150,150,150,150,0.0,1.0,1.0,1.0,1.0,1.0,raw_runs/test/benign_continuous/level_200/pair_11.jsonl.gz,95dc04b2ff2f33db493d3eea332ad704f9b68ecb5afd8344993146b4b6497a2d
test,continuous,benign_continuous,benign,200,12,16917716329140676774,3488760609135040061,17012320579814074488,7af0ef0ac27288eb8421ec74c7833ba621655a50054412194be5e493ec6e7a19,3a1e7848f7258d9b0ce2b21564a47b009d159d55aa2d2eed92d71e39a2e02835,150,4287,4287,0,6.108001044223623,43.35800104422362,197.05333333333334,217.54999999999998,7.5273971005986455,0.9547222910506863,0,150,150,150,150,150,0.0,1.0,1.0,1.0,1.0,1.0,raw_runs/test/benign_continuous/level_200/pair_12.jsonl.gz,00930eb3806b8b47601ab54947b97cf9ee426f504fbe87e89ca34c30dcfcab75
test,continuous,benign_continuous,benign,200,13,7464805818551332891,3594028296982437660,15697656623403371306,b620895b420e6e8b8521e752b8b07a6ae98b8169891eb3d0e952ced6617aff57,c5848947e0e713c3cac623eccc17ad8ec56ef95b84e6d6ea5fe2a88c1d420d52,150,4319,4319,0,6.011351901710134,43.261351901710135,201.98,226.09999999999997,7.554328669698111,0.9506685014896448,0,150,150,150,150,150,0.0,1.0,1.0,1.0,1.0,1.0,raw_runs/test/benign_continuous/level_200/pair_13.jsonl.gz,990010e1275932a92bbb1a3815113e02dcd9f7b39b3c22d2a94d0871321ec190
test,continuous,benign_continuous,benign,200,14,1452719303974328239,12096775087322271447,1132403926586748409,f8879601b6c8ad43f88ef9194e1e87e00650741e147f371ee39153225806289a,31fe08c07a38555050aae74389430709ccd45539f382933954f4c2ddaed583ff,150,4331,4331,0,6.14466914188646,43.39466914188646,199.53333333333333,220.0,7.53933647313508,0.9520429821024241,0,150,150,150,150,150,0.0,1.0,1.0,1.0,1.0,1.0,raw_runs/test/benign_continuous/level_200/pair_14.jsonl.gz,8b0fbb4c3d45a79497914e6e8e1d061788fc08a558e098882ee5c8b49609d498
test,continuous,benign_continuous,benign,200,15,10545419444575691520,10913551492580424201,803718764076959005,a9927b588a2ec2a6b39e44784ed2fe1426df287b3bb1bbfd96632760e8c0c008,d19bece04b3994faa4f8f6cfe263112682bd4fb3e30a1d8623ffafaa983e8a9c,150,4435,4435,0,6.073601321081953,43.32360132108195,203.54,226.54999999999998,7.565384196939641,0.9503921290716145,0,150,150,150,150,150,0.0,1.0,1.0,1.0,1.0,1.0,raw_runs/test/benign_continuous/level_200/pair_15.jsonl.gz,1cc2fa834ec4fa893ba1973861f0f17fa72372fb7ce98aed37758b81c7bf5143
test,continuous,benign_continuous,benign,200,16,16924871886836409043,13164511343039614138,15326487511540441014,f767a8f2790af9280ab47a0b243094968b2357c9576455f4326817129f206a96,537cca99d3c0a12164076dac7cbfbead16af370e9e92d37a2fdb74b67b571115,150,4333,4333,0,6.008238262046109,43.258238262046106,200.18,219.54999999999998,7.55318946448233,0.9562751179480445,0,150,150,150,150,150,0.0,1.0,1.0,1.0,1.0,1.0,raw_runs/test/benign_continuous/level_200/pair_16.jsonl.gz,195589a86da3c9b3fbe739ba42a7156bc78da2f6fccbbafd30dec382238a9f93
test,continuous,benign_continuous,benign,200,17,16212361361642675651,6376889248889209352,17760100536263657150,a486b8ce83cf3cb6578feb352e02ba6035cf852b73f7a3eeafab147f60e41af2,ebbff000a2990e0fdd4517598a3a9d9f1786f81a18c5dae5cca8761a95bee1c3,150,4399,4399,0,6.1809025969794975,43.4309025969795,201.24,222.0,7.561359601929177,0.9562185845992709,0,150,150,150,150,150,0.0,1.0,1.0,1.0,1.0,1.0,raw_runs/test/benign_continuous/level_200/pair_17.jsonl.gz,6d805686ce60d0e3b4d88dc2b218af6315e269fc1d1a5f518533cbf12a298b32
test,continuous,benign_continuous,benign,200,18,1713736422933491290,17976316930641060919,15088844085135875294,98358c5fa1affa7cb1faceec57f6fd4ae686aad2c46f2bf757a1a3243f81a954,b0d92f748e3e0bd06c96343e43bc5512531cb450d79dc7ef9cdc0e2d8e41aab4,150,4448,4448,0,6.059943681230951,43.30994368123095,206.45333333333335,231.0,7.594453527731346,0.955116688547527,0,150,150,150,150,150,0.0,1.0,1.0,1.0,1.0,1.0,raw_runs/test/benign_continuous/level_200/pair_18.jsonl.gz,5438f56cdbb659700c06e9be37d719de90a7d5099a36bb9c57517816a29a0bfb
test,continuous,benign_continuous,benign,200,19,6259214419204108173,9442383015232684198,16983317316613811218,f9e8c9cdf891a10d632b7f8fdab9f5395764353a4ae0e877352fa2c3f181341d,655444c413b8670ae63f4e8ae8cdf31da5fab0d71edefa5431340ca85e9780f3,150,4268,4268,0,6.104248377780277,43.35424837778028,196.74666666666667,217.0,7.519784786891372,0.9518809758524177,0,150,150,150,150,150,0.0,1.0,1.0,1.0,1.0,1.0,raw_runs/test/benign_continuous/level_200/pair_19.jsonl.gz,7517d478e2be37552e8f7b457a323fb60ba984ef8a8a05b2b83cf8085b26e1d8
