scope,profile,attack_condition,benign_condition,level,metric,variant_or_feature,mean,ci95_lo,ci95_hi,ci90_lo,ci90_hi,n_pairs
test,continuous,attack_sweep_continuous,benign_continuous,24,benign_trigger,no_defense,0.0,0.0,0.0,0.0,0.0,20
test,continuous,attack_sweep_continuous,benign_continuous,24,attack_alert,no_defense,0.0,0.0,0.0,0.0,0.0,20
test,continuous,attack_sweep_continuous,benign_continuous,24,youden_j,no_defense,0.0,0.0,0.0,0.0,0.0,20
test,continuous,attack_sweep_continuous,benign_continuous,24,synthetic_tpr,no_defense,0.0,0.0,0.0,0.0,0.0,20
test,continuous,attack_sweep_continuous,benign_continuous,24,synthetic_fnr,no_defense,1.0,1.0,1.0,1.0,1.0,20
test,continuous,attack_sweep_continuous,benign_continuous,24,synthetic_fpr,no_defense,0.0,0.0,0.0,0.0,0.0,20
test,continuous,attack_sweep_continuous,benign_continuous,24,balanced_precision,no_defense,0.0,0.0,0.0,0.0,0.0,20
test,continuous,attack_sweep_continuous,benign_continuous,24,benign_trigger,legacy,1.0,1.0,1.0,1.0,1.0,20
test,continuous,attack_sweep_continuous,benign_continuous,24,attack_alert,legacy,1.0,1.0,1.0,1.0,1.0,20
test,continuous,attack_sweep_continuous,benign_continuous,24,youden_j,legacy,0.0,0.0,0.0,0.0,0.0,20
test,continuous,attack_sweep_continuous,benign_continuous,24,synthetic_tpr,legacy,1.0,1.0,1.0,1.0,1.0,20
test,continuous,attack_sweep_continuous,benign_continuous,24,synthetic_fnr,legacy,0.0,0.0,0.0,0.0,0.0,20
test,continuous,attack_sweep_continuous,benign_continuous,24,synthetic_fpr,legacy,1.0,1.0,1.0,1.0,1.0,20
test,continuous,attack_sweep_continuous,benign_continuous,24,balanced_precision,legacy,0.5,0.5,0.5,0.5,0.5,20
test,continuous,attack_sweep_continuous,benign_continuous,24,benign_trigger,combined,0.5096666666666667,0.47165833333333324,0.5460083333333332,0.4779999999999999,0.5409999999999999,20
test,continuous,attack_sweep_continuous,benign_continuous,24,attack_alert,combined,0.5096666666666667,0.4703333333333334,0.545,0.47766666666666663,0.5403333333333333,20
test,continuous,attack_sweep_continuous,benign_continuous,24,youden_j,combined,0.0,0.0,0.0,0.0,0.0,20
test,continuous,attack_sweep_continuous,benign_continuous,24,synthetic_tpr,combined,0.5096666666666667,0.472,0.5443416666666666,0.47766666666666663,0.5389999999999999,20
test,continuous,attack_sweep_continuous,benign_continuous,24,synthetic_fnr,combined,0.49033333333333334,0.45600000000000007,0.5290083333333333,0.46033333333333337,0.5229999999999999,20
test,continuous,attack_sweep_continuous,benign_continuous,24,synthetic_fpr,combined,0.5096666666666667,0.4703333333333333,0.5453333333333333,0.47666666666666657,0.5396666666666666,20
test,continuous,attack_sweep_continuous,benign_continuous,24,balanced_precision,combined,0.5,0.5,0.5,0.5,0.5,20
test,continuous,attack_sweep_continuous,benign_continuous,24,benign_trigger,volume,0.5096666666666667,0.471,0.5456666666666665,0.4773333333333333,0.5400166666666668,20
test,continuous,attack_sweep_continuous,benign_continuous,24,attack_alert,volume,0.5096666666666667,0.4713333333333334,0.546,0.47798333333333326,0.5406666666666666,20
test,continuous,attack_sweep_continuous,benign_continuous,24,youden_j,volume,0.0,0.0,0.0,0.0,0.0,20
test,continuous,attack_sweep_continuous,benign_continuous,24,synthetic_tpr,volume,0.5096666666666667,0.471,0.5453333333333333,0.47766666666666663,0.5399999999999999,20
test,continuous,attack_sweep_continuous,benign_continuous,24,synthetic_fnr,volume,0.49033333333333334,0.45599999999999996,0.5283333333333331,0.4606666666666667,0.5223333333333333,20
test,continuous,attack_sweep_continuous,benign_continuous,24,synthetic_fpr,volume,0.5096666666666667,0.4709999999999999,0.5456666666666667,0.47866666666666663,0.5399999999999999,20
test,continuous,attack_sweep_continuous,benign_continuous,24,balanced_precision,volume,0.5,0.5,0.5,0.5,0.5,20
test,continuous,attack_sweep_continuous,benign_continuous,24,benign_trigger,entropy,0.9503333333333334,0.9373333333333331,0.9636666666666664,0.9393333333333332,0.9616666666666666,20
test,continuous,attack_sweep_continuous,benign_continuous,24,attack_alert,entropy,0.9526666666666668,0.9396666666666667,0.9653333333333333,0.9416666666666667,0.9633333333333333,20
test,continuous,attack_sweep_continuous,benign_continuous,24,youden_j,entropy,0.0023333333333333483,-0.0003333333333333299,0.005333333333333362,5.551115123125783e-18,0.005000000000000016,20
test,continuous,attack_sweep_continuous,benign_continuous,24,synthetic_tpr,entropy,0.9526666666666668,0.9393333333333332,0.9656666666666667,0.9413333333333334,0.9636666666666667,20
test,continuous,attack_sweep_continuous,benign_continuous,24,synthetic_fnr,entropy,0.04733333333333332,0.03433333333333331,0.060999999999999985,0.036333333333333315,0.058999999999999976,20
test,continuous,attack_sweep_continuous,benign_continuous,24,synthetic_fpr,entropy,0.9503333333333334,0.9373249999999999,0.9630083333333335,0.9390000000000001,0.9613333333333334,20
test,continuous,attack_sweep_continuous,benign_continuous,24,balanced_precision,entropy,0.5006205069155769,0.4999122995418099,0.501410579501269,0.5000048904538341,0.5013134672112981,20
test,continuous,attack_sweep_continuous,benign_continuous,24,benign_trigger,unique,1.0,1.0,1.0,1.0,1.0,20
test,continuous,attack_sweep_continuous,benign_continuous,24,attack_alert,unique,1.0,1.0,1.0,1.0,1.0,20
test,continuous,attack_sweep_continuous,benign_continuous,24,youden_j,unique,0.0,0.0,0.0,0.0,0.0,20
test,continuous,attack_sweep_continuous,benign_continuous,24,synthetic_tpr,unique,1.0,1.0,1.0,1.0,1.0,20
test,continuous,attack_sweep_continuous,benign_continuous,24,synthetic_fnr,unique,0.0,0.0,0.0,0.0,0.0,20
test,continuous,attack_sweep_continuous,benign_continuous,24,synthetic_fpr,unique,1.0,1.0,1.0,1.0,1.0,20
test,continuous,attack_sweep_continuous,benign_continuous,24,balanced_precision,unique,0.5,0.5,0.5,0.5,0.5,20
test,continuous,attack_sweep_continuous,benign_continuous,24,delta_j_combined_minus_legacy,combined-minus-legacy,0.0,0.0,0.0,0.0,0.0,20
test,continuous,attack_sweep_continuous,benign_continuous,24,delta_j_combined_minus_volume,combined-minus-volume,0.0,0.0,0.0,0.0,0.0,20
test,continuous,attack_sweep_continuous,benign_continuous,24,delta_j_combined_minus_entropy,combined-minus-entropy,-0.0023333333333333483,-0.005333333333333357,0.0006666666666666433,-0.0046666666666666965,-5.551115123125783e-18,20
test,continuous,attack_sweep_continuous,benign_continuous,24,delta_j_combined_minus_unique,combined-minus-unique,0.0,0.0,0.0,0.0,0.0,20
test,continuous,attack_sweep_continuous,benign_continuous,24,auprc_high_is_suspicious,volume,0.5,0.5,0.5,0.5,0.5,20
test,continuous,attack_sweep_continuous,benign_continuous,24,auprc_high_is_suspicious,entropy,0.513981687145164,0.5099921273719231,0.5181704401149002,0.5106006863501161,0.517469006585798,20
test,continuous,attack_sweep_continuous,benign_continuous,24,auprc_high_is_suspicious,unique_ratio,0.5301506460732665,0.522604558434268,0.5383037667539946,0.5237490304740483,0.5370789566110752,20
test,continuous,attack_sweep_continuous,benign_continuous,24,validation_locked_test_attack_alert_rate,volume,0.9690000000000001,0.9573333333333334,0.9800000000000002,0.9593166666666665,0.9783333333333335,20
test,continuous,attack_sweep_continuous,benign_continuous,24,validation_locked_test_benign_trigger_rate,volume,0.9690000000000001,0.9570000000000001,0.9800000000000001,0.9590000000000002,0.9783333333333333,20
test,continuous,attack_sweep_continuous,benign_continuous,24,validation_locked_test_balanced_precision,volume,0.5,0.5,0.5,0.5,0.5,20
test,continuous,attack_sweep_continuous,benign_continuous,24,validation_locked_test_attack_alert_rate,entropy,0.9680000000000002,0.9563333333333333,0.9790000000000001,0.9583333333333334,0.9776666666666666,20
test,continuous,attack_sweep_continuous,benign_continuous,24,validation_locked_test_benign_trigger_rate,entropy,0.9670000000000002,0.9556666666666667,0.9776666666666667,0.9573333333333334,0.9760000000000002,20
test,continuous,attack_sweep_continuous,benign_continuous,24,validation_locked_test_balanced_precision,entropy,0.5002571693560698,0.4997440390297533,0.5007714806406158,0.49982993197278913,0.5006849911518991,20
test,continuous,attack_sweep_continuous,benign_continuous,24,validation_locked_test_attack_alert_rate,unique_ratio,0.9726666666666668,0.9626666666666667,0.982,0.9643333333333333,0.9806666666666667,20
test,continuous,attack_sweep_continuous,benign_continuous,24,validation_locked_test_benign_trigger_rate,unique_ratio,0.8626666666666667,0.8356666666666668,0.8886666666666667,0.8400000000000001,0.8843333333333334,20
test,continuous,attack_sweep_continuous,benign_continuous,24,validation_locked_test_balanced_precision,unique_ratio,0.5304695037047209,0.5229658483367466,0.5386211730961187,0.524093979782171,0.5372491126609455,20
test,continuous,attack_sweep_continuous,benign_continuous,60,benign_trigger,no_defense,0.0,0.0,0.0,0.0,0.0,20
test,continuous,attack_sweep_continuous,benign_continuous,60,attack_alert,no_defense,0.0,0.0,0.0,0.0,0.0,20
test,continuous,attack_sweep_continuous,benign_continuous,60,youden_j,no_defense,0.0,0.0,0.0,0.0,0.0,20
test,continuous,attack_sweep_continuous,benign_continuous,60,synthetic_tpr,no_defense,0.0,0.0,0.0,0.0,0.0,20
test,continuous,attack_sweep_continuous,benign_continuous,60,synthetic_fnr,no_defense,1.0,1.0,1.0,1.0,1.0,20
test,continuous,attack_sweep_continuous,benign_continuous,60,synthetic_fpr,no_defense,0.0,0.0,0.0,0.0,0.0,20
test,continuous,attack_sweep_continuous,benign_continuous,60,balanced_precision,no_defense,0.0,0.0,0.0,0.0,0.0,20
test,continuous,attack_sweep_continuous,benign_continuous,60,benign_trigger,legacy,1.0,1.0,1.0,1.0,1.0,20
test,continuous,attack_sweep_continuous,benign_continuous,60,attack_alert,legacy,1.0,1.0,1.0,1.0,1.0,20
test,continuous,attack_sweep_continuous,benign_continuous,60,youden_j,legacy,0.0,0.0,0.0,0.0,0.0,20
test,continuous,attack_sweep_continuous,benign_continuous,60,synthetic_tpr,legacy,1.0,1.0,1.0,1.0,1.0,20
test,continuous,attack_sweep_continuous,benign_continuous,60,synthetic_fnr,legacy,0.0,0.0,0.0,0.0,0.0,20
test,continuous,attack_sweep_continuous,benign_continuous,60,synthetic_fpr,legacy,1.0,1.0,1.0,1.0,1.0,20
test,continuous,attack_sweep_continuous,benign_continuous,60,balanced_precision,legacy,0.5,0.5,0.5,0.5,0.5,20
test,continuous,attack_sweep_continuous,benign_continuous,60,benign_trigger,combined,1.0,1.0,1.0,1.0,1.0,20
test,continuous,attack_sweep_continuous,benign_continuous,60,attack_alert,combined,1.0,1.0,1.0,1.0,1.0,20
test,continuous,attack_sweep_continuous,benign_continuous,60,youden_j,combined,0.0,0.0,0.0,0.0,0.0,20
test,continuous,attack_sweep_continuous,benign_continuous,60,synthetic_tpr,combined,1.0,1.0,1.0,1.0,1.0,20
test,continuous,attack_sweep_continuous,benign_continuous,60,synthetic_fnr,combined,0.0,0.0,0.0,0.0,0.0,20
test,continuous,attack_sweep_continuous,benign_continuous,60,synthetic_fpr,combined,1.0,1.0,1.0,1.0,1.0,20
test,continuous,attack_sweep_continuous,benign_continuous,60,balanced_precision,combined,0.5,0.5,0.5,0.5,0.5,20
test,continuous,attack_sweep_continuous,benign_continuous,60,benign_trigger,volume,1.0,1.0,1.0,1.0,1.0,20
test,continuous,attack_sweep_continuous,benign_continuous,60,attack_alert,volume,1.0,1.0,1.0,1.0,1.0,20
test,continuous,attack_sweep_continuous,benign_continuous,60,youden_j,volume,0.0,0.0,0.0,0.0,0.0,20
test,continuous,attack_sweep_continuous,benign_continuous,60,synthetic_tpr,volume,1.0,1.0,1.0,1.0,1.0,20
test,continuous,attack_sweep_continuous,benign_continuous,60,synthetic_fnr,volume,0.0,0.0,0.0,0.0,0.0,20
test,continuous,attack_sweep_continuous,benign_continuous,60,synthetic_fpr,volume,1.0,1.0,1.0,1.0,1.0,20
test,continuous,attack_sweep_continuous,benign_continuous,60,balanced_precision,volume,0.5,0.5,0.5,0.5,0.5,20
test,continuous,attack_sweep_continuous,benign_continuous,60,benign_trigger,entropy,1.0,1.0,1.0,1.0,1.0,20
test,continuous,attack_sweep_continuous,benign_continuous,60,attack_alert,entropy,1.0,1.0,1.0,1.0,1.0,20
test,continuous,attack_sweep_continuous,benign_continuous,60,youden_j,entropy,0.0,0.0,0.0,0.0,0.0,20
test,continuous,attack_sweep_continuous,benign_continuous,60,synthetic_tpr,entropy,1.0,1.0,1.0,1.0,1.0,20
test,continuous,attack_sweep_continuous,benign_continuous,60,synthetic_fnr,entropy,0.0,0.0,0.0,0.0,0.0,20
test,continuous,attack_sweep_continuous,benign_continuous,60,synthetic_fpr,entropy,1.0,1.0,1.0,1.0,1.0,20
test,continuous,attack_sweep_continuous,benign_continuous,60,balanced_precision,entropy,0.5,0.5,0.5,0.5,0.5,20
test,continuous,attack_sweep_continuous,benign_continuous,60,benign_trigger,unique,1.0,1.0,1.0,1.0,1.0,20
test,continuous,attack_sweep_continuous,benign_continuous,60,attack_alert,unique,1.0,1.0,1.0,1.0,1.0,20
test,continuous,attack_sweep_continuous,benign_continuous,60,youden_j,unique,0.0,0.0,0.0,0.0,0.0,20
test,continuous,attack_sweep_continuous,benign_continuous,60,synthetic_tpr,unique,1.0,1.0,1.0,1.0,1.0,20
test,continuous,attack_sweep_continuous,benign_continuous,60,synthetic_fnr,unique,0.0,0.0,0.0,0.0,0.0,20
test,continuous,attack_sweep_continuous,benign_continuous,60,synthetic_fpr,unique,1.0,1.0,1.0,1.0,1.0,20
test,continuous,attack_sweep_continuous,benign_continuous,60,balanced_precision,unique,0.5,0.5,0.5,0.5,0.5,20
test,continuous,attack_sweep_continuous,benign_continuous,60,delta_j_combined_minus_legacy,combined-minus-legacy,0.0,0.0,0.0,0.0,0.0,20
test,continuous,attack_sweep_continuous,benign_continuous,60,delta_j_combined_minus_volume,combined-minus-volume,0.0,0.0,0.0,0.0,0.0,20
test,continuous,attack_sweep_continuous,benign_continuous,60,delta_j_combined_minus_entropy,combined-minus-entropy,0.0,0.0,0.0,0.0,0.0,20
test,continuous,attack_sweep_continuous,benign_continuous,60,delta_j_combined_minus_unique,combined-minus-unique,0.0,0.0,0.0,0.0,0.0,20
test,continuous,attack_sweep_continuous,benign_continuous,60,auprc_high_is_suspicious,volume,0.5,0.5,0.5,0.5,0.5,20
test,continuous,attack_sweep_continuous,benign_continuous,60,auprc_high_is_suspicious,entropy,0.5498855386698749,0.5438030294529111,0.5560629110487922,0.5447426046175602,0.5549763248167439,20
test,continuous,attack_sweep_continuous,benign_continuous,60,auprc_high_is_suspicious,unique_ratio,0.6655159788362206,0.6474245026282328,0.6837721609989897,0.6502538446181918,0.6810537937787517,20
test,continuous,attack_sweep_continuous,benign_continuous,60,validation_locked_test_attack_alert_rate,volume,0.9626666666666666,0.9516666666666668,0.972333333333333,0.9536666666666666,0.9706666666666667,20
test,continuous,attack_sweep_continuous,benign_continuous,60,validation_locked_test_benign_trigger_rate,volume,0.9626666666666666,0.9520000000000002,0.9723333333333333,0.954,0.9709999999999999,20
test,continuous,attack_sweep_continuous,benign_continuous,60,validation_locked_test_balanced_precision,volume,0.5,0.5,0.5,0.5,0.5,20
test,continuous,attack_sweep_continuous,benign_continuous,60,validation_locked_test_attack_alert_rate,entropy,0.9603333333333334,0.9493333333333334,0.9703333333333332,0.9516666666666665,0.9686666666666668,20
test,continuous,attack_sweep_continuous,benign_continuous,60,validation_locked_test_benign_trigger_rate,entropy,0.944,0.9289999999999999,0.9569999999999999,0.9316666666666664,0.9553333333333333,20
test,continuous,attack_sweep_continuous,benign_continuous,60,validation_locked_test_balanced_precision,entropy,0.504355963324341,0.5027042327766438,0.5060500838211163,0.5029708736554039,0.5057403898802616,20
test,continuous,attack_sweep_continuous,benign_continuous,60,validation_locked_test_attack_alert_rate,unique_ratio,0.9390000000000001,0.924,0.9533333333333331,0.9263333333333333,0.951,20
test,continuous,attack_sweep_continuous,benign_continuous,60,validation_locked_test_benign_trigger_rate,unique_ratio,0.6053333333333333,0.5670000000000001,0.6419999999999999,0.5730000000000001,0.6363333333333332,20
test,continuous,attack_sweep_continuous,benign_continuous,60,validation_locked_test_balanced_precision,unique_ratio,0.6097685098589024,0.59453050036036,0.6263032054669764,0.5968868221226646,0.6234641706627003,20
test,continuous,attack_sweep_continuous,benign_continuous,120,benign_trigger,no_defense,0.0,0.0,0.0,0.0,0.0,20
test,continuous,attack_sweep_continuous,benign_continuous,120,attack_alert,no_defense,0.0,0.0,0.0,0.0,0.0,20
test,continuous,attack_sweep_continuous,benign_continuous,120,youden_j,no_defense,0.0,0.0,0.0,0.0,0.0,20
test,continuous,attack_sweep_continuous,benign_continuous,120,synthetic_tpr,no_defense,0.0,0.0,0.0,0.0,0.0,20
test,continuous,attack_sweep_continuous,benign_continuous,120,synthetic_fnr,no_defense,1.0,1.0,1.0,1.0,1.0,20
test,continuous,attack_sweep_continuous,benign_continuous,120,synthetic_fpr,no_defense,0.0,0.0,0.0,0.0,0.0,20
test,continuous,attack_sweep_continuous,benign_continuous,120,balanced_precision,no_defense,0.0,0.0,0.0,0.0,0.0,20
test,continuous,attack_sweep_continuous,benign_continuous,120,benign_trigger,legacy,1.0,1.0,1.0,1.0,1.0,20
test,continuous,attack_sweep_continuous,benign_continuous,120,attack_alert,legacy,1.0,1.0,1.0,1.0,1.0,20
test,continuous,attack_sweep_continuous,benign_continuous,120,youden_j,legacy,0.0,0.0,0.0,0.0,0.0,20
test,continuous,attack_sweep_continuous,benign_continuous,120,synthetic_tpr,legacy,1.0,1.0,1.0,1.0,1.0,20
test,continuous,attack_sweep_continuous,benign_continuous,120,synthetic_fnr,legacy,0.0,0.0,0.0,0.0,0.0,20
test,continuous,attack_sweep_continuous,benign_continuous,120,synthetic_fpr,legacy,1.0,1.0,1.0,1.0,1.0,20
test,continuous,attack_sweep_continuous,benign_continuous,120,balanced_precision,legacy,0.5,0.5,0.5,0.5,0.5,20
test,continuous,attack_sweep_continuous,benign_continuous,120,benign_trigger,combined,1.0,1.0,1.0,1.0,1.0,20
test,continuous,attack_sweep_continuous,benign_continuous,120,attack_alert,combined,1.0,1.0,1.0,1.0,1.0,20
test,continuous,attack_sweep_continuous,benign_continuous,120,youden_j,combined,0.0,0.0,0.0,0.0,0.0,20
test,continuous,attack_sweep_continuous,benign_continuous,120,synthetic_tpr,combined,1.0,1.0,1.0,1.0,1.0,20
test,continuous,attack_sweep_continuous,benign_continuous,120,synthetic_fnr,combined,0.0,0.0,0.0,0.0,0.0,20
test,continuous,attack_sweep_continuous,benign_continuous,120,synthetic_fpr,combined,1.0,1.0,1.0,1.0,1.0,20
test,continuous,attack_sweep_continuous,benign_continuous,120,balanced_precision,combined,0.5,0.5,0.5,0.5,0.5,20
test,continuous,attack_sweep_continuous,benign_continuous,120,benign_trigger,volume,1.0,1.0,1.0,1.0,1.0,20
test,continuous,attack_sweep_continuous,benign_continuous,120,attack_alert,volume,1.0,1.0,1.0,1.0,1.0,20
test,continuous,attack_sweep_continuous,benign_continuous,120,youden_j,volume,0.0,0.0,0.0,0.0,0.0,20
test,continuous,attack_sweep_continuous,benign_continuous,120,synthetic_tpr,volume,1.0,1.0,1.0,1.0,1.0,20
test,continuous,attack_sweep_continuous,benign_continuous,120,synthetic_fnr,volume,0.0,0.0,0.0,0.0,0.0,20
test,continuous,attack_sweep_continuous,benign_continuous,120,synthetic_fpr,volume,1.0,1.0,1.0,1.0,1.0,20
test,continuous,attack_sweep_continuous,benign_continuous,120,balanced_precision,volume,0.5,0.5,0.5,0.5,0.5,20
test,continuous,attack_sweep_continuous,benign_continuous,120,benign_trigger,entropy,1.0,1.0,1.0,1.0,1.0,20
test,continuous,attack_sweep_continuous,benign_continuous,120,attack_alert,entropy,1.0,1.0,1.0,1.0,1.0,20
test,continuous,attack_sweep_continuous,benign_continuous,120,youden_j,entropy,0.0,0.0,0.0,0.0,0.0,20
test,continuous,attack_sweep_continuous,benign_continuous,120,synthetic_tpr,entropy,1.0,1.0,1.0,1.0,1.0,20
test,continuous,attack_sweep_continuous,benign_continuous,120,synthetic_fnr,entropy,0.0,0.0,0.0,0.0,0.0,20
test,continuous,attack_sweep_continuous,benign_continuous,120,synthetic_fpr,entropy,1.0,1.0,1.0,1.0,1.0,20
test,continuous,attack_sweep_continuous,benign_continuous,120,balanced_precision,entropy,0.5,0.5,0.5,0.5,0.5,20
test,continuous,attack_sweep_continuous,benign_continuous,120,benign_trigger,unique,1.0,1.0,1.0,1.0,1.0,20
test,continuous,attack_sweep_continuous,benign_continuous,120,attack_alert,unique,1.0,1.0,1.0,1.0,1.0,20
test,continuous,attack_sweep_continuous,benign_continuous,120,youden_j,unique,0.0,0.0,0.0,0.0,0.0,20
test,continuous,attack_sweep_continuous,benign_continuous,120,synthetic_tpr,unique,1.0,1.0,1.0,1.0,1.0,20
test,continuous,attack_sweep_continuous,benign_continuous,120,synthetic_fnr,unique,0.0,0.0,0.0,0.0,0.0,20
test,continuous,attack_sweep_continuous,benign_continuous,120,synthetic_fpr,unique,1.0,1.0,1.0,1.0,1.0,20
test,continuous,attack_sweep_continuous,benign_continuous,120,balanced_precision,unique,0.5,0.5,0.5,0.5,0.5,20
test,continuous,attack_sweep_continuous,benign_continuous,120,delta_j_combined_minus_legacy,combined-minus-legacy,0.0,0.0,0.0,0.0,0.0,20
test,continuous,attack_sweep_continuous,benign_continuous,120,delta_j_combined_minus_volume,combined-minus-volume,0.0,0.0,0.0,0.0,0.0,20
test,continuous,attack_sweep_continuous,benign_continuous,120,delta_j_combined_minus_entropy,combined-minus-entropy,0.0,0.0,0.0,0.0,0.0,20
test,continuous,attack_sweep_continuous,benign_continuous,120,delta_j_combined_minus_unique,combined-minus-unique,0.0,0.0,0.0,0.0,0.0,20
test,continuous,attack_sweep_continuous,benign_continuous,120,auprc_high_is_suspicious,volume,0.5,0.5,0.5,0.5,0.5,20
test,continuous,attack_sweep_continuous,benign_continuous,120,auprc_high_is_suspicious,entropy,0.6176687519906685,0.6083100384007835,0.6280357296745546,0.6097339740069249,0.6263073741496352,20
test,continuous,attack_sweep_continuous,benign_continuous,120,auprc_high_is_suspicious,unique_ratio,0.887936427450204,0.8684075918226538,0.9059648661640795,0.8718679120488335,0.9030877764686684,20
test,continuous,attack_sweep_continuous,benign_continuous,120,validation_locked_test_attack_alert_rate,volume,0.9536666666666667,0.942,0.9646666666666667,0.944,0.9630000000000001,20
test,continuous,attack_sweep_continuous,benign_continuous,120,validation_locked_test_benign_trigger_rate,volume,0.9536666666666667,0.9423333333333334,0.9643333333333335,0.9440000000000003,0.9629999999999999,20
test,continuous,attack_sweep_continuous,benign_continuous,120,validation_locked_test_balanced_precision,volume,0.5,0.5,0.5,0.5,0.5,20
test,continuous,attack_sweep_continuous,benign_continuous,120,validation_locked_test_attack_alert_rate,entropy,0.9446666666666668,0.9323333333333335,0.9570000000000002,0.9343333333333332,0.9553333333333333,20
test,continuous,attack_sweep_continuous,benign_continuous,120,validation_locked_test_benign_trigger_rate,entropy,0.891,0.873,0.9093333333333333,0.876,0.9063500000000001,20
test,continuous,attack_sweep_continuous,benign_continuous,120,validation_locked_test_balanced_precision,entropy,0.5147589297617189,0.5121716836340675,0.5173287029729612,0.5125654662319075,0.5169277044630636,20
test,continuous,attack_sweep_continuous,benign_continuous,120,validation_locked_test_attack_alert_rate,unique_ratio,0.9273333333333333,0.9156666666666664,0.9390000000000001,0.9173333333333333,0.9373333333333334,20
test,continuous,attack_sweep_continuous,benign_continuous,120,validation_locked_test_benign_trigger_rate,unique_ratio,0.26933333333333337,0.24533333333333332,0.29333333333333333,0.24900000000000003,0.28900000000000003,20
test,continuous,attack_sweep_continuous,benign_continuous,120,validation_locked_test_balanced_precision,unique_ratio,0.7765643320853757,0.7610980037497697,0.7920058806905742,0.7635895018734057,0.7897221752612754,20
test,continuous,attack_sweep_continuous,benign_continuous,200,benign_trigger,no_defense,0.0,0.0,0.0,0.0,0.0,20
test,continuous,attack_sweep_continuous,benign_continuous,200,attack_alert,no_defense,0.0,0.0,0.0,0.0,0.0,20
test,continuous,attack_sweep_continuous,benign_continuous,200,youden_j,no_defense,0.0,0.0,0.0,0.0,0.0,20
test,continuous,attack_sweep_continuous,benign_continuous,200,synthetic_tpr,no_defense,0.0,0.0,0.0,0.0,0.0,20
test,continuous,attack_sweep_continuous,benign_continuous,200,synthetic_fnr,no_defense,1.0,1.0,1.0,1.0,1.0,20
test,continuous,attack_sweep_continuous,benign_continuous,200,synthetic_fpr,no_defense,0.0,0.0,0.0,0.0,0.0,20
test,continuous,attack_sweep_continuous,benign_continuous,200,balanced_precision,no_defense,0.0,0.0,0.0,0.0,0.0,20
test,continuous,attack_sweep_continuous,benign_continuous,200,benign_trigger,legacy,1.0,1.0,1.0,1.0,1.0,20
test,continuous,attack_sweep_continuous,benign_continuous,200,attack_alert,legacy,1.0,1.0,1.0,1.0,1.0,20
test,continuous,attack_sweep_continuous,benign_continuous,200,youden_j,legacy,0.0,0.0,0.0,0.0,0.0,20
test,continuous,attack_sweep_continuous,benign_continuous,200,synthetic_tpr,legacy,1.0,1.0,1.0,1.0,1.0,20
test,continuous,attack_sweep_continuous,benign_continuous,200,synthetic_fnr,legacy,0.0,0.0,0.0,0.0,0.0,20
test,continuous,attack_sweep_continuous,benign_continuous,200,synthetic_fpr,legacy,1.0,1.0,1.0,1.0,1.0,20
test,continuous,attack_sweep_continuous,benign_continuous,200,balanced_precision,legacy,0.5,0.5,0.5,0.5,0.5,20
test,continuous,attack_sweep_continuous,benign_continuous,200,benign_trigger,combined,1.0,1.0,1.0,1.0,1.0,20
test,continuous,attack_sweep_continuous,benign_continuous,200,attack_alert,combined,1.0,1.0,1.0,1.0,1.0,20
test,continuous,attack_sweep_continuous,benign_continuous,200,youden_j,combined,0.0,0.0,0.0,0.0,0.0,20
test,continuous,attack_sweep_continuous,benign_continuous,200,synthetic_tpr,combined,1.0,1.0,1.0,1.0,1.0,20
test,continuous,attack_sweep_continuous,benign_continuous,200,synthetic_fnr,combined,0.0,0.0,0.0,0.0,0.0,20
test,continuous,attack_sweep_continuous,benign_continuous,200,synthetic_fpr,combined,1.0,1.0,1.0,1.0,1.0,20
test,continuous,attack_sweep_continuous,benign_continuous,200,balanced_precision,combined,0.5,0.5,0.5,0.5,0.5,20
test,continuous,attack_sweep_continuous,benign_continuous,200,benign_trigger,volume,1.0,1.0,1.0,1.0,1.0,20
test,continuous,attack_sweep_continuous,benign_continuous,200,attack_alert,volume,1.0,1.0,1.0,1.0,1.0,20
test,continuous,attack_sweep_continuous,benign_continuous,200,youden_j,volume,0.0,0.0,0.0,0.0,0.0,20
test,continuous,attack_sweep_continuous,benign_continuous,200,synthetic_tpr,volume,1.0,1.0,1.0,1.0,1.0,20
test,continuous,attack_sweep_continuous,benign_continuous,200,synthetic_fnr,volume,0.0,0.0,0.0,0.0,0.0,20
test,continuous,attack_sweep_continuous,benign_continuous,200,synthetic_fpr,volume,1.0,1.0,1.0,1.0,1.0,20
test,continuous,attack_sweep_continuous,benign_continuous,200,balanced_precision,volume,0.5,0.5,0.5,0.5,0.5,20
test,continuous,attack_sweep_continuous,benign_continuous,200,benign_trigger,entropy,1.0,1.0,1.0,1.0,1.0,20
test,continuous,attack_sweep_continuous,benign_continuous,200,attack_alert,entropy,1.0,1.0,1.0,1.0,1.0,20
test,continuous,attack_sweep_continuous,benign_continuous,200,youden_j,entropy,0.0,0.0,0.0,0.0,0.0,20
test,continuous,attack_sweep_continuous,benign_continuous,200,synthetic_tpr,entropy,1.0,1.0,1.0,1.0,1.0,20
test,continuous,attack_sweep_continuous,benign_continuous,200,synthetic_fnr,entropy,0.0,0.0,0.0,0.0,0.0,20
test,continuous,attack_sweep_continuous,benign_continuous,200,synthetic_fpr,entropy,1.0,1.0,1.0,1.0,1.0,20
test,continuous,attack_sweep_continuous,benign_continuous,200,balanced_precision,entropy,0.5,0.5,0.5,0.5,0.5,20
test,continuous,attack_sweep_continuous,benign_continuous,200,benign_trigger,unique,1.0,1.0,1.0,1.0,1.0,20
test,continuous,attack_sweep_continuous,benign_continuous,200,attack_alert,unique,1.0,1.0,1.0,1.0,1.0,20
test,continuous,attack_sweep_continuous,benign_continuous,200,youden_j,unique,0.0,0.0,0.0,0.0,0.0,20
test,continuous,attack_sweep_continuous,benign_continuous,200,synthetic_tpr,unique,1.0,1.0,1.0,1.0,1.0,20
test,continuous,attack_sweep_continuous,benign_continuous,200,synthetic_fnr,unique,0.0,0.0,0.0,0.0,0.0,20
test,continuous,attack_sweep_continuous,benign_continuous,200,synthetic_fpr,unique,1.0,1.0,1.0,1.0,1.0,20
test,continuous,attack_sweep_continuous,benign_continuous,200,balanced_precision,unique,0.5,0.5,0.5,0.5,0.5,20
test,continuous,attack_sweep_continuous,benign_continuous,200,delta_j_combined_minus_legacy,combined-minus-legacy,0.0,0.0,0.0,0.0,0.0,20
test,continuous,attack_sweep_continuous,benign_continuous,200,delta_j_combined_minus_volume,combined-minus-volume,0.0,0.0,0.0,0.0,0.0,20
test,continuous,attack_sweep_continuous,benign_continuous,200,delta_j_combined_minus_entropy,combined-minus-entropy,0.0,0.0,0.0,0.0,0.0,20
test,continuous,attack_sweep_continuous,benign_continuous,200,delta_j_combined_minus_unique,combined-minus-unique,0.0,0.0,0.0,0.0,0.0,20
test,continuous,attack_sweep_continuous,benign_continuous,200,auprc_high_is_suspicious,volume,0.5,0.5,0.5,0.5,0.5,20
test,continuous,attack_sweep_continuous,benign_continuous,200,auprc_high_is_suspicious,entropy,0.725785879982502,0.7142809301136476,0.7381241551064539,0.716017719581877,0.7358983927099173,20
test,continuous,attack_sweep_continuous,benign_continuous,200,auprc_high_is_suspicious,unique_ratio,0.9923220086262367,0.9898702433607105,0.99456440990969,0.9902443638104587,0.9942354912406338,20
test,continuous,attack_sweep_continuous,benign_continuous,200,validation_locked_test_attack_alert_rate,volume,0.9570000000000001,0.9450000000000001,0.9673333333333332,0.9470000000000001,0.9656666666666667,20
test,continuous,attack_sweep_continuous,benign_continuous,200,validation_locked_test_benign_trigger_rate,volume,0.9570000000000001,0.9456666666666667,0.9673333333333334,0.9476666666666667,0.966,20
test,continuous,attack_sweep_continuous,benign_continuous,200,validation_locked_test_balanced_precision,volume,0.5,0.5,0.5,0.5,0.5,20
test,continuous,attack_sweep_continuous,benign_continuous,200,validation_locked_test_attack_alert_rate,entropy,0.958333333333333,0.9456666666666665,0.9696666666666666,0.9476666666666664,0.968,20
test,continuous,attack_sweep_continuous,benign_continuous,200,validation_locked_test_benign_trigger_rate,entropy,0.8506666666666666,0.8256666666666668,0.8756666666666666,0.8300000000000001,0.8713333333333335,20
test,continuous,attack_sweep_continuous,benign_continuous,200,validation_locked_test_balanced_precision,entropy,0.5301842371061994,0.5246327700163953,0.5357051486804896,0.5255230601587644,0.5349007080423129,20
test,continuous,attack_sweep_continuous,benign_continuous,200,validation_locked_test_attack_alert_rate,unique_ratio,0.9803333333333333,0.9729999999999999,0.9866666666666667,0.9743333333333333,0.986,20
test,continuous,attack_sweep_continuous,benign_continuous,200,validation_locked_test_benign_trigger_rate,unique_ratio,0.05300000000000001,0.04065833333333334,0.06633333333333333,0.042,0.06433333333333333,20
test,continuous,attack_sweep_continuous,benign_continuous,200,validation_locked_test_balanced_precision,unique_ratio,0.9496482777193809,0.9378498008009122,0.9611703364218377,0.9396993100523532,0.9595478486423381,20
test,continuous,attack_random_continuous,benign_continuous,24,benign_trigger,no_defense,0.0,0.0,0.0,0.0,0.0,20
test,continuous,attack_random_continuous,benign_continuous,24,attack_alert,no_defense,0.0,0.0,0.0,0.0,0.0,20
test,continuous,attack_random_continuous,benign_continuous,24,youden_j,no_defense,0.0,0.0,0.0,0.0,0.0,20
test,continuous,attack_random_continuous,benign_continuous,24,synthetic_tpr,no_defense,0.0,0.0,0.0,0.0,0.0,20
test,continuous,attack_random_continuous,benign_continuous,24,synthetic_fnr,no_defense,1.0,1.0,1.0,1.0,1.0,20
test,continuous,attack_random_continuous,benign_continuous,24,synthetic_fpr,no_defense,0.0,0.0,0.0,0.0,0.0,20
test,continuous,attack_random_continuous,benign_continuous,24,balanced_precision,no_defense,0.0,0.0,0.0,0.0,0.0,20
test,continuous,attack_random_continuous,benign_continuous,24,benign_trigger,legacy,1.0,1.0,1.0,1.0,1.0,20
test,continuous,attack_random_continuous,benign_continuous,24,attack_alert,legacy,1.0,1.0,1.0,1.0,1.0,20
test,continuous,attack_random_continuous,benign_continuous,24,youden_j,legacy,0.0,0.0,0.0,0.0,0.0,20
test,continuous,attack_random_continuous,benign_continuous,24,synthetic_tpr,legacy,1.0,1.0,1.0,1.0,1.0,20
test,continuous,attack_random_continuous,benign_continuous,24,synthetic_fnr,legacy,0.0,0.0,0.0,0.0,0.0,20
test,continuous,attack_random_continuous,benign_continuous,24,synthetic_fpr,legacy,1.0,1.0,1.0,1.0,1.0,20
test,continuous,attack_random_continuous,benign_continuous,24,balanced_precision,legacy,0.5,0.5,0.5,0.5,0.5,20
test,continuous,attack_random_continuous,benign_continuous,24,benign_trigger,combined,0.5096666666666667,0.4706583333333332,0.5453333333333333,0.47733333333333333,0.5403333333333333,20
test,continuous,attack_random_continuous,benign_continuous,24,attack_alert,combined,0.5096666666666667,0.472,0.5453333333333332,0.47800000000000004,0.5403333333333333,20
test,continuous,attack_random_continuous,benign_continuous,24,youden_j,combined,0.0,0.0,0.0,0.0,0.0,20
test,continuous,attack_random_continuous,benign_continuous,24,synthetic_tpr,combined,0.5096666666666667,0.47166666666666657,0.5453333333333334,0.47733333333333333,0.5406666666666666,20
test,continuous,attack_random_continuous,benign_continuous,24,synthetic_fnr,combined,0.49033333333333334,0.4549999999999999,0.5290083333333333,0.46033333333333337,0.5216666666666667,20
test,continuous,attack_random_continuous,benign_continuous,24,synthetic_fpr,combined,0.5096666666666667,0.4723333333333334,0.5459999999999999,0.47833333333333333,0.5403333333333333,20
test,continuous,attack_random_continuous,benign_continuous,24,balanced_precision,combined,0.5,0.5,0.5,0.5,0.5,20
test,continuous,attack_random_continuous,benign_continuous,24,benign_trigger,volume,0.5096666666666667,0.47133333333333327,0.5463333333333333,0.47733333333333333,0.5413333333333333,20
test,continuous,attack_random_continuous,benign_continuous,24,attack_alert,volume,0.5096666666666667,0.471,0.5449999999999999,0.4766666666666667,0.5396666666666666,20
test,continuous,attack_random_continuous,benign_continuous,24,youden_j,volume,0.0,0.0,0.0,0.0,0.0,20
test,continuous,attack_random_continuous,benign_continuous,24,synthetic_tpr,volume,0.5096666666666667,0.4709916666666666,0.545,0.47666666666666674,0.5396666666666667,20
test,continuous,attack_random_continuous,benign_continuous,24,synthetic_fnr,volume,0.49033333333333334,0.4543333333333333,0.529,0.45933333333333326,0.5219999999999999,20
test,continuous,attack_random_continuous,benign_continuous,24,synthetic_fpr,volume,0.5096666666666667,0.471,0.5450083333333333,0.47700000000000004,0.54,20
test,continuous,attack_random_continuous,benign_continuous,24,balanced_precision,volume,0.5,0.5,0.5,0.5,0.5,20
test,continuous,attack_random_continuous,benign_continuous,24,benign_trigger,entropy,0.9503333333333334,0.9366666666666668,0.9636666666666669,0.9389999999999998,0.9616666666666666,20
test,continuous,attack_random_continuous,benign_continuous,24,attack_alert,entropy,0.9520000000000002,0.9383333333333332,0.9649999999999999,0.9403333333333332,0.9630000000000001,20
test,continuous,attack_random_continuous,benign_continuous,24,youden_j,entropy,0.001666666666666683,-0.0013333333333333031,0.00533333333333334,-0.0006666666666666598,0.00466666666666668,20
test,continuous,attack_random_continuous,benign_continuous,24,synthetic_tpr,entropy,0.9520000000000002,0.9383333333333335,0.9656666666666667,0.9406666666666667,0.9633333333333335,20
test,continuous,attack_random_continuous,benign_continuous,24,synthetic_fnr,entropy,0.04799999999999998,0.03466666666666665,0.06166666666666665,0.036666666666666646,0.05933333333333333,20
test,continuous,attack_random_continuous,benign_continuous,24,synthetic_fpr,entropy,0.9503333333333334,0.9369999999999999,0.9636666666666667,0.9386666666666666,0.9616666666666667,20
test,continuous,attack_random_continuous,benign_continuous,24,balanced_precision,entropy,0.5004367637298299,0.4996465910562571,0.5013152530395883,0.4998078574182527,0.50114714726369,20
test,continuous,attack_random_continuous,benign_continuous,24,benign_trigger,unique,1.0,1.0,1.0,1.0,1.0,20
test,continuous,attack_random_continuous,benign_continuous,24,attack_alert,unique,1.0,1.0,1.0,1.0,1.0,20
test,continuous,attack_random_continuous,benign_continuous,24,youden_j,unique,0.0,0.0,0.0,0.0,0.0,20
test,continuous,attack_random_continuous,benign_continuous,24,synthetic_tpr,unique,1.0,1.0,1.0,1.0,1.0,20
test,continuous,attack_random_continuous,benign_continuous,24,synthetic_fnr,unique,0.0,0.0,0.0,0.0,0.0,20
test,continuous,attack_random_continuous,benign_continuous,24,synthetic_fpr,unique,1.0,1.0,1.0,1.0,1.0,20
test,continuous,attack_random_continuous,benign_continuous,24,balanced_precision,unique,0.5,0.5,0.5,0.5,0.5,20
test,continuous,attack_random_continuous,benign_continuous,24,delta_j_combined_minus_legacy,combined-minus-legacy,0.0,0.0,0.0,0.0,0.0,20
test,continuous,attack_random_continuous,benign_continuous,24,delta_j_combined_minus_volume,combined-minus-volume,0.0,0.0,0.0,0.0,0.0,20
test,continuous,attack_random_continuous,benign_continuous,24,delta_j_combined_minus_entropy,combined-minus-entropy,-0.001666666666666683,-0.005000000000000016,0.0013333333333333142,-0.004333333333333356,0.0009999999999999731,20
test,continuous,attack_random_continuous,benign_continuous,24,delta_j_combined_minus_unique,combined-minus-unique,0.0,0.0,0.0,0.0,0.0,20
test,continuous,attack_random_continuous,benign_continuous,24,auprc_high_is_suspicious,volume,0.5,0.5,0.5,0.5,0.5,20
test,continuous,attack_random_continuous,benign_continuous,24,auprc_high_is_suspicious,entropy,0.5048037886088164,0.5007964224525708,0.5090550126245516,0.5013526718785775,0.5082483726372491,20
test,continuous,attack_random_continuous,benign_continuous,24,auprc_high_is_suspicious,unique_ratio,0.5048969937952388,0.4969573340096281,0.5133112559943372,0.4980438185738527,0.5118461820693263,20
test,continuous,attack_random_continuous,benign_continuous,24,validation_locked_test_attack_alert_rate,volume,0.9690000000000001,0.9570000000000001,0.9799999999999999,0.9590000000000002,0.9783333333333333,20
test,continuous,attack_random_continuous,benign_continuous,24,validation_locked_test_benign_trigger_rate,volume,0.9690000000000001,0.9570000000000002,0.9796666666666665,0.959,0.9780000000000001,20
test,continuous,attack_random_continuous,benign_continuous,24,validation_locked_test_balanced_precision,volume,0.5,0.5,0.5,0.5,0.5,20
test,continuous,attack_random_continuous,benign_continuous,24,validation_locked_test_attack_alert_rate,entropy,0.9680000000000002,0.955325,0.9793333333333335,0.9573166666666666,0.9780000000000001,20
test,continuous,attack_random_continuous,benign_continuous,24,validation_locked_test_benign_trigger_rate,entropy,0.9670000000000002,0.9556666666666669,0.9776666666666667,0.9573333333333336,0.9760000000000002,20
test,continuous,attack_random_continuous,benign_continuous,24,validation_locked_test_balanced_precision,entropy,0.5002417964603059,0.499628747838921,0.5008544437514969,0.49972185607130576,0.5007660274809898,20
test,continuous,attack_random_continuous,benign_continuous,24,validation_locked_test_attack_alert_rate,unique_ratio,0.9553333333333333,0.9423333333333332,0.9673333333333336,0.9443333333333334,0.9656666666666667,20
test,continuous,attack_random_continuous,benign_continuous,24,validation_locked_test_benign_trigger_rate,unique_ratio,0.9476666666666667,0.9273333333333333,0.9653333333333333,0.9309999999999998,0.9626666666666667,20
test,continuous,attack_random_continuous,benign_continuous,24,validation_locked_test_balanced_precision,unique_ratio,0.5021619548960591,0.497559917281396,0.5067692228557175,0.49830995590953825,0.5060048706817505,20
test,continuous,attack_random_continuous,benign_continuous,60,benign_trigger,no_defense,0.0,0.0,0.0,0.0,0.0,20
test,continuous,attack_random_continuous,benign_continuous,60,attack_alert,no_defense,0.0,0.0,0.0,0.0,0.0,20
test,continuous,attack_random_continuous,benign_continuous,60,youden_j,no_defense,0.0,0.0,0.0,0.0,0.0,20
test,continuous,attack_random_continuous,benign_continuous,60,synthetic_tpr,no_defense,0.0,0.0,0.0,0.0,0.0,20
test,continuous,attack_random_continuous,benign_continuous,60,synthetic_fnr,no_defense,1.0,1.0,1.0,1.0,1.0,20
test,continuous,attack_random_continuous,benign_continuous,60,synthetic_fpr,no_defense,0.0,0.0,0.0,0.0,0.0,20
test,continuous,attack_random_continuous,benign_continuous,60,balanced_precision,no_defense,0.0,0.0,0.0,0.0,0.0,20
test,continuous,attack_random_continuous,benign_continuous,60,benign_trigger,legacy,1.0,1.0,1.0,1.0,1.0,20
test,continuous,attack_random_continuous,benign_continuous,60,attack_alert,legacy,1.0,1.0,1.0,1.0,1.0,20
test,continuous,attack_random_continuous,benign_continuous,60,youden_j,legacy,0.0,0.0,0.0,0.0,0.0,20
test,continuous,attack_random_continuous,benign_continuous,60,synthetic_tpr,legacy,1.0,1.0,1.0,1.0,1.0,20
test,continuous,attack_random_continuous,benign_continuous,60,synthetic_fnr,legacy,0.0,0.0,0.0,0.0,0.0,20
test,continuous,attack_random_continuous,benign_continuous,60,synthetic_fpr,legacy,1.0,1.0,1.0,1.0,1.0,20
test,continuous,attack_random_continuous,benign_continuous,60,balanced_precision,legacy,0.5,0.5,0.5,0.5,0.5,20
test,continuous,attack_random_continuous,benign_continuous,60,benign_trigger,combined,1.0,1.0,1.0,1.0,1.0,20
test,continuous,attack_random_continuous,benign_continuous,60,attack_alert,combined,1.0,1.0,1.0,1.0,1.0,20
test,continuous,attack_random_continuous,benign_continuous,60,youden_j,combined,0.0,0.0,0.0,0.0,0.0,20
test,continuous,attack_random_continuous,benign_continuous,60,synthetic_tpr,combined,1.0,1.0,1.0,1.0,1.0,20
test,continuous,attack_random_continuous,benign_continuous,60,synthetic_fnr,combined,0.0,0.0,0.0,0.0,0.0,20
test,continuous,attack_random_continuous,benign_continuous,60,synthetic_fpr,combined,1.0,1.0,1.0,1.0,1.0,20
test,continuous,attack_random_continuous,benign_continuous,60,balanced_precision,combined,0.5,0.5,0.5,0.5,0.5,20
test,continuous,attack_random_continuous,benign_continuous,60,benign_trigger,volume,1.0,1.0,1.0,1.0,1.0,20
test,continuous,attack_random_continuous,benign_continuous,60,attack_alert,volume,1.0,1.0,1.0,1.0,1.0,20
test,continuous,attack_random_continuous,benign_continuous,60,youden_j,volume,0.0,0.0,0.0,0.0,0.0,20
test,continuous,attack_random_continuous,benign_continuous,60,synthetic_tpr,volume,1.0,1.0,1.0,1.0,1.0,20
test,continuous,attack_random_continuous,benign_continuous,60,synthetic_fnr,volume,0.0,0.0,0.0,0.0,0.0,20
test,continuous,attack_random_continuous,benign_continuous,60,synthetic_fpr,volume,1.0,1.0,1.0,1.0,1.0,20
test,continuous,attack_random_continuous,benign_continuous,60,balanced_precision,volume,0.5,0.5,0.5,0.5,0.5,20
test,continuous,attack_random_continuous,benign_continuous,60,benign_trigger,entropy,1.0,1.0,1.0,1.0,1.0,20
test,continuous,attack_random_continuous,benign_continuous,60,attack_alert,entropy,1.0,1.0,1.0,1.0,1.0,20
test,continuous,attack_random_continuous,benign_continuous,60,youden_j,entropy,0.0,0.0,0.0,0.0,0.0,20
test,continuous,attack_random_continuous,benign_continuous,60,synthetic_tpr,entropy,1.0,1.0,1.0,1.0,1.0,20
test,continuous,attack_random_continuous,benign_continuous,60,synthetic_fnr,entropy,0.0,0.0,0.0,0.0,0.0,20
test,continuous,attack_random_continuous,benign_continuous,60,synthetic_fpr,entropy,1.0,1.0,1.0,1.0,1.0,20
test,continuous,attack_random_continuous,benign_continuous,60,balanced_precision,entropy,0.5,0.5,0.5,0.5,0.5,20
test,continuous,attack_random_continuous,benign_continuous,60,benign_trigger,unique,1.0,1.0,1.0,1.0,1.0,20
test,continuous,attack_random_continuous,benign_continuous,60,attack_alert,unique,1.0,1.0,1.0,1.0,1.0,20
test,continuous,attack_random_continuous,benign_continuous,60,youden_j,unique,0.0,0.0,0.0,0.0,0.0,20
test,continuous,attack_random_continuous,benign_continuous,60,synthetic_tpr,unique,1.0,1.0,1.0,1.0,1.0,20
test,continuous,attack_random_continuous,benign_continuous,60,synthetic_fnr,unique,0.0,0.0,0.0,0.0,0.0,20
test,continuous,attack_random_continuous,benign_continuous,60,synthetic_fpr,unique,1.0,1.0,1.0,1.0,1.0,20
test,continuous,attack_random_continuous,benign_continuous,60,balanced_precision,unique,0.5,0.5,0.5,0.5,0.5,20
test,continuous,attack_random_continuous,benign_continuous,60,delta_j_combined_minus_legacy,combined-minus-legacy,0.0,0.0,0.0,0.0,0.0,20
test,continuous,attack_random_continuous,benign_continuous,60,delta_j_combined_minus_volume,combined-minus-volume,0.0,0.0,0.0,0.0,0.0,20
test,continuous,attack_random_continuous,benign_continuous,60,delta_j_combined_minus_entropy,combined-minus-entropy,0.0,0.0,0.0,0.0,0.0,20
test,continuous,attack_random_continuous,benign_continuous,60,delta_j_combined_minus_unique,combined-minus-unique,0.0,0.0,0.0,0.0,0.0,20
test,continuous,attack_random_continuous,benign_continuous,60,auprc_high_is_suspicious,volume,0.5,0.5,0.5,0.5,0.5,20
test,continuous,attack_random_continuous,benign_continuous,60,auprc_high_is_suspicious,entropy,0.5076354806025759,0.49843451312013176,0.5177264338833387,0.49985359019346703,0.5158652738384072,20
test,continuous,attack_random_continuous,benign_continuous,60,auprc_high_is_suspicious,unique_ratio,0.5100545394693893,0.4844902012501211,0.5383240449178498,0.4887750304467785,0.5337095821029695,20
test,continuous,attack_random_continuous,benign_continuous,60,validation_locked_test_attack_alert_rate,volume,0.9626666666666666,0.9516666666666664,0.9723333333333333,0.9536499999999997,0.9709999999999998,20
test,continuous,attack_random_continuous,benign_continuous,60,validation_locked_test_benign_trigger_rate,volume,0.9626666666666666,0.9513333333333331,0.9726666666666665,0.9533333333333334,0.9709999999999999,20
test,continuous,attack_random_continuous,benign_continuous,60,validation_locked_test_balanced_precision,volume,0.5,0.5,0.5,0.5,0.5,20
test,continuous,attack_random_continuous,benign_continuous,60,validation_locked_test_attack_alert_rate,entropy,0.9566666666666667,0.9436666666666668,0.9673333333333334,0.9460000000000001,0.966,20
test,continuous,attack_random_continuous,benign_continuous,60,validation_locked_test_benign_trigger_rate,entropy,0.9556666666666667,0.9436666666666668,0.9663333333333333,0.9456666666666667,0.9650000000000001,20
test,continuous,attack_random_continuous,benign_continuous,60,validation_locked_test_balanced_precision,entropy,0.5002534189786132,0.49851244794787736,0.5021955217810121,0.49880841009007737,0.5018501255519502,20
test,continuous,attack_random_continuous,benign_continuous,60,validation_locked_test_attack_alert_rate,unique_ratio,0.9560000000000001,0.9446666666666668,0.9663333333333334,0.9466666666666667,0.9649999999999999,20
test,continuous,attack_random_continuous,benign_continuous,60,validation_locked_test_benign_trigger_rate,unique_ratio,0.9476666666666667,0.93,0.9633333333333335,0.9329999999999998,0.961,20
test,continuous,attack_random_continuous,benign_continuous,60,validation_locked_test_balanced_precision,unique_ratio,0.5023061335452764,0.4979174417126001,0.5067005862948187,0.49859139564126215,0.5059488223008297,20
test,continuous,attack_random_continuous,benign_continuous,120,benign_trigger,no_defense,0.0,0.0,0.0,0.0,0.0,20
test,continuous,attack_random_continuous,benign_continuous,120,attack_alert,no_defense,0.0,0.0,0.0,0.0,0.0,20
test,continuous,attack_random_continuous,benign_continuous,120,youden_j,no_defense,0.0,0.0,0.0,0.0,0.0,20
test,continuous,attack_random_continuous,benign_continuous,120,synthetic_tpr,no_defense,0.0,0.0,0.0,0.0,0.0,20
test,continuous,attack_random_continuous,benign_continuous,120,synthetic_fnr,no_defense,1.0,1.0,1.0,1.0,1.0,20
test,continuous,attack_random_continuous,benign_continuous,120,synthetic_fpr,no_defense,0.0,0.0,0.0,0.0,0.0,20
test,continuous,attack_random_continuous,benign_continuous,120,balanced_precision,no_defense,0.0,0.0,0.0,0.0,0.0,20
test,continuous,attack_random_continuous,benign_continuous,120,benign_trigger,legacy,1.0,1.0,1.0,1.0,1.0,20
test,continuous,attack_random_continuous,benign_continuous,120,attack_alert,legacy,1.0,1.0,1.0,1.0,1.0,20
test,continuous,attack_random_continuous,benign_continuous,120,youden_j,legacy,0.0,0.0,0.0,0.0,0.0,20
test,continuous,attack_random_continuous,benign_continuous,120,synthetic_tpr,legacy,1.0,1.0,1.0,1.0,1.0,20
test,continuous,attack_random_continuous,benign_continuous,120,synthetic_fnr,legacy,0.0,0.0,0.0,0.0,0.0,20
test,continuous,attack_random_continuous,benign_continuous,120,synthetic_fpr,legacy,1.0,1.0,1.0,1.0,1.0,20
test,continuous,attack_random_continuous,benign_continuous,120,balanced_precision,legacy,0.5,0.5,0.5,0.5,0.5,20
test,continuous,attack_random_continuous,benign_continuous,120,benign_trigger,combined,1.0,1.0,1.0,1.0,1.0,20
test,continuous,attack_random_continuous,benign_continuous,120,attack_alert,combined,1.0,1.0,1.0,1.0,1.0,20
test,continuous,attack_random_continuous,benign_continuous,120,youden_j,combined,0.0,0.0,0.0,0.0,0.0,20
test,continuous,attack_random_continuous,benign_continuous,120,synthetic_tpr,combined,1.0,1.0,1.0,1.0,1.0,20
test,continuous,attack_random_continuous,benign_continuous,120,synthetic_fnr,combined,0.0,0.0,0.0,0.0,0.0,20
test,continuous,attack_random_continuous,benign_continuous,120,synthetic_fpr,combined,1.0,1.0,1.0,1.0,1.0,20
test,continuous,attack_random_continuous,benign_continuous,120,balanced_precision,combined,0.5,0.5,0.5,0.5,0.5,20
test,continuous,attack_random_continuous,benign_continuous,120,benign_trigger,volume,1.0,1.0,1.0,1.0,1.0,20
test,continuous,attack_random_continuous,benign_continuous,120,attack_alert,volume,1.0,1.0,1.0,1.0,1.0,20
test,continuous,attack_random_continuous,benign_continuous,120,youden_j,volume,0.0,0.0,0.0,0.0,0.0,20
test,continuous,attack_random_continuous,benign_continuous,120,synthetic_tpr,volume,1.0,1.0,1.0,1.0,1.0,20
test,continuous,attack_random_continuous,benign_continuous,120,synthetic_fnr,volume,0.0,0.0,0.0,0.0,0.0,20
test,continuous,attack_random_continuous,benign_continuous,120,synthetic_fpr,volume,1.0,1.0,1.0,1.0,1.0,20
test,continuous,attack_random_continuous,benign_continuous,120,balanced_precision,volume,0.5,0.5,0.5,0.5,0.5,20
test,continuous,attack_random_continuous,benign_continuous,120,benign_trigger,entropy,1.0,1.0,1.0,1.0,1.0,20
test,continuous,attack_random_continuous,benign_continuous,120,attack_alert,entropy,1.0,1.0,1.0,1.0,1.0,20
test,continuous,attack_random_continuous,benign_continuous,120,youden_j,entropy,0.0,0.0,0.0,0.0,0.0,20
test,continuous,attack_random_continuous,benign_continuous,120,synthetic_tpr,entropy,1.0,1.0,1.0,1.0,1.0,20
test,continuous,attack_random_continuous,benign_continuous,120,synthetic_fnr,entropy,0.0,0.0,0.0,0.0,0.0,20
test,continuous,attack_random_continuous,benign_continuous,120,synthetic_fpr,entropy,1.0,1.0,1.0,1.0,1.0,20
test,continuous,attack_random_continuous,benign_continuous,120,balanced_precision,entropy,0.5,0.5,0.5,0.5,0.5,20
test,continuous,attack_random_continuous,benign_continuous,120,benign_trigger,unique,1.0,1.0,1.0,1.0,1.0,20
test,continuous,attack_random_continuous,benign_continuous,120,attack_alert,unique,1.0,1.0,1.0,1.0,1.0,20
test,continuous,attack_random_continuous,benign_continuous,120,youden_j,unique,0.0,0.0,0.0,0.0,0.0,20
test,continuous,attack_random_continuous,benign_continuous,120,synthetic_tpr,unique,1.0,1.0,1.0,1.0,1.0,20
test,continuous,attack_random_continuous,benign_continuous,120,synthetic_fnr,unique,0.0,0.0,0.0,0.0,0.0,20
test,continuous,attack_random_continuous,benign_continuous,120,synthetic_fpr,unique,1.0,1.0,1.0,1.0,1.0,20
test,continuous,attack_random_continuous,benign_continuous,120,balanced_precision,unique,0.5,0.5,0.5,0.5,0.5,20
test,continuous,attack_random_continuous,benign_continuous,120,delta_j_combined_minus_legacy,combined-minus-legacy,0.0,0.0,0.0,0.0,0.0,20
test,continuous,attack_random_continuous,benign_continuous,120,delta_j_combined_minus_volume,combined-minus-volume,0.0,0.0,0.0,0.0,0.0,20
test,continuous,attack_random_continuous,benign_continuous,120,delta_j_combined_minus_entropy,combined-minus-entropy,0.0,0.0,0.0,0.0,0.0,20
test,continuous,attack_random_continuous,benign_continuous,120,delta_j_combined_minus_unique,combined-minus-unique,0.0,0.0,0.0,0.0,0.0,20
test,continuous,attack_random_continuous,benign_continuous,120,auprc_high_is_suspicious,volume,0.5,0.5,0.5,0.5,0.5,20
test,continuous,attack_random_continuous,benign_continuous,120,auprc_high_is_suspicious,entropy,0.5111758352945586,0.49999744789050576,0.5217945261845975,0.501871764390107,0.5200337833923281,20
test,continuous,attack_random_continuous,benign_continuous,120,auprc_high_is_suspicious,unique_ratio,0.5100347292377123,0.482945541011935,0.5381101869099483,0.4872553356265208,0.5335257516149403,20
test,continuous,attack_random_continuous,benign_continuous,120,validation_locked_test_attack_alert_rate,volume,0.9536666666666667,0.9423333333333334,0.9650000000000001,0.9443333333333334,0.9630000000000001,20
test,continuous,attack_random_continuous,benign_continuous,120,validation_locked_test_benign_trigger_rate,volume,0.9536666666666667,0.9426666666666668,0.9646666666666667,0.9443333333333334,0.9630000000000001,20
test,continuous,attack_random_continuous,benign_continuous,120,validation_locked_test_balanced_precision,volume,0.5,0.5,0.5,0.5,0.5,20
test,continuous,attack_random_continuous,benign_continuous,120,validation_locked_test_attack_alert_rate,entropy,0.9490000000000001,0.9379916666666667,0.9596666666666668,0.9396666666666667,0.9580000000000002,20
test,continuous,attack_random_continuous,benign_continuous,120,validation_locked_test_benign_trigger_rate,entropy,0.9466666666666667,0.9339999999999999,0.9593333333333331,0.9359999999999999,0.9573333333333334,20
test,continuous,attack_random_continuous,benign_continuous,120,validation_locked_test_balanced_precision,entropy,0.5006524400659171,0.499300744719178,0.50215740955049,0.49948666998019103,0.5018894075321082,20
test,continuous,attack_random_continuous,benign_continuous,120,validation_locked_test_attack_alert_rate,unique_ratio,0.9540000000000001,0.9376666666666666,0.9676666666666666,0.9410000000000001,0.9656666666666667,20
test,continuous,attack_random_continuous,benign_continuous,120,validation_locked_test_benign_trigger_rate,unique_ratio,0.9483333333333335,0.932,0.9636666666666664,0.9349999999999999,0.9613500000000001,20
test,continuous,attack_random_continuous,benign_continuous,120,validation_locked_test_balanced_precision,unique_ratio,0.5015043320128936,0.4955904203361282,0.5070704599393304,0.496638279901293,0.5063255546840276,20
test,continuous,attack_random_continuous,benign_continuous,200,benign_trigger,no_defense,0.0,0.0,0.0,0.0,0.0,20
test,continuous,attack_random_continuous,benign_continuous,200,attack_alert,no_defense,0.0,0.0,0.0,0.0,0.0,20
test,continuous,attack_random_continuous,benign_continuous,200,youden_j,no_defense,0.0,0.0,0.0,0.0,0.0,20
test,continuous,attack_random_continuous,benign_continuous,200,synthetic_tpr,no_defense,0.0,0.0,0.0,0.0,0.0,20
test,continuous,attack_random_continuous,benign_continuous,200,synthetic_fnr,no_defense,1.0,1.0,1.0,1.0,1.0,20
test,continuous,attack_random_continuous,benign_continuous,200,synthetic_fpr,no_defense,0.0,0.0,0.0,0.0,0.0,20
test,continuous,attack_random_continuous,benign_continuous,200,balanced_precision,no_defense,0.0,0.0,0.0,0.0,0.0,20
test,continuous,attack_random_continuous,benign_continuous,200,benign_trigger,legacy,1.0,1.0,1.0,1.0,1.0,20
test,continuous,attack_random_continuous,benign_continuous,200,attack_alert,legacy,1.0,1.0,1.0,1.0,1.0,20
test,continuous,attack_random_continuous,benign_continuous,200,youden_j,legacy,0.0,0.0,0.0,0.0,0.0,20
test,continuous,attack_random_continuous,benign_continuous,200,synthetic_tpr,legacy,1.0,1.0,1.0,1.0,1.0,20
test,continuous,attack_random_continuous,benign_continuous,200,synthetic_fnr,legacy,0.0,0.0,0.0,0.0,0.0,20
test,continuous,attack_random_continuous,benign_continuous,200,synthetic_fpr,legacy,1.0,1.0,1.0,1.0,1.0,20
test,continuous,attack_random_continuous,benign_continuous,200,balanced_precision,legacy,0.5,0.5,0.5,0.5,0.5,20
test,continuous,attack_random_continuous,benign_continuous,200,benign_trigger,combined,1.0,1.0,1.0,1.0,1.0,20
test,continuous,attack_random_continuous,benign_continuous,200,attack_alert,combined,1.0,1.0,1.0,1.0,1.0,20
test,continuous,attack_random_continuous,benign_continuous,200,youden_j,combined,0.0,0.0,0.0,0.0,0.0,20
test,continuous,attack_random_continuous,benign_continuous,200,synthetic_tpr,combined,1.0,1.0,1.0,1.0,1.0,20
test,continuous,attack_random_continuous,benign_continuous,200,synthetic_fnr,combined,0.0,0.0,0.0,0.0,0.0,20
test,continuous,attack_random_continuous,benign_continuous,200,synthetic_fpr,combined,1.0,1.0,1.0,1.0,1.0,20
test,continuous,attack_random_continuous,benign_continuous,200,balanced_precision,combined,0.5,0.5,0.5,0.5,0.5,20
test,continuous,attack_random_continuous,benign_continuous,200,benign_trigger,volume,1.0,1.0,1.0,1.0,1.0,20
test,continuous,attack_random_continuous,benign_continuous,200,attack_alert,volume,1.0,1.0,1.0,1.0,1.0,20
test,continuous,attack_random_continuous,benign_continuous,200,youden_j,volume,0.0,0.0,0.0,0.0,0.0,20
test,continuous,attack_random_continuous,benign_continuous,200,synthetic_tpr,volume,1.0,1.0,1.0,1.0,1.0,20
test,continuous,attack_random_continuous,benign_continuous,200,synthetic_fnr,volume,0.0,0.0,0.0,0.0,0.0,20
test,continuous,attack_random_continuous,benign_continuous,200,synthetic_fpr,volume,1.0,1.0,1.0,1.0,1.0,20
test,continuous,attack_random_continuous,benign_continuous,200,balanced_precision,volume,0.5,0.5,0.5,0.5,0.5,20
test,continuous,attack_random_continuous,benign_continuous,200,benign_trigger,entropy,1.0,1.0,1.0,1.0,1.0,20
test,continuous,attack_random_continuous,benign_continuous,200,attack_alert,entropy,1.0,1.0,1.0,1.0,1.0,20
test,continuous,attack_random_continuous,benign_continuous,200,youden_j,entropy,0.0,0.0,0.0,0.0,0.0,20
test,continuous,attack_random_continuous,benign_continuous,200,synthetic_tpr,entropy,1.0,1.0,1.0,1.0,1.0,20
test,continuous,attack_random_continuous,benign_continuous,200,synthetic_fnr,entropy,0.0,0.0,0.0,0.0,0.0,20
test,continuous,attack_random_continuous,benign_continuous,200,synthetic_fpr,entropy,1.0,1.0,1.0,1.0,1.0,20
test,continuous,attack_random_continuous,benign_continuous,200,balanced_precision,entropy,0.5,0.5,0.5,0.5,0.5,20
test,continuous,attack_random_continuous,benign_continuous,200,benign_trigger,unique,1.0,1.0,1.0,1.0,1.0,20
test,continuous,attack_random_continuous,benign_continuous,200,attack_alert,unique,1.0,1.0,1.0,1.0,1.0,20
test,continuous,attack_random_continuous,benign_continuous,200,youden_j,unique,0.0,0.0,0.0,0.0,0.0,20
test,continuous,attack_random_continuous,benign_continuous,200,synthetic_tpr,unique,1.0,1.0,1.0,1.0,1.0,20
test,continuous,attack_random_continuous,benign_continuous,200,synthetic_fnr,unique,0.0,0.0,0.0,0.0,0.0,20
test,continuous,attack_random_continuous,benign_continuous,200,synthetic_fpr,unique,1.0,1.0,1.0,1.0,1.0,20
test,continuous,attack_random_continuous,benign_continuous,200,balanced_precision,unique,0.5,0.5,0.5,0.5,0.5,20
test,continuous,attack_random_continuous,benign_continuous,200,delta_j_combined_minus_legacy,combined-minus-legacy,0.0,0.0,0.0,0.0,0.0,20
test,continuous,attack_random_continuous,benign_continuous,200,delta_j_combined_minus_volume,combined-minus-volume,0.0,0.0,0.0,0.0,0.0,20
test,continuous,attack_random_continuous,benign_continuous,200,delta_j_combined_minus_entropy,combined-minus-entropy,0.0,0.0,0.0,0.0,0.0,20
test,continuous,attack_random_continuous,benign_continuous,200,delta_j_combined_minus_unique,combined-minus-unique,0.0,0.0,0.0,0.0,0.0,20
test,continuous,attack_random_continuous,benign_continuous,200,auprc_high_is_suspicious,volume,0.5,0.5,0.5,0.5,0.5,20
test,continuous,attack_random_continuous,benign_continuous,200,auprc_high_is_suspicious,entropy,0.5130999227742619,0.5056238059546065,0.5205577180664751,0.5067990639591266,0.519425880409279,20
test,continuous,attack_random_continuous,benign_continuous,200,auprc_high_is_suspicious,unique_ratio,0.5073623599525735,0.48312218072243857,0.5312700459044524,0.487276898994927,0.5275078174540839,20
test,continuous,attack_random_continuous,benign_continuous,200,validation_locked_test_attack_alert_rate,volume,0.9570000000000001,0.9453333333333334,0.9679999999999997,0.9476666666666667,0.966,20
test,continuous,attack_random_continuous,benign_continuous,200,validation_locked_test_benign_trigger_rate,volume,0.9570000000000001,0.9456666666666665,0.9673333333333334,0.9476666666666664,0.9656666666666668,20
test,continuous,attack_random_continuous,benign_continuous,200,validation_locked_test_balanced_precision,volume,0.5,0.5,0.5,0.5,0.5,20
test,continuous,attack_random_continuous,benign_continuous,200,validation_locked_test_attack_alert_rate,entropy,0.9466666666666667,0.9323333333333332,0.9603333333333334,0.9343333333333333,0.9583333333333334,20
test,continuous,attack_random_continuous,benign_continuous,200,validation_locked_test_benign_trigger_rate,entropy,0.952,0.9410000000000004,0.9630000000000001,0.943,0.9613333333333334,20
test,continuous,attack_random_continuous,benign_continuous,200,validation_locked_test_balanced_precision,entropy,0.4985346742133577,0.4949850913360759,0.5018351979702734,0.4955860997730608,0.501260719184538,20
test,continuous,attack_random_continuous,benign_continuous,200,validation_locked_test_attack_alert_rate,unique_ratio,0.9626666666666667,0.9503333333333334,0.9743333333333334,0.9526499999999999,0.9726666666666667,20
test,continuous,attack_random_continuous,benign_continuous,200,validation_locked_test_benign_trigger_rate,unique_ratio,0.9496666666666664,0.9396666666666667,0.9600000000000002,0.9410000000000001,0.9586666666666666,20
test,continuous,attack_random_continuous,benign_continuous,200,validation_locked_test_balanced_precision,unique_ratio,0.5033721656619135,0.499162176115545,0.507337423979328,0.4998284331917584,0.5068587709365808,20
test,continuous,attack_fixed_continuous,benign_continuous,24,benign_trigger,no_defense,0.0,0.0,0.0,0.0,0.0,20
test,continuous,attack_fixed_continuous,benign_continuous,24,attack_alert,no_defense,0.0,0.0,0.0,0.0,0.0,20
test,continuous,attack_fixed_continuous,benign_continuous,24,youden_j,no_defense,0.0,0.0,0.0,0.0,0.0,20
test,continuous,attack_fixed_continuous,benign_continuous,24,synthetic_tpr,no_defense,0.0,0.0,0.0,0.0,0.0,20
test,continuous,attack_fixed_continuous,benign_continuous,24,synthetic_fnr,no_defense,1.0,1.0,1.0,1.0,1.0,20
test,continuous,attack_fixed_continuous,benign_continuous,24,synthetic_fpr,no_defense,0.0,0.0,0.0,0.0,0.0,20
test,continuous,attack_fixed_continuous,benign_continuous,24,balanced_precision,no_defense,0.0,0.0,0.0,0.0,0.0,20
test,continuous,attack_fixed_continuous,benign_continuous,24,benign_trigger,legacy,1.0,1.0,1.0,1.0,1.0,20
test,continuous,attack_fixed_continuous,benign_continuous,24,attack_alert,legacy,1.0,1.0,1.0,1.0,1.0,20
test,continuous,attack_fixed_continuous,benign_continuous,24,youden_j,legacy,0.0,0.0,0.0,0.0,0.0,20
test,continuous,attack_fixed_continuous,benign_continuous,24,synthetic_tpr,legacy,1.0,1.0,1.0,1.0,1.0,20
test,continuous,attack_fixed_continuous,benign_continuous,24,synthetic_fnr,legacy,0.0,0.0,0.0,0.0,0.0,20
test,continuous,attack_fixed_continuous,benign_continuous,24,synthetic_fpr,legacy,1.0,1.0,1.0,1.0,1.0,20
test,continuous,attack_fixed_continuous,benign_continuous,24,balanced_precision,legacy,0.5,0.5,0.5,0.5,0.5,20
test,continuous,attack_fixed_continuous,benign_continuous,24,benign_trigger,combined,0.5096666666666667,0.47165833333333324,0.5446666666666666,0.47798333333333337,0.5393333333333332,20
test,continuous,attack_fixed_continuous,benign_continuous,24,attack_alert,combined,0.0,0.0,0.0,0.0,0.0,20
test,continuous,attack_fixed_continuous,benign_continuous,24,youden_j,combined,-0.5096666666666667,-0.544,-0.471,-0.5393333333333333,-0.47766666666666674,20
test,continuous,attack_fixed_continuous,benign_continuous,24,synthetic_tpr,combined,0.0,0.0,0.0,0.0,0.0,20
test,continuous,attack_fixed_continuous,benign_continuous,24,synthetic_fnr,combined,1.0,1.0,1.0,1.0,1.0,20
test,continuous,attack_fixed_continuous,benign_continuous,24,synthetic_fpr,combined,0.5096666666666667,0.4709999999999999,0.5449999999999999,0.47800000000000004,0.5396666666666666,20
test,continuous,attack_fixed_continuous,benign_continuous,24,balanced_precision,combined,0.0,0.0,0.0,0.0,0.0,20
test,continuous,attack_fixed_continuous,benign_continuous,24,benign_trigger,volume,0.5096666666666667,0.4703249999999999,0.5453333333333332,0.477,0.5400166666666668,20
test,continuous,attack_fixed_continuous,benign_continuous,24,attack_alert,volume,0.5096666666666667,0.472,0.5446666666666667,0.47766666666666663,0.5396666666666665,20
test,continuous,attack_fixed_continuous,benign_continuous,24,youden_j,volume,0.0,0.0,0.0,0.0,0.0,20
test,continuous,attack_fixed_continuous,benign_continuous,24,synthetic_tpr,volume,0.5096666666666667,0.4706583333333333,0.5443333333333332,0.47666666666666674,0.5393333333333333,20
test,continuous,attack_fixed_continuous,benign_continuous,24,synthetic_fnr,volume,0.49033333333333334,0.454325,0.529,0.45966666666666667,0.5226666666666666,20
test,continuous,attack_fixed_continuous,benign_continuous,24,synthetic_fpr,volume,0.5096666666666667,0.471,0.5450000000000002,0.47733333333333333,0.54,20
test,continuous,attack_fixed_continuous,benign_continuous,24,balanced_precision,volume,0.5,0.5,0.5,0.5,0.5,20
test,continuous,attack_fixed_continuous,benign_continuous,24,benign_trigger,entropy,0.9503333333333334,0.9369999999999999,0.9636666666666664,0.9393333333333331,0.9613333333333335,20
test,continuous,attack_fixed_continuous,benign_continuous,24,attack_alert,entropy,0.0,0.0,0.0,0.0,0.0,20
test,continuous,attack_fixed_continuous,benign_continuous,24,youden_j,entropy,-0.9503333333333334,-0.9630000000000001,-0.9366666666666669,-0.9613333333333332,-0.9390000000000001,20
test,continuous,attack_fixed_continuous,benign_continuous,24,synthetic_tpr,entropy,0.0,0.0,0.0,0.0,0.0,20
test,continuous,attack_fixed_continuous,benign_continuous,24,synthetic_fnr,entropy,1.0,1.0,1.0,1.0,1.0,20
test,continuous,attack_fixed_continuous,benign_continuous,24,synthetic_fpr,entropy,0.9503333333333334,0.9359999999999999,0.9633333333333335,0.9380000000000003,0.9613333333333335,20
test,continuous,attack_fixed_continuous,benign_continuous,24,balanced_precision,entropy,0.0,0.0,0.0,0.0,0.0,20
test,continuous,attack_fixed_continuous,benign_continuous,24,benign_trigger,unique,1.0,1.0,1.0,1.0,1.0,20
test,continuous,attack_fixed_continuous,benign_continuous,24,attack_alert,unique,0.0,0.0,0.0,0.0,0.0,20
test,continuous,attack_fixed_continuous,benign_continuous,24,youden_j,unique,-1.0,-1.0,-1.0,-1.0,-1.0,20
test,continuous,attack_fixed_continuous,benign_continuous,24,synthetic_tpr,unique,0.0,0.0,0.0,0.0,0.0,20
test,continuous,attack_fixed_continuous,benign_continuous,24,synthetic_fnr,unique,1.0,1.0,1.0,1.0,1.0,20
test,continuous,attack_fixed_continuous,benign_continuous,24,synthetic_fpr,unique,1.0,1.0,1.0,1.0,1.0,20
test,continuous,attack_fixed_continuous,benign_continuous,24,balanced_precision,unique,0.0,0.0,0.0,0.0,0.0,20
test,continuous,attack_fixed_continuous,benign_continuous,24,delta_j_combined_minus_legacy,combined-minus-legacy,-0.5096666666666667,-0.5453333333333333,-0.47099166666666675,-0.5390166666666668,-0.47700000000000015,20
test,continuous,attack_fixed_continuous,benign_continuous,24,delta_j_combined_minus_volume,combined-minus-volume,-0.5096666666666667,-0.5450083333333333,-0.4699999999999999,-0.5393333333333332,-0.477,20
test,continuous,attack_fixed_continuous,benign_continuous,24,delta_j_combined_minus_entropy,combined-minus-entropy,0.4406666666666667,0.4106666666666666,0.4740000000000001,0.41466666666666663,0.4683333333333334,20
test,continuous,attack_fixed_continuous,benign_continuous,24,delta_j_combined_minus_unique,combined-minus-unique,0.49033333333333334,0.45433333333333337,0.5279999999999999,0.45999999999999996,0.5210000000000001,20
test,continuous,attack_fixed_continuous,benign_continuous,24,auprc_high_is_suspicious,volume,0.5,0.5,0.5,0.5,0.5,20
test,continuous,attack_fixed_continuous,benign_continuous,24,auprc_high_is_suspicious,entropy,0.3128471875703661,0.3122910763599327,0.31342025376414007,0.31237469694602465,0.31333708476059613,20
test,continuous,attack_fixed_continuous,benign_continuous,24,auprc_high_is_suspicious,unique_ratio,0.31302313376683133,0.3126693725646586,0.3134185209566403,0.31272204317636265,0.313343867879262,20
test,continuous,attack_fixed_continuous,benign_continuous,24,validation_locked_test_attack_alert_rate,volume,0.9690000000000001,0.9570000000000001,0.9796666666666669,0.9590000000000002,0.9780000000000003,20
test,continuous,attack_fixed_continuous,benign_continuous,24,validation_locked_test_benign_trigger_rate,volume,0.9690000000000001,0.9563333333333335,0.9800000000000002,0.9589833333333332,0.9783333333333335,20
test,continuous,attack_fixed_continuous,benign_continuous,24,validation_locked_test_balanced_precision,volume,0.5,0.5,0.5,0.5,0.5,20
test,continuous,attack_fixed_continuous,benign_continuous,24,validation_locked_test_attack_alert_rate,entropy,1.0,1.0,1.0,1.0,1.0,20
test,continuous,attack_fixed_continuous,benign_continuous,24,validation_locked_test_benign_trigger_rate,entropy,1.0,1.0,1.0,1.0,1.0,20
test,continuous,attack_fixed_continuous,benign_continuous,24,validation_locked_test_balanced_precision,entropy,0.5,0.5,0.5,0.5,0.5,20
test,continuous,attack_fixed_continuous,benign_continuous,24,validation_locked_test_attack_alert_rate,unique_ratio,0.9433333333333334,0.9250000000000002,0.9609999999999997,0.9279999999999999,0.9583333333333333,20
test,continuous,attack_fixed_continuous,benign_continuous,24,validation_locked_test_benign_trigger_rate,unique_ratio,1.0,1.0,1.0,1.0,1.0,20
test,continuous,attack_fixed_continuous,benign_continuous,24,validation_locked_test_balanced_precision,unique_ratio,0.48517882008901764,0.4801052768615701,0.4898904083931622,0.4809982032035251,0.48923720730663756,20
test,continuous,attack_fixed_continuous,benign_continuous,60,benign_trigger,no_defense,0.0,0.0,0.0,0.0,0.0,20
test,continuous,attack_fixed_continuous,benign_continuous,60,attack_alert,no_defense,0.0,0.0,0.0,0.0,0.0,20
test,continuous,attack_fixed_continuous,benign_continuous,60,youden_j,no_defense,0.0,0.0,0.0,0.0,0.0,20
test,continuous,attack_fixed_continuous,benign_continuous,60,synthetic_tpr,no_defense,0.0,0.0,0.0,0.0,0.0,20
test,continuous,attack_fixed_continuous,benign_continuous,60,synthetic_fnr,no_defense,1.0,1.0,1.0,1.0,1.0,20
test,continuous,attack_fixed_continuous,benign_continuous,60,synthetic_fpr,no_defense,0.0,0.0,0.0,0.0,0.0,20
test,continuous,attack_fixed_continuous,benign_continuous,60,balanced_precision,no_defense,0.0,0.0,0.0,0.0,0.0,20
test,continuous,attack_fixed_continuous,benign_continuous,60,benign_trigger,legacy,1.0,1.0,1.0,1.0,1.0,20
test,continuous,attack_fixed_continuous,benign_continuous,60,attack_alert,legacy,1.0,1.0,1.0,1.0,1.0,20
test,continuous,attack_fixed_continuous,benign_continuous,60,youden_j,legacy,0.0,0.0,0.0,0.0,0.0,20
test,continuous,attack_fixed_continuous,benign_continuous,60,synthetic_tpr,legacy,1.0,1.0,1.0,1.0,1.0,20
test,continuous,attack_fixed_continuous,benign_continuous,60,synthetic_fnr,legacy,0.0,0.0,0.0,0.0,0.0,20
test,continuous,attack_fixed_continuous,benign_continuous,60,synthetic_fpr,legacy,1.0,1.0,1.0,1.0,1.0,20
test,continuous,attack_fixed_continuous,benign_continuous,60,balanced_precision,legacy,0.5,0.5,0.5,0.5,0.5,20
test,continuous,attack_fixed_continuous,benign_continuous,60,benign_trigger,combined,1.0,1.0,1.0,1.0,1.0,20
test,continuous,attack_fixed_continuous,benign_continuous,60,attack_alert,combined,0.0,0.0,0.0,0.0,0.0,20
test,continuous,attack_fixed_continuous,benign_continuous,60,youden_j,combined,-1.0,-1.0,-1.0,-1.0,-1.0,20
test,continuous,attack_fixed_continuous,benign_continuous,60,synthetic_tpr,combined,0.0,0.0,0.0,0.0,0.0,20
test,continuous,attack_fixed_continuous,benign_continuous,60,synthetic_fnr,combined,1.0,1.0,1.0,1.0,1.0,20
test,continuous,attack_fixed_continuous,benign_continuous,60,synthetic_fpr,combined,1.0,1.0,1.0,1.0,1.0,20
test,continuous,attack_fixed_continuous,benign_continuous,60,balanced_precision,combined,0.0,0.0,0.0,0.0,0.0,20
test,continuous,attack_fixed_continuous,benign_continuous,60,benign_trigger,volume,1.0,1.0,1.0,1.0,1.0,20
test,continuous,attack_fixed_continuous,benign_continuous,60,attack_alert,volume,1.0,1.0,1.0,1.0,1.0,20
test,continuous,attack_fixed_continuous,benign_continuous,60,youden_j,volume,0.0,0.0,0.0,0.0,0.0,20
test,continuous,attack_fixed_continuous,benign_continuous,60,synthetic_tpr,volume,1.0,1.0,1.0,1.0,1.0,20
test,continuous,attack_fixed_continuous,benign_continuous,60,synthetic_fnr,volume,0.0,0.0,0.0,0.0,0.0,20
test,continuous,attack_fixed_continuous,benign_continuous,60,synthetic_fpr,volume,1.0,1.0,1.0,1.0,1.0,20
test,continuous,attack_fixed_continuous,benign_continuous,60,balanced_precision,volume,0.5,0.5,0.5,0.5,0.5,20
test,continuous,attack_fixed_continuous,benign_continuous,60,benign_trigger,entropy,1.0,1.0,1.0,1.0,1.0,20
test,continuous,attack_fixed_continuous,benign_continuous,60,attack_alert,entropy,0.0,0.0,0.0,0.0,0.0,20
test,continuous,attack_fixed_continuous,benign_continuous,60,youden_j,entropy,-1.0,-1.0,-1.0,-1.0,-1.0,20
test,continuous,attack_fixed_continuous,benign_continuous,60,synthetic_tpr,entropy,0.0,0.0,0.0,0.0,0.0,20
test,continuous,attack_fixed_continuous,benign_continuous,60,synthetic_fnr,entropy,1.0,1.0,1.0,1.0,1.0,20
test,continuous,attack_fixed_continuous,benign_continuous,60,synthetic_fpr,entropy,1.0,1.0,1.0,1.0,1.0,20
test,continuous,attack_fixed_continuous,benign_continuous,60,balanced_precision,entropy,0.0,0.0,0.0,0.0,0.0,20
test,continuous,attack_fixed_continuous,benign_continuous,60,benign_trigger,unique,1.0,1.0,1.0,1.0,1.0,20
test,continuous,attack_fixed_continuous,benign_continuous,60,attack_alert,unique,0.0,0.0,0.0,0.0,0.0,20
test,continuous,attack_fixed_continuous,benign_continuous,60,youden_j,unique,-1.0,-1.0,-1.0,-1.0,-1.0,20
test,continuous,attack_fixed_continuous,benign_continuous,60,synthetic_tpr,unique,0.0,0.0,0.0,0.0,0.0,20
test,continuous,attack_fixed_continuous,benign_continuous,60,synthetic_fnr,unique,1.0,1.0,1.0,1.0,1.0,20
test,continuous,attack_fixed_continuous,benign_continuous,60,synthetic_fpr,unique,1.0,1.0,1.0,1.0,1.0,20
test,continuous,attack_fixed_continuous,benign_continuous,60,balanced_precision,unique,0.0,0.0,0.0,0.0,0.0,20
test,continuous,attack_fixed_continuous,benign_continuous,60,delta_j_combined_minus_legacy,combined-minus-legacy,-1.0,-1.0,-1.0,-1.0,-1.0,20
test,continuous,attack_fixed_continuous,benign_continuous,60,delta_j_combined_minus_volume,combined-minus-volume,-1.0,-1.0,-1.0,-1.0,-1.0,20
test,continuous,attack_fixed_continuous,benign_continuous,60,delta_j_combined_minus_entropy,combined-minus-entropy,0.0,0.0,0.0,0.0,0.0,20
test,continuous,attack_fixed_continuous,benign_continuous,60,delta_j_combined_minus_unique,combined-minus-unique,0.0,0.0,0.0,0.0,0.0,20
test,continuous,attack_fixed_continuous,benign_continuous,60,auprc_high_is_suspicious,volume,0.5,0.5,0.5,0.5,0.5,20
test,continuous,attack_fixed_continuous,benign_continuous,60,auprc_high_is_suspicious,entropy,0.3098081172121786,0.3096672127675371,0.30995952403006194,0.30968856522171845,0.3099356403458715,20
test,continuous,attack_fixed_continuous,benign_continuous,60,auprc_high_is_suspicious,unique_ratio,0.31019381357022935,0.3100077718622104,0.3104024360969799,0.3100367085824529,0.3103689371093385,20
test,continuous,attack_fixed_continuous,benign_continuous,60,validation_locked_test_attack_alert_rate,volume,0.9626666666666666,0.952,0.972333333333333,0.9536666666666666,0.9710000000000001,20
test,continuous,attack_fixed_continuous,benign_continuous,60,validation_locked_test_benign_trigger_rate,volume,0.9626666666666666,0.9516666666666665,0.9720083333333333,0.9536666666666666,0.9709999999999998,20
test,continuous,attack_fixed_continuous,benign_continuous,60,validation_locked_test_balanced_precision,volume,0.5,0.5,0.5,0.5,0.5,20
test,continuous,attack_fixed_continuous,benign_continuous,60,validation_locked_test_attack_alert_rate,entropy,0.964333333333333,0.95,0.9769999999999998,0.9526666666666668,0.9753333333333334,20
test,continuous,attack_fixed_continuous,benign_continuous,60,validation_locked_test_benign_trigger_rate,entropy,1.0,1.0,1.0,1.0,1.0,20
test,continuous,attack_fixed_continuous,benign_continuous,60,validation_locked_test_balanced_precision,entropy,0.490787389065091,0.48685194557969574,0.4940551627508125,0.48753268680595796,0.49369931427281377,20
test,continuous,attack_fixed_continuous,benign_continuous,60,validation_locked_test_attack_alert_rate,unique_ratio,0.9639999999999999,0.949325,0.9769999999999998,0.9513333333333334,0.975,20
test,continuous,attack_fixed_continuous,benign_continuous,60,validation_locked_test_benign_trigger_rate,unique_ratio,1.0,1.0,1.0,1.0,1.0,20
test,continuous,attack_fixed_continuous,benign_continuous,60,validation_locked_test_balanced_precision,unique_ratio,0.49069727949184994,0.48674732216480665,0.49405350579359936,0.487374907631983,0.4936192420847384,20
test,continuous,attack_fixed_continuous,benign_continuous,120,benign_trigger,no_defense,0.0,0.0,0.0,0.0,0.0,20
test,continuous,attack_fixed_continuous,benign_continuous,120,attack_alert,no_defense,0.0,0.0,0.0,0.0,0.0,20
test,continuous,attack_fixed_continuous,benign_continuous,120,youden_j,no_defense,0.0,0.0,0.0,0.0,0.0,20
test,continuous,attack_fixed_continuous,benign_continuous,120,synthetic_tpr,no_defense,0.0,0.0,0.0,0.0,0.0,20
test,continuous,attack_fixed_continuous,benign_continuous,120,synthetic_fnr,no_defense,1.0,1.0,1.0,1.0,1.0,20
test,continuous,attack_fixed_continuous,benign_continuous,120,synthetic_fpr,no_defense,0.0,0.0,0.0,0.0,0.0,20
test,continuous,attack_fixed_continuous,benign_continuous,120,balanced_precision,no_defense,0.0,0.0,0.0,0.0,0.0,20
test,continuous,attack_fixed_continuous,benign_continuous,120,benign_trigger,legacy,1.0,1.0,1.0,1.0,1.0,20
test,continuous,attack_fixed_continuous,benign_continuous,120,attack_alert,legacy,1.0,1.0,1.0,1.0,1.0,20
test,continuous,attack_fixed_continuous,benign_continuous,120,youden_j,legacy,0.0,0.0,0.0,0.0,0.0,20
test,continuous,attack_fixed_continuous,benign_continuous,120,synthetic_tpr,legacy,1.0,1.0,1.0,1.0,1.0,20
test,continuous,attack_fixed_continuous,benign_continuous,120,synthetic_fnr,legacy,0.0,0.0,0.0,0.0,0.0,20
test,continuous,attack_fixed_continuous,benign_continuous,120,synthetic_fpr,legacy,1.0,1.0,1.0,1.0,1.0,20
test,continuous,attack_fixed_continuous,benign_continuous,120,balanced_precision,legacy,0.5,0.5,0.5,0.5,0.5,20
test,continuous,attack_fixed_continuous,benign_continuous,120,benign_trigger,combined,1.0,1.0,1.0,1.0,1.0,20
test,continuous,attack_fixed_continuous,benign_continuous,120,attack_alert,combined,0.0,0.0,0.0,0.0,0.0,20
test,continuous,attack_fixed_continuous,benign_continuous,120,youden_j,combined,-1.0,-1.0,-1.0,-1.0,-1.0,20
test,continuous,attack_fixed_continuous,benign_continuous,120,synthetic_tpr,combined,0.0,0.0,0.0,0.0,0.0,20
test,continuous,attack_fixed_continuous,benign_continuous,120,synthetic_fnr,combined,1.0,1.0,1.0,1.0,1.0,20
test,continuous,attack_fixed_continuous,benign_continuous,120,synthetic_fpr,combined,1.0,1.0,1.0,1.0,1.0,20
test,continuous,attack_fixed_continuous,benign_continuous,120,balanced_precision,combined,0.0,0.0,0.0,0.0,0.0,20
test,continuous,attack_fixed_continuous,benign_continuous,120,benign_trigger,volume,1.0,1.0,1.0,1.0,1.0,20
test,continuous,attack_fixed_continuous,benign_continuous,120,attack_alert,volume,1.0,1.0,1.0,1.0,1.0,20
test,continuous,attack_fixed_continuous,benign_continuous,120,youden_j,volume,0.0,0.0,0.0,0.0,0.0,20
test,continuous,attack_fixed_continuous,benign_continuous,120,synthetic_tpr,volume,1.0,1.0,1.0,1.0,1.0,20
test,continuous,attack_fixed_continuous,benign_continuous,120,synthetic_fnr,volume,0.0,0.0,0.0,0.0,0.0,20
test,continuous,attack_fixed_continuous,benign_continuous,120,synthetic_fpr,volume,1.0,1.0,1.0,1.0,1.0,20
test,continuous,attack_fixed_continuous,benign_continuous,120,balanced_precision,volume,0.5,0.5,0.5,0.5,0.5,20
test,continuous,attack_fixed_continuous,benign_continuous,120,benign_trigger,entropy,1.0,1.0,1.0,1.0,1.0,20
test,continuous,attack_fixed_continuous,benign_continuous,120,attack_alert,entropy,0.0,0.0,0.0,0.0,0.0,20
test,continuous,attack_fixed_continuous,benign_continuous,120,youden_j,entropy,-1.0,-1.0,-1.0,-1.0,-1.0,20
test,continuous,attack_fixed_continuous,benign_continuous,120,synthetic_tpr,entropy,0.0,0.0,0.0,0.0,0.0,20
test,continuous,attack_fixed_continuous,benign_continuous,120,synthetic_fnr,entropy,1.0,1.0,1.0,1.0,1.0,20
test,continuous,attack_fixed_continuous,benign_continuous,120,synthetic_fpr,entropy,1.0,1.0,1.0,1.0,1.0,20
test,continuous,attack_fixed_continuous,benign_continuous,120,balanced_precision,entropy,0.0,0.0,0.0,0.0,0.0,20
test,continuous,attack_fixed_continuous,benign_continuous,120,benign_trigger,unique,1.0,1.0,1.0,1.0,1.0,20
test,continuous,attack_fixed_continuous,benign_continuous,120,attack_alert,unique,0.0,0.0,0.0,0.0,0.0,20
test,continuous,attack_fixed_continuous,benign_continuous,120,youden_j,unique,-1.0,-1.0,-1.0,-1.0,-1.0,20
test,continuous,attack_fixed_continuous,benign_continuous,120,synthetic_tpr,unique,0.0,0.0,0.0,0.0,0.0,20
test,continuous,attack_fixed_continuous,benign_continuous,120,synthetic_fnr,unique,1.0,1.0,1.0,1.0,1.0,20
test,continuous,attack_fixed_continuous,benign_continuous,120,synthetic_fpr,unique,1.0,1.0,1.0,1.0,1.0,20
test,continuous,attack_fixed_continuous,benign_continuous,120,balanced_precision,unique,0.0,0.0,0.0,0.0,0.0,20
test,continuous,attack_fixed_continuous,benign_continuous,120,delta_j_combined_minus_legacy,combined-minus-legacy,-1.0,-1.0,-1.0,-1.0,-1.0,20
test,continuous,attack_fixed_continuous,benign_continuous,120,delta_j_combined_minus_volume,combined-minus-volume,-1.0,-1.0,-1.0,-1.0,-1.0,20
test,continuous,attack_fixed_continuous,benign_continuous,120,delta_j_combined_minus_entropy,combined-minus-entropy,0.0,0.0,0.0,0.0,0.0,20
test,continuous,attack_fixed_continuous,benign_continuous,120,delta_j_combined_minus_unique,combined-minus-unique,0.0,0.0,0.0,0.0,0.0,20
test,continuous,attack_fixed_continuous,benign_continuous,120,auprc_high_is_suspicious,volume,0.5,0.5,0.5,0.5,0.5,20
test,continuous,attack_fixed_continuous,benign_continuous,120,auprc_high_is_suspicious,entropy,0.3091247121341462,0.309067041912733,0.30918453743572516,0.3090762781132871,0.3091744680303895,20
test,continuous,attack_fixed_continuous,benign_continuous,120,auprc_high_is_suspicious,unique_ratio,0.309312858236385,0.3092510295301147,0.30937107847819195,0.30926015501077464,0.309362348674201,20
test,continuous,attack_fixed_continuous,benign_continuous,120,validation_locked_test_attack_alert_rate,volume,0.9536666666666667,0.9423333333333336,0.9646666666666667,0.9440000000000003,0.9630000000000001,20
test,continuous,attack_fixed_continuous,benign_continuous,120,validation_locked_test_benign_trigger_rate,volume,0.9536666666666667,0.9426666666666665,0.9646666666666667,0.9443333333333334,0.9630000000000001,20
test,continuous,attack_fixed_continuous,benign_continuous,120,validation_locked_test_balanced_precision,volume,0.5,0.5,0.5,0.5,0.5,20
test,continuous,attack_fixed_continuous,benign_continuous,120,validation_locked_test_attack_alert_rate,entropy,0.9560000000000002,0.9426666666666665,0.9676666666666668,0.9446666666666668,0.966,20
test,continuous,attack_fixed_continuous,benign_continuous,120,validation_locked_test_benign_trigger_rate,entropy,1.0,1.0,1.0,1.0,1.0,20
test,continuous,attack_fixed_continuous,benign_continuous,120,validation_locked_test_balanced_precision,entropy,0.48863886312231586,0.48500813581980406,0.491819087191533,0.4856076092566943,0.49130711655133136,20
test,continuous,attack_fixed_continuous,benign_continuous,120,validation_locked_test_attack_alert_rate,unique_ratio,0.9553333333333335,0.942,0.9673333333333334,0.9446666666666665,0.9653333333333334,20
test,continuous,attack_fixed_continuous,benign_continuous,120,validation_locked_test_benign_trigger_rate,unique_ratio,1.0,1.0,1.0,1.0,1.0,20
test,continuous,attack_fixed_continuous,benign_continuous,120,validation_locked_test_balanced_precision,unique_ratio,0.4884648645132196,0.48502863280197306,0.49165747242058416,0.48556082648616133,0.4912114919005493,20
test,continuous,attack_fixed_continuous,benign_continuous,200,benign_trigger,no_defense,0.0,0.0,0.0,0.0,0.0,20
test,continuous,attack_fixed_continuous,benign_continuous,200,attack_alert,no_defense,0.0,0.0,0.0,0.0,0.0,20
test,continuous,attack_fixed_continuous,benign_continuous,200,youden_j,no_defense,0.0,0.0,0.0,0.0,0.0,20
test,continuous,attack_fixed_continuous,benign_continuous,200,synthetic_tpr,no_defense,0.0,0.0,0.0,0.0,0.0,20
test,continuous,attack_fixed_continuous,benign_continuous,200,synthetic_fnr,no_defense,1.0,1.0,1.0,1.0,1.0,20
test,continuous,attack_fixed_continuous,benign_continuous,200,synthetic_fpr,no_defense,0.0,0.0,0.0,0.0,0.0,20
test,continuous,attack_fixed_continuous,benign_continuous,200,balanced_precision,no_defense,0.0,0.0,0.0,0.0,0.0,20
test,continuous,attack_fixed_continuous,benign_continuous,200,benign_trigger,legacy,1.0,1.0,1.0,1.0,1.0,20
test,continuous,attack_fixed_continuous,benign_continuous,200,attack_alert,legacy,1.0,1.0,1.0,1.0,1.0,20
test,continuous,attack_fixed_continuous,benign_continuous,200,youden_j,legacy,0.0,0.0,0.0,0.0,0.0,20
test,continuous,attack_fixed_continuous,benign_continuous,200,synthetic_tpr,legacy,1.0,1.0,1.0,1.0,1.0,20
test,continuous,attack_fixed_continuous,benign_continuous,200,synthetic_fnr,legacy,0.0,0.0,0.0,0.0,0.0,20
test,continuous,attack_fixed_continuous,benign_continuous,200,synthetic_fpr,legacy,1.0,1.0,1.0,1.0,1.0,20
test,continuous,attack_fixed_continuous,benign_continuous,200,balanced_precision,legacy,0.5,0.5,0.5,0.5,0.5,20
test,continuous,attack_fixed_continuous,benign_continuous,200,benign_trigger,combined,1.0,1.0,1.0,1.0,1.0,20
test,continuous,attack_fixed_continuous,benign_continuous,200,attack_alert,combined,0.0,0.0,0.0,0.0,0.0,20
test,continuous,attack_fixed_continuous,benign_continuous,200,youden_j,combined,-1.0,-1.0,-1.0,-1.0,-1.0,20
test,continuous,attack_fixed_continuous,benign_continuous,200,synthetic_tpr,combined,0.0,0.0,0.0,0.0,0.0,20
test,continuous,attack_fixed_continuous,benign_continuous,200,synthetic_fnr,combined,1.0,1.0,1.0,1.0,1.0,20
test,continuous,attack_fixed_continuous,benign_continuous,200,synthetic_fpr,combined,1.0,1.0,1.0,1.0,1.0,20
test,continuous,attack_fixed_continuous,benign_continuous,200,balanced_precision,combined,0.0,0.0,0.0,0.0,0.0,20
test,continuous,attack_fixed_continuous,benign_continuous,200,benign_trigger,volume,1.0,1.0,1.0,1.0,1.0,20
test,continuous,attack_fixed_continuous,benign_continuous,200,attack_alert,volume,1.0,1.0,1.0,1.0,1.0,20
test,continuous,attack_fixed_continuous,benign_continuous,200,youden_j,volume,0.0,0.0,0.0,0.0,0.0,20
test,continuous,attack_fixed_continuous,benign_continuous,200,synthetic_tpr,volume,1.0,1.0,1.0,1.0,1.0,20
test,continuous,attack_fixed_continuous,benign_continuous,200,synthetic_fnr,volume,0.0,0.0,0.0,0.0,0.0,20
test,continuous,attack_fixed_continuous,benign_continuous,200,synthetic_fpr,volume,1.0,1.0,1.0,1.0,1.0,20
test,continuous,attack_fixed_continuous,benign_continuous,200,balanced_precision,volume,0.5,0.5,0.5,0.5,0.5,20
test,continuous,attack_fixed_continuous,benign_continuous,200,benign_trigger,entropy,1.0,1.0,1.0,1.0,1.0,20
test,continuous,attack_fixed_continuous,benign_continuous,200,attack_alert,entropy,0.0,0.0,0.0,0.0,0.0,20
test,continuous,attack_fixed_continuous,benign_continuous,200,youden_j,entropy,-1.0,-1.0,-1.0,-1.0,-1.0,20
test,continuous,attack_fixed_continuous,benign_continuous,200,synthetic_tpr,entropy,0.0,0.0,0.0,0.0,0.0,20
test,continuous,attack_fixed_continuous,benign_continuous,200,synthetic_fnr,entropy,1.0,1.0,1.0,1.0,1.0,20
test,continuous,attack_fixed_continuous,benign_continuous,200,synthetic_fpr,entropy,1.0,1.0,1.0,1.0,1.0,20
test,continuous,attack_fixed_continuous,benign_continuous,200,balanced_precision,entropy,0.0,0.0,0.0,0.0,0.0,20
test,continuous,attack_fixed_continuous,benign_continuous,200,benign_trigger,unique,1.0,1.0,1.0,1.0,1.0,20
test,continuous,attack_fixed_continuous,benign_continuous,200,attack_alert,unique,0.0,0.0,0.0,0.0,0.0,20
test,continuous,attack_fixed_continuous,benign_continuous,200,youden_j,unique,-1.0,-1.0,-1.0,-1.0,-1.0,20
test,continuous,attack_fixed_continuous,benign_continuous,200,synthetic_tpr,unique,0.0,0.0,0.0,0.0,0.0,20
test,continuous,attack_fixed_continuous,benign_continuous,200,synthetic_fnr,unique,1.0,1.0,1.0,1.0,1.0,20
test,continuous,attack_fixed_continuous,benign_continuous,200,synthetic_fpr,unique,1.0,1.0,1.0,1.0,1.0,20
test,continuous,attack_fixed_continuous,benign_continuous,200,balanced_precision,unique,0.0,0.0,0.0,0.0,0.0,20
test,continuous,attack_fixed_continuous,benign_continuous,200,delta_j_combined_minus_legacy,combined-minus-legacy,-1.0,-1.0,-1.0,-1.0,-1.0,20
test,continuous,attack_fixed_continuous,benign_continuous,200,delta_j_combined_minus_volume,combined-minus-volume,-1.0,-1.0,-1.0,-1.0,-1.0,20
test,continuous,attack_fixed_continuous,benign_continuous,200,delta_j_combined_minus_entropy,combined-minus-entropy,0.0,0.0,0.0,0.0,0.0,20
test,continuous,attack_fixed_continuous,benign_continuous,200,delta_j_combined_minus_unique,combined-minus-unique,0.0,0.0,0.0,0.0,0.0,20
test,continuous,attack_fixed_continuous,benign_continuous,200,auprc_high_is_suspicious,volume,0.5,0.5,0.5,0.5,0.5,20
test,continuous,attack_fixed_continuous,benign_continuous,200,auprc_high_is_suspicious,entropy,0.308804307049222,0.30877299122731494,0.30883863803655565,0.3087771144376513,0.30883287775412455,20
test,continuous,attack_fixed_continuous,benign_continuous,200,auprc_high_is_suspicious,unique_ratio,0.30895013972214563,0.3089116938810424,0.30898726239117774,0.3089172098488811,0.3089813059978799,20
test,continuous,attack_fixed_continuous,benign_continuous,200,validation_locked_test_attack_alert_rate,volume,0.9570000000000001,0.9453333333333335,0.9670000000000002,0.9476666666666667,0.9656666666666667,20
test,continuous,attack_fixed_continuous,benign_continuous,200,validation_locked_test_benign_trigger_rate,volume,0.9570000000000001,0.9456666666666667,0.9676666666666666,0.9476666666666664,0.966,20
test,continuous,attack_fixed_continuous,benign_continuous,200,validation_locked_test_balanced_precision,volume,0.5,0.5,0.5,0.5,0.5,20
test,continuous,attack_fixed_continuous,benign_continuous,200,validation_locked_test_attack_alert_rate,entropy,0.9553333333333333,0.9433333333333336,0.9656666666666667,0.9456499999999999,0.9643333333333333,20
test,continuous,attack_fixed_continuous,benign_continuous,200,validation_locked_test_benign_trigger_rate,entropy,1.0,1.0,1.0,1.0,1.0,20
test,continuous,attack_fixed_continuous,benign_continuous,200,validation_locked_test_balanced_precision,entropy,0.48848699668388385,0.48528152725947477,0.49126737348320476,0.4858033665812403,0.4908328409877889,20
test,continuous,attack_fixed_continuous,benign_continuous,200,validation_locked_test_attack_alert_rate,unique_ratio,0.9529999999999997,0.9400000000000001,0.9650000000000001,0.9423333333333332,0.9633333333333333,20
test,continuous,attack_fixed_continuous,benign_continuous,200,validation_locked_test_benign_trigger_rate,unique_ratio,1.0,1.0,1.0,1.0,1.0,20
test,continuous,attack_fixed_continuous,benign_continuous,200,validation_locked_test_balanced_precision,unique_ratio,0.4878580310742944,0.4844353283415255,0.49101859434857964,0.48507385547024223,0.4905271811486812,20
test,continuous,attack_dup_sweep_continuous,benign_continuous,24,benign_trigger,no_defense,0.0,0.0,0.0,0.0,0.0,20
test,continuous,attack_dup_sweep_continuous,benign_continuous,24,attack_alert,no_defense,0.0,0.0,0.0,0.0,0.0,20
test,continuous,attack_dup_sweep_continuous,benign_continuous,24,youden_j,no_defense,0.0,0.0,0.0,0.0,0.0,20
test,continuous,attack_dup_sweep_continuous,benign_continuous,24,synthetic_tpr,no_defense,0.0,0.0,0.0,0.0,0.0,20
test,continuous,attack_dup_sweep_continuous,benign_continuous,24,synthetic_fnr,no_defense,1.0,1.0,1.0,1.0,1.0,20
test,continuous,attack_dup_sweep_continuous,benign_continuous,24,synthetic_fpr,no_defense,0.0,0.0,0.0,0.0,0.0,20
test,continuous,attack_dup_sweep_continuous,benign_continuous,24,balanced_precision,no_defense,0.0,0.0,0.0,0.0,0.0,20
test,continuous,attack_dup_sweep_continuous,benign_continuous,24,benign_trigger,legacy,1.0,1.0,1.0,1.0,1.0,20
test,continuous,attack_dup_sweep_continuous,benign_continuous,24,attack_alert,legacy,1.0,1.0,1.0,1.0,1.0,20
test,continuous,attack_dup_sweep_continuous,benign_continuous,24,youden_j,legacy,0.0,0.0,0.0,0.0,0.0,20
test,continuous,attack_dup_sweep_continuous,benign_continuous,24,synthetic_tpr,legacy,1.0,1.0,1.0,1.0,1.0,20
test,continuous,attack_dup_sweep_continuous,benign_continuous,24,synthetic_fnr,legacy,0.0,0.0,0.0,0.0,0.0,20
test,continuous,attack_dup_sweep_continuous,benign_continuous,24,synthetic_fpr,legacy,1.0,1.0,1.0,1.0,1.0,20
test,continuous,attack_dup_sweep_continuous,benign_continuous,24,balanced_precision,legacy,0.5,0.5,0.5,0.5,0.5,20
test,continuous,attack_dup_sweep_continuous,benign_continuous,24,benign_trigger,combined,0.5096666666666667,0.47166666666666657,0.5453333333333333,0.47800000000000004,0.5406666666666667,20
test,continuous,attack_dup_sweep_continuous,benign_continuous,24,attack_alert,combined,0.0,0.0,0.0,0.0,0.0,20
test,continuous,attack_dup_sweep_continuous,benign_continuous,24,youden_j,combined,-0.5096666666666667,-0.5443333333333333,-0.47165833333333335,-0.539,-0.47766666666666663,20
test,continuous,attack_dup_sweep_continuous,benign_continuous,24,synthetic_tpr,combined,0.0,0.0,0.0,0.0,0.0,20
test,continuous,attack_dup_sweep_continuous,benign_continuous,24,synthetic_fnr,combined,1.0,1.0,1.0,1.0,1.0,20
test,continuous,attack_dup_sweep_continuous,benign_continuous,24,synthetic_fpr,combined,0.5096666666666667,0.47199999999999986,0.546,0.479,0.5399999999999998,20
test,continuous,attack_dup_sweep_continuous,benign_continuous,24,balanced_precision,combined,0.0,0.0,0.0,0.0,0.0,20
test,continuous,attack_dup_sweep_continuous,benign_continuous,24,benign_trigger,volume,0.5096666666666667,0.47199166666666664,0.5460083333333333,0.47866666666666663,0.5403333333333333,20
test,continuous,attack_dup_sweep_continuous,benign_continuous,24,attack_alert,volume,0.5096666666666667,0.4716666666666667,0.544,0.47833333333333333,0.5396666666666666,20
test,continuous,attack_dup_sweep_continuous,benign_continuous,24,youden_j,volume,0.0,0.0,0.0,0.0,0.0,20
test,continuous,attack_dup_sweep_continuous,benign_continuous,24,synthetic_tpr,volume,0.5096666666666667,0.47233333333333327,0.5453333333333334,0.47833333333333333,0.5403333333333334,20
test,continuous,attack_dup_sweep_continuous,benign_continuous,24,synthetic_fnr,volume,0.49033333333333334,0.45599999999999996,0.5306666666666666,0.4603166666666666,0.5226666666666666,20
test,continuous,attack_dup_sweep_continuous,benign_continuous,24,synthetic_fpr,volume,0.5096666666666667,0.4713333333333334,0.546,0.4779999999999999,0.5406833333333334,20
test,continuous,attack_dup_sweep_continuous,benign_continuous,24,balanced_precision,volume,0.5,0.5,0.5,0.5,0.5,20
test,continuous,attack_dup_sweep_continuous,benign_continuous,24,benign_trigger,entropy,0.9503333333333334,0.9363333333333334,0.9633333333333335,0.9386666666666669,0.9613333333333335,20
test,continuous,attack_dup_sweep_continuous,benign_continuous,24,attack_alert,entropy,0.169,0.14833333333333334,0.191,0.15133333333333332,0.18733333333333332,20
test,continuous,attack_dup_sweep_continuous,benign_continuous,24,youden_j,entropy,-0.7813333333333332,-0.8043333333333335,-0.7586666666666666,-0.8006666666666666,-0.7616666666666668,20
test,continuous,attack_dup_sweep_continuous,benign_continuous,24,synthetic_tpr,entropy,0.169,0.14833333333333334,0.19033333333333333,0.15166666666666667,0.187,20
test,continuous,attack_dup_sweep_continuous,benign_continuous,24,synthetic_fnr,entropy,0.8310000000000001,0.8099916666666667,0.8513333333333334,0.8133333333333335,0.8483333333333333,20
test,continuous,attack_dup_sweep_continuous,benign_continuous,24,synthetic_fpr,entropy,0.9503333333333334,0.9369999999999997,0.9636666666666667,0.9389833333333331,0.9616666666666666,20
test,continuous,attack_dup_sweep_continuous,benign_continuous,24,balanced_precision,entropy,0.1493980081926549,0.13418725113802507,0.16552103244209837,0.1364220407939861,0.1630081751745084,20
test,continuous,attack_dup_sweep_continuous,benign_continuous,24,benign_trigger,unique,1.0,1.0,1.0,1.0,1.0,20
test,continuous,attack_dup_sweep_continuous,benign_continuous,24,attack_alert,unique,0.0013333333333333335,0.0003333333333333334,0.002666666666666667,0.0003333333333333334,0.0023333333333333335,20
test,continuous,attack_dup_sweep_continuous,benign_continuous,24,youden_j,unique,-0.9986666666666666,-0.9996666666666666,-0.9973333333333333,-0.9996666666666666,-0.9976666666666665,20
test,continuous,attack_dup_sweep_continuous,benign_continuous,24,synthetic_tpr,unique,0.0013333333333333335,0.0003333333333333334,0.002666666666666667,0.0003333333333333334,0.0023333333333333335,20
test,continuous,attack_dup_sweep_continuous,benign_continuous,24,synthetic_fnr,unique,0.9986666666666666,0.9973333333333333,0.9996666666666666,0.9976666666666665,0.9996666666666666,20
test,continuous,attack_dup_sweep_continuous,benign_continuous,24,synthetic_fpr,unique,1.0,1.0,1.0,1.0,1.0,20
test,continuous,attack_dup_sweep_continuous,benign_continuous,24,balanced_precision,unique,0.0013245033112582784,0.0003311258278145696,0.0026490066225165563,0.0003311258278145696,0.002317880794701987,20
test,continuous,attack_dup_sweep_continuous,benign_continuous,24,delta_j_combined_minus_legacy,combined-minus-legacy,-0.5096666666666667,-0.5446666666666667,-0.4706666666666668,-0.5393500000000001,-0.47666666666666674,20
test,continuous,attack_dup_sweep_continuous,benign_continuous,24,delta_j_combined_minus_volume,combined-minus-volume,-0.5096666666666667,-0.545,-0.47166666666666657,-0.539,-0.47764999999999985,20
test,continuous,attack_dup_sweep_continuous,benign_continuous,24,delta_j_combined_minus_entropy,combined-minus-entropy,0.27166666666666667,0.22599166666666665,0.3166666666666666,0.23333333333333334,0.31033333333333335,20
test,continuous,attack_dup_sweep_continuous,benign_continuous,24,delta_j_combined_minus_unique,combined-minus-unique,0.489,0.4546666666666666,0.5260083333333332,0.45933333333333326,0.5203333333333332,20
test,continuous,attack_dup_sweep_continuous,benign_continuous,24,auprc_high_is_suspicious,volume,0.5,0.5,0.5,0.5,0.5,20
test,continuous,attack_dup_sweep_continuous,benign_continuous,24,auprc_high_is_suspicious,entropy,0.31531984916707706,0.3144789232915577,0.31621795581882545,0.31461562313034475,0.3160717842683009,20
test,continuous,attack_dup_sweep_continuous,benign_continuous,24,auprc_high_is_suspicious,unique_ratio,0.31569183055628025,0.3152600439455209,0.3161748492040603,0.31532297032331746,0.31608493208388083,20
test,continuous,attack_dup_sweep_continuous,benign_continuous,24,validation_locked_test_attack_alert_rate,volume,0.9690000000000001,0.9573333333333334,0.9796666666666669,0.9593333333333336,0.9783333333333335,20
test,continuous,attack_dup_sweep_continuous,benign_continuous,24,validation_locked_test_benign_trigger_rate,volume,0.9690000000000001,0.9566666666666668,0.9793333333333335,0.959,0.9780000000000001,20
test,continuous,attack_dup_sweep_continuous,benign_continuous,24,validation_locked_test_balanced_precision,volume,0.5,0.5,0.5,0.5,0.5,20
test,continuous,attack_dup_sweep_continuous,benign_continuous,24,validation_locked_test_attack_alert_rate,entropy,0.9530000000000001,0.9390000000000001,0.9653333333333333,0.9413333333333334,0.9636666666666664,20
test,continuous,attack_dup_sweep_continuous,benign_continuous,24,validation_locked_test_benign_trigger_rate,entropy,1.0,1.0,1.0,1.0,1.0,20
test,continuous,attack_dup_sweep_continuous,benign_continuous,24,validation_locked_test_balanced_precision,entropy,0.48784438458527957,0.4843308877335418,0.49127416845320065,0.48491991001501117,0.4907612861454819,20
test,continuous,attack_dup_sweep_continuous,benign_continuous,24,validation_locked_test_attack_alert_rate,unique_ratio,0.9503333333333334,0.933,0.9653416666666665,0.9360000000000002,0.9633333333333335,20
test,continuous,attack_dup_sweep_continuous,benign_continuous,24,validation_locked_test_benign_trigger_rate,unique_ratio,1.0,1.0,1.0,1.0,1.0,20
test,continuous,attack_dup_sweep_continuous,benign_continuous,24,validation_locked_test_balanced_precision,unique_ratio,0.4870715885344132,0.48222569839586266,0.49118260085496407,0.4831194199602197,0.4905592041014434,20
test,continuous,attack_dup_sweep_continuous,benign_continuous,60,benign_trigger,no_defense,0.0,0.0,0.0,0.0,0.0,20
test,continuous,attack_dup_sweep_continuous,benign_continuous,60,attack_alert,no_defense,0.0,0.0,0.0,0.0,0.0,20
test,continuous,attack_dup_sweep_continuous,benign_continuous,60,youden_j,no_defense,0.0,0.0,0.0,0.0,0.0,20
test,continuous,attack_dup_sweep_continuous,benign_continuous,60,synthetic_tpr,no_defense,0.0,0.0,0.0,0.0,0.0,20
test,continuous,attack_dup_sweep_continuous,benign_continuous,60,synthetic_fnr,no_defense,1.0,1.0,1.0,1.0,1.0,20
test,continuous,attack_dup_sweep_continuous,benign_continuous,60,synthetic_fpr,no_defense,0.0,0.0,0.0,0.0,0.0,20
test,continuous,attack_dup_sweep_continuous,benign_continuous,60,balanced_precision,no_defense,0.0,0.0,0.0,0.0,0.0,20
test,continuous,attack_dup_sweep_continuous,benign_continuous,60,benign_trigger,legacy,1.0,1.0,1.0,1.0,1.0,20
test,continuous,attack_dup_sweep_continuous,benign_continuous,60,attack_alert,legacy,1.0,1.0,1.0,1.0,1.0,20
test,continuous,attack_dup_sweep_continuous,benign_continuous,60,youden_j,legacy,0.0,0.0,0.0,0.0,0.0,20
test,continuous,attack_dup_sweep_continuous,benign_continuous,60,synthetic_tpr,legacy,1.0,1.0,1.0,1.0,1.0,20
test,continuous,attack_dup_sweep_continuous,benign_continuous,60,synthetic_fnr,legacy,0.0,0.0,0.0,0.0,0.0,20
test,continuous,attack_dup_sweep_continuous,benign_continuous,60,synthetic_fpr,legacy,1.0,1.0,1.0,1.0,1.0,20
test,continuous,attack_dup_sweep_continuous,benign_continuous,60,balanced_precision,legacy,0.5,0.5,0.5,0.5,0.5,20
test,continuous,attack_dup_sweep_continuous,benign_continuous,60,benign_trigger,combined,1.0,1.0,1.0,1.0,1.0,20
test,continuous,attack_dup_sweep_continuous,benign_continuous,60,attack_alert,combined,0.0,0.0,0.0,0.0,0.0,20
test,continuous,attack_dup_sweep_continuous,benign_continuous,60,youden_j,combined,-1.0,-1.0,-1.0,-1.0,-1.0,20
test,continuous,attack_dup_sweep_continuous,benign_continuous,60,synthetic_tpr,combined,0.0,0.0,0.0,0.0,0.0,20
test,continuous,attack_dup_sweep_continuous,benign_continuous,60,synthetic_fnr,combined,1.0,1.0,1.0,1.0,1.0,20
test,continuous,attack_dup_sweep_continuous,benign_continuous,60,synthetic_fpr,combined,1.0,1.0,1.0,1.0,1.0,20
test,continuous,attack_dup_sweep_continuous,benign_continuous,60,balanced_precision,combined,0.0,0.0,0.0,0.0,0.0,20
test,continuous,attack_dup_sweep_continuous,benign_continuous,60,benign_trigger,volume,1.0,1.0,1.0,1.0,1.0,20
test,continuous,attack_dup_sweep_continuous,benign_continuous,60,attack_alert,volume,1.0,1.0,1.0,1.0,1.0,20
test,continuous,attack_dup_sweep_continuous,benign_continuous,60,youden_j,volume,0.0,0.0,0.0,0.0,0.0,20
test,continuous,attack_dup_sweep_continuous,benign_continuous,60,synthetic_tpr,volume,1.0,1.0,1.0,1.0,1.0,20
test,continuous,attack_dup_sweep_continuous,benign_continuous,60,synthetic_fnr,volume,0.0,0.0,0.0,0.0,0.0,20
test,continuous,attack_dup_sweep_continuous,benign_continuous,60,synthetic_fpr,volume,1.0,1.0,1.0,1.0,1.0,20
test,continuous,attack_dup_sweep_continuous,benign_continuous,60,balanced_precision,volume,0.5,0.5,0.5,0.5,0.5,20
test,continuous,attack_dup_sweep_continuous,benign_continuous,60,benign_trigger,entropy,1.0,1.0,1.0,1.0,1.0,20
test,continuous,attack_dup_sweep_continuous,benign_continuous,60,attack_alert,entropy,1.0,1.0,1.0,1.0,1.0,20
test,continuous,attack_dup_sweep_continuous,benign_continuous,60,youden_j,entropy,0.0,0.0,0.0,0.0,0.0,20
test,continuous,attack_dup_sweep_continuous,benign_continuous,60,synthetic_tpr,entropy,1.0,1.0,1.0,1.0,1.0,20
test,continuous,attack_dup_sweep_continuous,benign_continuous,60,synthetic_fnr,entropy,0.0,0.0,0.0,0.0,0.0,20
test,continuous,attack_dup_sweep_continuous,benign_continuous,60,synthetic_fpr,entropy,1.0,1.0,1.0,1.0,1.0,20
test,continuous,attack_dup_sweep_continuous,benign_continuous,60,balanced_precision,entropy,0.5,0.5,0.5,0.5,0.5,20
test,continuous,attack_dup_sweep_continuous,benign_continuous,60,benign_trigger,unique,1.0,1.0,1.0,1.0,1.0,20
test,continuous,attack_dup_sweep_continuous,benign_continuous,60,attack_alert,unique,0.0,0.0,0.0,0.0,0.0,20
test,continuous,attack_dup_sweep_continuous,benign_continuous,60,youden_j,unique,-1.0,-1.0,-1.0,-1.0,-1.0,20
test,continuous,attack_dup_sweep_continuous,benign_continuous,60,synthetic_tpr,unique,0.0,0.0,0.0,0.0,0.0,20
test,continuous,attack_dup_sweep_continuous,benign_continuous,60,synthetic_fnr,unique,1.0,1.0,1.0,1.0,1.0,20
test,continuous,attack_dup_sweep_continuous,benign_continuous,60,synthetic_fpr,unique,1.0,1.0,1.0,1.0,1.0,20
test,continuous,attack_dup_sweep_continuous,benign_continuous,60,balanced_precision,unique,0.0,0.0,0.0,0.0,0.0,20
test,continuous,attack_dup_sweep_continuous,benign_continuous,60,delta_j_combined_minus_legacy,combined-minus-legacy,-1.0,-1.0,-1.0,-1.0,-1.0,20
test,continuous,attack_dup_sweep_continuous,benign_continuous,60,delta_j_combined_minus_volume,combined-minus-volume,-1.0,-1.0,-1.0,-1.0,-1.0,20
test,continuous,attack_dup_sweep_continuous,benign_continuous,60,delta_j_combined_minus_entropy,combined-minus-entropy,-1.0,-1.0,-1.0,-1.0,-1.0,20
test,continuous,attack_dup_sweep_continuous,benign_continuous,60,delta_j_combined_minus_unique,combined-minus-unique,0.0,0.0,0.0,0.0,0.0,20
test,continuous,attack_dup_sweep_continuous,benign_continuous,60,auprc_high_is_suspicious,volume,0.5,0.5,0.5,0.5,0.5,20
test,continuous,attack_dup_sweep_continuous,benign_continuous,60,auprc_high_is_suspicious,entropy,0.30976110885183533,0.30964898293263277,0.30988616998860047,0.3096641865595375,0.3098667095983568,20
test,continuous,attack_dup_sweep_continuous,benign_continuous,60,auprc_high_is_suspicious,unique_ratio,0.31156868975164953,0.3113809433924057,0.31175945151803275,0.31141281217510597,0.31172810783874316,20
test,continuous,attack_dup_sweep_continuous,benign_continuous,60,validation_locked_test_attack_alert_rate,volume,0.9626666666666666,0.9516666666666664,0.9719999999999999,0.9536666666666666,0.9706666666666666,20
test,continuous,attack_dup_sweep_continuous,benign_continuous,60,validation_locked_test_benign_trigger_rate,volume,0.9626666666666666,0.9516583333333333,0.9723333333333333,0.9536499999999997,0.9706666666666667,20
test,continuous,attack_dup_sweep_continuous,benign_continuous,60,validation_locked_test_balanced_precision,volume,0.5,0.5,0.5,0.5,0.5,20
test,continuous,attack_dup_sweep_continuous,benign_continuous,60,validation_locked_test_attack_alert_rate,entropy,0.9549999999999998,0.9410000000000002,0.9669999999999999,0.9436666666666665,0.9650000000000001,20
test,continuous,attack_dup_sweep_continuous,benign_continuous,60,validation_locked_test_benign_trigger_rate,entropy,1.0,1.0,1.0,1.0,1.0,20
test,continuous,attack_dup_sweep_continuous,benign_continuous,60,validation_locked_test_balanced_precision,entropy,0.4883718299794153,0.4846286713384325,0.4916041802180055,0.4853436492257645,0.49112231616209184,20
test,continuous,attack_dup_sweep_continuous,benign_continuous,60,validation_locked_test_attack_alert_rate,unique_ratio,0.9443333333333331,0.9306666666666666,0.9566666666666667,0.933,0.9549999999999998,20
test,continuous,attack_dup_sweep_continuous,benign_continuous,60,validation_locked_test_benign_trigger_rate,unique_ratio,1.0,1.0,1.0,1.0,1.0,20
test,continuous,attack_dup_sweep_continuous,benign_continuous,60,validation_locked_test_balanced_precision,unique_ratio,0.48556429575875837,0.4818499969495789,0.4889016452774326,0.48244344767451736,0.48841539563160147,20
test,continuous,attack_dup_sweep_continuous,benign_continuous,120,benign_trigger,no_defense,0.0,0.0,0.0,0.0,0.0,20
test,continuous,attack_dup_sweep_continuous,benign_continuous,120,attack_alert,no_defense,0.0,0.0,0.0,0.0,0.0,20
test,continuous,attack_dup_sweep_continuous,benign_continuous,120,youden_j,no_defense,0.0,0.0,0.0,0.0,0.0,20
test,continuous,attack_dup_sweep_continuous,benign_continuous,120,synthetic_tpr,no_defense,0.0,0.0,0.0,0.0,0.0,20
test,continuous,attack_dup_sweep_continuous,benign_continuous,120,synthetic_fnr,no_defense,1.0,1.0,1.0,1.0,1.0,20
test,continuous,attack_dup_sweep_continuous,benign_continuous,120,synthetic_fpr,no_defense,0.0,0.0,0.0,0.0,0.0,20
test,continuous,attack_dup_sweep_continuous,benign_continuous,120,balanced_precision,no_defense,0.0,0.0,0.0,0.0,0.0,20
test,continuous,attack_dup_sweep_continuous,benign_continuous,120,benign_trigger,legacy,1.0,1.0,1.0,1.0,1.0,20
test,continuous,attack_dup_sweep_continuous,benign_continuous,120,attack_alert,legacy,1.0,1.0,1.0,1.0,1.0,20
test,continuous,attack_dup_sweep_continuous,benign_continuous,120,youden_j,legacy,0.0,0.0,0.0,0.0,0.0,20
test,continuous,attack_dup_sweep_continuous,benign_continuous,120,synthetic_tpr,legacy,1.0,1.0,1.0,1.0,1.0,20
test,continuous,attack_dup_sweep_continuous,benign_continuous,120,synthetic_fnr,legacy,0.0,0.0,0.0,0.0,0.0,20
test,continuous,attack_dup_sweep_continuous,benign_continuous,120,synthetic_fpr,legacy,1.0,1.0,1.0,1.0,1.0,20
test,continuous,attack_dup_sweep_continuous,benign_continuous,120,balanced_precision,legacy,0.5,0.5,0.5,0.5,0.5,20
test,continuous,attack_dup_sweep_continuous,benign_continuous,120,benign_trigger,combined,1.0,1.0,1.0,1.0,1.0,20
test,continuous,attack_dup_sweep_continuous,benign_continuous,120,attack_alert,combined,0.0,0.0,0.0,0.0,0.0,20
test,continuous,attack_dup_sweep_continuous,benign_continuous,120,youden_j,combined,-1.0,-1.0,-1.0,-1.0,-1.0,20
test,continuous,attack_dup_sweep_continuous,benign_continuous,120,synthetic_tpr,combined,0.0,0.0,0.0,0.0,0.0,20
test,continuous,attack_dup_sweep_continuous,benign_continuous,120,synthetic_fnr,combined,1.0,1.0,1.0,1.0,1.0,20
test,continuous,attack_dup_sweep_continuous,benign_continuous,120,synthetic_fpr,combined,1.0,1.0,1.0,1.0,1.0,20
test,continuous,attack_dup_sweep_continuous,benign_continuous,120,balanced_precision,combined,0.0,0.0,0.0,0.0,0.0,20
test,continuous,attack_dup_sweep_continuous,benign_continuous,120,benign_trigger,volume,1.0,1.0,1.0,1.0,1.0,20
test,continuous,attack_dup_sweep_continuous,benign_continuous,120,attack_alert,volume,1.0,1.0,1.0,1.0,1.0,20
test,continuous,attack_dup_sweep_continuous,benign_continuous,120,youden_j,volume,0.0,0.0,0.0,0.0,0.0,20
test,continuous,attack_dup_sweep_continuous,benign_continuous,120,synthetic_tpr,volume,1.0,1.0,1.0,1.0,1.0,20
test,continuous,attack_dup_sweep_continuous,benign_continuous,120,synthetic_fnr,volume,0.0,0.0,0.0,0.0,0.0,20
test,continuous,attack_dup_sweep_continuous,benign_continuous,120,synthetic_fpr,volume,1.0,1.0,1.0,1.0,1.0,20
test,continuous,attack_dup_sweep_continuous,benign_continuous,120,balanced_precision,volume,0.5,0.5,0.5,0.5,0.5,20
test,continuous,attack_dup_sweep_continuous,benign_continuous,120,benign_trigger,entropy,1.0,1.0,1.0,1.0,1.0,20
test,continuous,attack_dup_sweep_continuous,benign_continuous,120,attack_alert,entropy,1.0,1.0,1.0,1.0,1.0,20
test,continuous,attack_dup_sweep_continuous,benign_continuous,120,youden_j,entropy,0.0,0.0,0.0,0.0,0.0,20
test,continuous,attack_dup_sweep_continuous,benign_continuous,120,synthetic_tpr,entropy,1.0,1.0,1.0,1.0,1.0,20
test,continuous,attack_dup_sweep_continuous,benign_continuous,120,synthetic_fnr,entropy,0.0,0.0,0.0,0.0,0.0,20
test,continuous,attack_dup_sweep_continuous,benign_continuous,120,synthetic_fpr,entropy,1.0,1.0,1.0,1.0,1.0,20
test,continuous,attack_dup_sweep_continuous,benign_continuous,120,balanced_precision,entropy,0.5,0.5,0.5,0.5,0.5,20
test,continuous,attack_dup_sweep_continuous,benign_continuous,120,benign_trigger,unique,1.0,1.0,1.0,1.0,1.0,20
test,continuous,attack_dup_sweep_continuous,benign_continuous,120,attack_alert,unique,0.0,0.0,0.0,0.0,0.0,20
test,continuous,attack_dup_sweep_continuous,benign_continuous,120,youden_j,unique,-1.0,-1.0,-1.0,-1.0,-1.0,20
test,continuous,attack_dup_sweep_continuous,benign_continuous,120,synthetic_tpr,unique,0.0,0.0,0.0,0.0,0.0,20
test,continuous,attack_dup_sweep_continuous,benign_continuous,120,synthetic_fnr,unique,1.0,1.0,1.0,1.0,1.0,20
test,continuous,attack_dup_sweep_continuous,benign_continuous,120,synthetic_fpr,unique,1.0,1.0,1.0,1.0,1.0,20
test,continuous,attack_dup_sweep_continuous,benign_continuous,120,balanced_precision,unique,0.0,0.0,0.0,0.0,0.0,20
test,continuous,attack_dup_sweep_continuous,benign_continuous,120,delta_j_combined_minus_legacy,combined-minus-legacy,-1.0,-1.0,-1.0,-1.0,-1.0,20
test,continuous,attack_dup_sweep_continuous,benign_continuous,120,delta_j_combined_minus_volume,combined-minus-volume,-1.0,-1.0,-1.0,-1.0,-1.0,20
test,continuous,attack_dup_sweep_continuous,benign_continuous,120,delta_j_combined_minus_entropy,combined-minus-entropy,-1.0,-1.0,-1.0,-1.0,-1.0,20
test,continuous,attack_dup_sweep_continuous,benign_continuous,120,delta_j_combined_minus_unique,combined-minus-unique,0.0,0.0,0.0,0.0,0.0,20
test,continuous,attack_dup_sweep_continuous,benign_continuous,120,auprc_high_is_suspicious,volume,0.5,0.5,0.5,0.5,0.5,20
test,continuous,attack_dup_sweep_continuous,benign_continuous,120,auprc_high_is_suspicious,entropy,0.30891492195426234,0.3088536181659822,0.3089770935906814,0.3088627292202101,0.3089687000028626,20
test,continuous,attack_dup_sweep_continuous,benign_continuous,120,auprc_high_is_suspicious,unique_ratio,0.310033590565158,0.30987445200685537,0.3101962996435157,0.30989923073011644,0.31017139355309264,20
test,continuous,attack_dup_sweep_continuous,benign_continuous,120,validation_locked_test_attack_alert_rate,volume,0.9536666666666667,0.942,0.9646666666666668,0.9436666666666668,0.9629999999999999,20
test,continuous,attack_dup_sweep_continuous,benign_continuous,120,validation_locked_test_benign_trigger_rate,volume,0.9536666666666667,0.9423333333333334,0.9646666666666665,0.9443333333333331,0.9629999999999999,20
test,continuous,attack_dup_sweep_continuous,benign_continuous,120,validation_locked_test_balanced_precision,volume,0.5,0.5,0.5,0.5,0.5,20
test,continuous,attack_dup_sweep_continuous,benign_continuous,120,validation_locked_test_attack_alert_rate,entropy,0.9470000000000001,0.937,0.9573333333333333,0.9383333333333335,0.9556666666666667,20
test,continuous,attack_dup_sweep_continuous,benign_continuous,120,validation_locked_test_benign_trigger_rate,entropy,1.0,1.0,1.0,1.0,1.0,20
test,continuous,attack_dup_sweep_continuous,benign_continuous,120,validation_locked_test_balanced_precision,entropy,0.48631911386683724,0.4836749256356642,0.48894946716649096,0.48403762014986884,0.48850328819988786,20
test,continuous,attack_dup_sweep_continuous,benign_continuous,120,validation_locked_test_attack_alert_rate,unique_ratio,0.9353333333333331,0.9179999999999999,0.952,0.9213166666666665,0.9493333333333334,20
test,continuous,attack_dup_sweep_continuous,benign_continuous,120,validation_locked_test_benign_trigger_rate,unique_ratio,1.0,1.0,1.0,1.0,1.0,20
test,continuous,attack_dup_sweep_continuous,benign_continuous,120,validation_locked_test_balanced_precision,unique_ratio,0.48309546555548133,0.47860597795083804,0.48745710886973714,0.4793560234141315,0.4868076034003309,20
test,continuous,attack_dup_sweep_continuous,benign_continuous,200,benign_trigger,no_defense,0.0,0.0,0.0,0.0,0.0,20
test,continuous,attack_dup_sweep_continuous,benign_continuous,200,attack_alert,no_defense,0.0,0.0,0.0,0.0,0.0,20
test,continuous,attack_dup_sweep_continuous,benign_continuous,200,youden_j,no_defense,0.0,0.0,0.0,0.0,0.0,20
test,continuous,attack_dup_sweep_continuous,benign_continuous,200,synthetic_tpr,no_defense,0.0,0.0,0.0,0.0,0.0,20
test,continuous,attack_dup_sweep_continuous,benign_continuous,200,synthetic_fnr,no_defense,1.0,1.0,1.0,1.0,1.0,20
test,continuous,attack_dup_sweep_continuous,benign_continuous,200,synthetic_fpr,no_defense,0.0,0.0,0.0,0.0,0.0,20
test,continuous,attack_dup_sweep_continuous,benign_continuous,200,balanced_precision,no_defense,0.0,0.0,0.0,0.0,0.0,20
test,continuous,attack_dup_sweep_continuous,benign_continuous,200,benign_trigger,legacy,1.0,1.0,1.0,1.0,1.0,20
test,continuous,attack_dup_sweep_continuous,benign_continuous,200,attack_alert,legacy,1.0,1.0,1.0,1.0,1.0,20
test,continuous,attack_dup_sweep_continuous,benign_continuous,200,youden_j,legacy,0.0,0.0,0.0,0.0,0.0,20
test,continuous,attack_dup_sweep_continuous,benign_continuous,200,synthetic_tpr,legacy,1.0,1.0,1.0,1.0,1.0,20
test,continuous,attack_dup_sweep_continuous,benign_continuous,200,synthetic_fnr,legacy,0.0,0.0,0.0,0.0,0.0,20
test,continuous,attack_dup_sweep_continuous,benign_continuous,200,synthetic_fpr,legacy,1.0,1.0,1.0,1.0,1.0,20
test,continuous,attack_dup_sweep_continuous,benign_continuous,200,balanced_precision,legacy,0.5,0.5,0.5,0.5,0.5,20
test,continuous,attack_dup_sweep_continuous,benign_continuous,200,benign_trigger,combined,1.0,1.0,1.0,1.0,1.0,20
test,continuous,attack_dup_sweep_continuous,benign_continuous,200,attack_alert,combined,0.0,0.0,0.0,0.0,0.0,20
test,continuous,attack_dup_sweep_continuous,benign_continuous,200,youden_j,combined,-1.0,-1.0,-1.0,-1.0,-1.0,20
test,continuous,attack_dup_sweep_continuous,benign_continuous,200,synthetic_tpr,combined,0.0,0.0,0.0,0.0,0.0,20
test,continuous,attack_dup_sweep_continuous,benign_continuous,200,synthetic_fnr,combined,1.0,1.0,1.0,1.0,1.0,20
test,continuous,attack_dup_sweep_continuous,benign_continuous,200,synthetic_fpr,combined,1.0,1.0,1.0,1.0,1.0,20
test,continuous,attack_dup_sweep_continuous,benign_continuous,200,balanced_precision,combined,0.0,0.0,0.0,0.0,0.0,20
test,continuous,attack_dup_sweep_continuous,benign_continuous,200,benign_trigger,volume,1.0,1.0,1.0,1.0,1.0,20
test,continuous,attack_dup_sweep_continuous,benign_continuous,200,attack_alert,volume,1.0,1.0,1.0,1.0,1.0,20
test,continuous,attack_dup_sweep_continuous,benign_continuous,200,youden_j,volume,0.0,0.0,0.0,0.0,0.0,20
test,continuous,attack_dup_sweep_continuous,benign_continuous,200,synthetic_tpr,volume,1.0,1.0,1.0,1.0,1.0,20
test,continuous,attack_dup_sweep_continuous,benign_continuous,200,synthetic_fnr,volume,0.0,0.0,0.0,0.0,0.0,20
test,continuous,attack_dup_sweep_continuous,benign_continuous,200,synthetic_fpr,volume,1.0,1.0,1.0,1.0,1.0,20
test,continuous,attack_dup_sweep_continuous,benign_continuous,200,balanced_precision,volume,0.5,0.5,0.5,0.5,0.5,20
test,continuous,attack_dup_sweep_continuous,benign_continuous,200,benign_trigger,entropy,1.0,1.0,1.0,1.0,1.0,20
test,continuous,attack_dup_sweep_continuous,benign_continuous,200,attack_alert,entropy,1.0,1.0,1.0,1.0,1.0,20
test,continuous,attack_dup_sweep_continuous,benign_continuous,200,youden_j,entropy,0.0,0.0,0.0,0.0,0.0,20
test,continuous,attack_dup_sweep_continuous,benign_continuous,200,synthetic_tpr,entropy,1.0,1.0,1.0,1.0,1.0,20
test,continuous,attack_dup_sweep_continuous,benign_continuous,200,synthetic_fnr,entropy,0.0,0.0,0.0,0.0,0.0,20
test,continuous,attack_dup_sweep_continuous,benign_continuous,200,synthetic_fpr,entropy,1.0,1.0,1.0,1.0,1.0,20
test,continuous,attack_dup_sweep_continuous,benign_continuous,200,balanced_precision,entropy,0.5,0.5,0.5,0.5,0.5,20
test,continuous,attack_dup_sweep_continuous,benign_continuous,200,benign_trigger,unique,1.0,1.0,1.0,1.0,1.0,20
test,continuous,attack_dup_sweep_continuous,benign_continuous,200,attack_alert,unique,0.0,0.0,0.0,0.0,0.0,20
test,continuous,attack_dup_sweep_continuous,benign_continuous,200,youden_j,unique,-1.0,-1.0,-1.0,-1.0,-1.0,20
test,continuous,attack_dup_sweep_continuous,benign_continuous,200,synthetic_tpr,unique,0.0,0.0,0.0,0.0,0.0,20
test,continuous,attack_dup_sweep_continuous,benign_continuous,200,synthetic_fnr,unique,1.0,1.0,1.0,1.0,1.0,20
test,continuous,attack_dup_sweep_continuous,benign_continuous,200,synthetic_fpr,unique,1.0,1.0,1.0,1.0,1.0,20
test,continuous,attack_dup_sweep_continuous,benign_continuous,200,balanced_precision,unique,0.0,0.0,0.0,0.0,0.0,20
test,continuous,attack_dup_sweep_continuous,benign_continuous,200,delta_j_combined_minus_legacy,combined-minus-legacy,-1.0,-1.0,-1.0,-1.0,-1.0,20
test,continuous,attack_dup_sweep_continuous,benign_continuous,200,delta_j_combined_minus_volume,combined-minus-volume,-1.0,-1.0,-1.0,-1.0,-1.0,20
test,continuous,attack_dup_sweep_continuous,benign_continuous,200,delta_j_combined_minus_entropy,combined-minus-entropy,-1.0,-1.0,-1.0,-1.0,-1.0,20
test,continuous,attack_dup_sweep_continuous,benign_continuous,200,delta_j_combined_minus_unique,combined-minus-unique,0.0,0.0,0.0,0.0,0.0,20
test,continuous,attack_dup_sweep_continuous,benign_continuous,200,auprc_high_is_suspicious,volume,0.5,0.5,0.5,0.5,0.5,20
test,continuous,attack_dup_sweep_continuous,benign_continuous,200,auprc_high_is_suspicious,entropy,0.3086295942899476,0.3086010430437111,0.30865898439329137,0.3086059343356833,0.30865379754093375,20
test,continuous,attack_dup_sweep_continuous,benign_continuous,200,auprc_high_is_suspicious,unique_ratio,0.30938977417431685,0.3092963977537675,0.3094852093009651,0.30931060022701246,0.3094697998003685,20
test,continuous,attack_dup_sweep_continuous,benign_continuous,200,validation_locked_test_attack_alert_rate,volume,0.9570000000000001,0.9453333333333335,0.9676666666666665,0.9473333333333335,0.9656666666666668,20
test,continuous,attack_dup_sweep_continuous,benign_continuous,200,validation_locked_test_benign_trigger_rate,volume,0.9570000000000001,0.946,0.9676666666666666,0.9476666666666667,0.966,20
test,continuous,attack_dup_sweep_continuous,benign_continuous,200,validation_locked_test_balanced_precision,volume,0.5,0.5,0.5,0.5,0.5,20
test,continuous,attack_dup_sweep_continuous,benign_continuous,200,validation_locked_test_attack_alert_rate,entropy,0.9543333333333333,0.9406666666666667,0.9673333333333334,0.9430000000000002,0.9653333333333334,20
test,continuous,attack_dup_sweep_continuous,benign_continuous,200,validation_locked_test_benign_trigger_rate,entropy,1.0,1.0,1.0,1.0,1.0,20
test,continuous,attack_dup_sweep_continuous,benign_continuous,200,validation_locked_test_balanced_precision,entropy,0.488196348951863,0.48463466991898485,0.49145093060973843,0.48524360123570753,0.4910126109374136,20
test,continuous,attack_dup_sweep_continuous,benign_continuous,200,validation_locked_test_attack_alert_rate,unique_ratio,0.9493333333333334,0.9299916666666667,0.9663333333333334,0.933,0.9640000000000001,20
test,continuous,attack_dup_sweep_continuous,benign_continuous,200,validation_locked_test_benign_trigger_rate,unique_ratio,1.0,1.0,1.0,1.0,1.0,20
test,continuous,attack_dup_sweep_continuous,benign_continuous,200,validation_locked_test_balanced_precision,unique_ratio,0.4867545231763454,0.4813338818713214,0.49133511223859144,0.4822656987944811,0.4907544718556625,20
test,bursty,attack_sweep_bursty,benign_bursty,24,benign_trigger,no_defense,0.0,0.0,0.0,0.0,0.0,20
test,bursty,attack_sweep_bursty,benign_bursty,24,attack_alert,no_defense,0.0,0.0,0.0,0.0,0.0,20
test,bursty,attack_sweep_bursty,benign_bursty,24,youden_j,no_defense,0.0,0.0,0.0,0.0,0.0,20
test,bursty,attack_sweep_bursty,benign_bursty,24,synthetic_tpr,no_defense,0.0,0.0,0.0,0.0,0.0,20
test,bursty,attack_sweep_bursty,benign_bursty,24,synthetic_fnr,no_defense,1.0,1.0,1.0,1.0,1.0,20
test,bursty,attack_sweep_bursty,benign_bursty,24,synthetic_fpr,no_defense,0.0,0.0,0.0,0.0,0.0,20
test,bursty,attack_sweep_bursty,benign_bursty,24,balanced_precision,no_defense,0.0,0.0,0.0,0.0,0.0,20
test,bursty,attack_sweep_bursty,benign_bursty,24,benign_trigger,legacy,1.0,1.0,1.0,1.0,1.0,20
test,bursty,attack_sweep_bursty,benign_bursty,24,attack_alert,legacy,1.0,1.0,1.0,1.0,1.0,20
test,bursty,attack_sweep_bursty,benign_bursty,24,youden_j,legacy,0.0,0.0,0.0,0.0,0.0,20
test,bursty,attack_sweep_bursty,benign_bursty,24,synthetic_tpr,legacy,1.0,1.0,1.0,1.0,1.0,20
test,bursty,attack_sweep_bursty,benign_bursty,24,synthetic_fnr,legacy,0.0,0.0,0.0,0.0,0.0,20
test,bursty,attack_sweep_bursty,benign_bursty,24,synthetic_fpr,legacy,1.0,1.0,1.0,1.0,1.0,20
test,bursty,attack_sweep_bursty,benign_bursty,24,balanced_precision,legacy,0.5,0.5,0.5,0.5,0.5,20
test,bursty,attack_sweep_bursty,benign_bursty,24,benign_trigger,combined,0.49399999999999994,0.4796666666666667,0.5083333333333333,0.48200000000000004,0.5063333333333333,20
test,bursty,attack_sweep_bursty,benign_bursty,24,attack_alert,combined,0.49399999999999994,0.4796666666666667,0.5086666666666666,0.48233333333333334,0.506,20
test,bursty,attack_sweep_bursty,benign_bursty,24,youden_j,combined,0.0,0.0,0.0,0.0,0.0,20
test,bursty,attack_sweep_bursty,benign_bursty,24,synthetic_tpr,combined,0.49399999999999994,0.4803333333333333,0.5083333333333333,0.48233333333333334,0.506,20
test,bursty,attack_sweep_bursty,benign_bursty,24,synthetic_fnr,combined,0.506,0.4916666666666667,0.5193333333333333,0.4940000000000001,0.5176666666666666,20
test,bursty,attack_sweep_bursty,benign_bursty,24,synthetic_fpr,combined,0.49399999999999994,0.4796666666666668,0.5079999999999999,0.48233333333333334,0.5053500000000001,20
test,bursty,attack_sweep_bursty,benign_bursty,24,balanced_precision,combined,0.5,0.5,0.5,0.5,0.5,20
test,bursty,attack_sweep_bursty,benign_bursty,24,benign_trigger,volume,0.49399999999999994,0.4806666666666666,0.508,0.48266666666666663,0.506,20
test,bursty,attack_sweep_bursty,benign_bursty,24,attack_alert,volume,0.49399999999999994,0.4803333333333333,0.5083333333333334,0.48233333333333334,0.506,20
test,bursty,attack_sweep_bursty,benign_bursty,24,youden_j,volume,0.0,0.0,0.0,0.0,0.0,20
test,bursty,attack_sweep_bursty,benign_bursty,24,synthetic_tpr,volume,0.49399999999999994,0.4803333333333334,0.5086666666666666,0.48266666666666663,0.5063333333333333,20
test,bursty,attack_sweep_bursty,benign_bursty,24,synthetic_fnr,volume,0.506,0.492,0.5203333333333334,0.49433333333333335,0.518,20
test,bursty,attack_sweep_bursty,benign_bursty,24,synthetic_fpr,volume,0.49399999999999994,0.4803333333333334,0.5080000000000001,0.4823333333333334,0.506,20
test,bursty,attack_sweep_bursty,benign_bursty,24,balanced_precision,volume,0.5,0.5,0.5,0.5,0.5,20
test,bursty,attack_sweep_bursty,benign_bursty,24,benign_trigger,entropy,0.8173333333333334,0.804,0.8303333333333335,0.806,0.8286666666666667,20
test,bursty,attack_sweep_bursty,benign_bursty,24,attack_alert,entropy,0.8226666666666667,0.8089999999999999,0.8366666666666667,0.8110000000000002,0.8343333333333334,20
test,bursty,attack_sweep_bursty,benign_bursty,24,youden_j,entropy,0.0053333333333333175,0.002333333333333304,0.008333333333333337,0.0026666666666666505,0.007999999999999985,20
test,bursty,attack_sweep_bursty,benign_bursty,24,synthetic_tpr,entropy,0.8226666666666667,0.8093333333333333,0.8366666666666667,0.8113333333333334,0.8343333333333334,20
test,bursty,attack_sweep_bursty,benign_bursty,24,synthetic_fnr,entropy,0.17733333333333334,0.16366666666666668,0.19066666666666668,0.16566666666666668,0.18866666666666668,20
test,bursty,attack_sweep_bursty,benign_bursty,24,synthetic_fpr,entropy,0.8173333333333334,0.8036666666666668,0.8310000000000001,0.806,0.8283333333333335,20
test,bursty,attack_sweep_bursty,benign_bursty,24,balanced_precision,entropy,0.5016188240437456,0.5006891041894923,0.5025441829599591,0.5008176881463888,0.5024102295882859,20
test,bursty,attack_sweep_bursty,benign_bursty,24,benign_trigger,unique,1.0,1.0,1.0,1.0,1.0,20
test,bursty,attack_sweep_bursty,benign_bursty,24,attack_alert,unique,1.0,1.0,1.0,1.0,1.0,20
test,bursty,attack_sweep_bursty,benign_bursty,24,youden_j,unique,0.0,0.0,0.0,0.0,0.0,20
test,bursty,attack_sweep_bursty,benign_bursty,24,synthetic_tpr,unique,1.0,1.0,1.0,1.0,1.0,20
test,bursty,attack_sweep_bursty,benign_bursty,24,synthetic_fnr,unique,0.0,0.0,0.0,0.0,0.0,20
test,bursty,attack_sweep_bursty,benign_bursty,24,synthetic_fpr,unique,1.0,1.0,1.0,1.0,1.0,20
test,bursty,attack_sweep_bursty,benign_bursty,24,balanced_precision,unique,0.5,0.5,0.5,0.5,0.5,20
test,bursty,attack_sweep_bursty,benign_bursty,24,delta_j_combined_minus_legacy,combined-minus-legacy,0.0,0.0,0.0,0.0,0.0,20
test,bursty,attack_sweep_bursty,benign_bursty,24,delta_j_combined_minus_volume,combined-minus-volume,0.0,0.0,0.0,0.0,0.0,20
test,bursty,attack_sweep_bursty,benign_bursty,24,delta_j_combined_minus_entropy,combined-minus-entropy,-0.0053333333333333175,-0.008666666666666645,-0.0023333333333333097,-0.00799999999999999,-0.0026666666666666505,20
test,bursty,attack_sweep_bursty,benign_bursty,24,delta_j_combined_minus_unique,combined-minus-unique,0.0,0.0,0.0,0.0,0.0,20
test,bursty,attack_sweep_bursty,benign_bursty,24,auprc_high_is_suspicious,volume,0.5,0.5,0.5,0.5,0.5,20
test,bursty,attack_sweep_bursty,benign_bursty,24,auprc_high_is_suspicious,entropy,0.518286717910504,0.5143885237808948,0.5225054560612707,0.5150061525775408,0.5217931850980613,20
test,bursty,attack_sweep_bursty,benign_bursty,24,auprc_high_is_suspicious,unique_ratio,0.5436378758681731,0.5336677318426652,0.5536726423340205,0.5352914916212439,0.5520509145667094,20
test,bursty,attack_sweep_bursty,benign_bursty,24,validation_locked_test_attack_alert_rate,volume,0.9673333333333336,0.9593333333333331,0.9736666666666667,0.9606666666666668,0.9726666666666667,20
test,bursty,attack_sweep_bursty,benign_bursty,24,validation_locked_test_benign_trigger_rate,volume,0.9673333333333336,0.9596666666666666,0.9736666666666667,0.9613166666666665,0.9726666666666667,20
test,bursty,attack_sweep_bursty,benign_bursty,24,validation_locked_test_balanced_precision,volume,0.5,0.5,0.5,0.5,0.5,20
test,bursty,attack_sweep_bursty,benign_bursty,24,validation_locked_test_attack_alert_rate,entropy,0.9666666666666668,0.9586666666666666,0.9730000000000001,0.9600000000000002,0.9720000000000001,20
test,bursty,attack_sweep_bursty,benign_bursty,24,validation_locked_test_benign_trigger_rate,entropy,0.9670000000000002,0.9593333333333331,0.9733333333333334,0.961,0.9726666666666667,20
test,bursty,attack_sweep_bursty,benign_bursty,24,validation_locked_test_balanced_precision,entropy,0.49991344559196343,0.4996502876972266,0.500172986196051,0.4996550698780851,0.5001718213058419,20
test,bursty,attack_sweep_bursty,benign_bursty,24,validation_locked_test_attack_alert_rate,unique_ratio,0.9796666666666667,0.9650000000000001,0.991,0.968,0.9896666666666667,20
test,bursty,attack_sweep_bursty,benign_bursty,24,validation_locked_test_benign_trigger_rate,unique_ratio,0.8230000000000001,0.7956666666666667,0.8503333333333334,0.8,0.8460000000000001,20
test,bursty,attack_sweep_bursty,benign_bursty,24,validation_locked_test_balanced_precision,unique_ratio,0.5439473958466794,0.5338518641501688,0.5538235038055735,0.5353376465548719,0.5522118014404811,20
test,bursty,attack_sweep_bursty,benign_bursty,60,benign_trigger,no_defense,0.0,0.0,0.0,0.0,0.0,20
test,bursty,attack_sweep_bursty,benign_bursty,60,attack_alert,no_defense,0.0,0.0,0.0,0.0,0.0,20
test,bursty,attack_sweep_bursty,benign_bursty,60,youden_j,no_defense,0.0,0.0,0.0,0.0,0.0,20
test,bursty,attack_sweep_bursty,benign_bursty,60,synthetic_tpr,no_defense,0.0,0.0,0.0,0.0,0.0,20
test,bursty,attack_sweep_bursty,benign_bursty,60,synthetic_fnr,no_defense,1.0,1.0,1.0,1.0,1.0,20
test,bursty,attack_sweep_bursty,benign_bursty,60,synthetic_fpr,no_defense,0.0,0.0,0.0,0.0,0.0,20
test,bursty,attack_sweep_bursty,benign_bursty,60,balanced_precision,no_defense,0.0,0.0,0.0,0.0,0.0,20
test,bursty,attack_sweep_bursty,benign_bursty,60,benign_trigger,legacy,1.0,1.0,1.0,1.0,1.0,20
test,bursty,attack_sweep_bursty,benign_bursty,60,attack_alert,legacy,1.0,1.0,1.0,1.0,1.0,20
test,bursty,attack_sweep_bursty,benign_bursty,60,youden_j,legacy,0.0,0.0,0.0,0.0,0.0,20
test,bursty,attack_sweep_bursty,benign_bursty,60,synthetic_tpr,legacy,1.0,1.0,1.0,1.0,1.0,20
test,bursty,attack_sweep_bursty,benign_bursty,60,synthetic_fnr,legacy,0.0,0.0,0.0,0.0,0.0,20
test,bursty,attack_sweep_bursty,benign_bursty,60,synthetic_fpr,legacy,1.0,1.0,1.0,1.0,1.0,20
test,bursty,attack_sweep_bursty,benign_bursty,60,balanced_precision,legacy,0.5,0.5,0.5,0.5,0.5,20
test,bursty,attack_sweep_bursty,benign_bursty,60,benign_trigger,combined,0.9986666666666666,0.9970000000000001,1.0,0.9973333333333333,0.9996666666666666,20
test,bursty,attack_sweep_bursty,benign_bursty,60,attack_alert,combined,0.9986666666666666,0.9969999999999999,1.0,0.9973333333333333,0.9996666666666666,20
test,bursty,attack_sweep_bursty,benign_bursty,60,youden_j,combined,0.0,0.0,0.0,0.0,0.0,20
test,bursty,attack_sweep_bursty,benign_bursty,60,synthetic_tpr,combined,0.9986666666666666,0.9970000000000001,1.0,0.9973333333333333,0.9996666666666666,20
test,bursty,attack_sweep_bursty,benign_bursty,60,synthetic_fnr,combined,0.0013333333333333363,0.0,0.0030000000000000027,0.0003333333333333355,0.0026666666666666726,20
test,bursty,attack_sweep_bursty,benign_bursty,60,synthetic_fpr,combined,0.9986666666666666,0.9969999999999999,1.0,0.9973333333333333,0.9996666666666666,20
test,bursty,attack_sweep_bursty,benign_bursty,60,balanced_precision,combined,0.5,0.5,0.5,0.5,0.5,20
test,bursty,attack_sweep_bursty,benign_bursty,60,benign_trigger,volume,0.9986666666666666,0.9969999999999999,1.0,0.9973333333333333,0.9996666666666666,20
test,bursty,attack_sweep_bursty,benign_bursty,60,attack_alert,volume,0.9986666666666666,0.9969999999999999,1.0,0.9973333333333333,0.9996666666666666,20
test,bursty,attack_sweep_bursty,benign_bursty,60,youden_j,volume,0.0,0.0,0.0,0.0,0.0,20
test,bursty,attack_sweep_bursty,benign_bursty,60,synthetic_tpr,volume,0.9986666666666666,0.9969999999999999,1.0,0.9973333333333333,0.9996666666666666,20
test,bursty,attack_sweep_bursty,benign_bursty,60,synthetic_fnr,volume,0.0013333333333333363,0.0,0.0030000000000000083,0.0003333333333333355,0.0026666666666666726,20
test,bursty,attack_sweep_bursty,benign_bursty,60,synthetic_fpr,volume,0.9986666666666666,0.9969999999999999,1.0,0.9973333333333333,0.9996666666666666,20
test,bursty,attack_sweep_bursty,benign_bursty,60,balanced_precision,volume,0.5,0.5,0.5,0.5,0.5,20
test,bursty,attack_sweep_bursty,benign_bursty,60,benign_trigger,entropy,1.0,1.0,1.0,1.0,1.0,20
test,bursty,attack_sweep_bursty,benign_bursty,60,attack_alert,entropy,1.0,1.0,1.0,1.0,1.0,20
test,bursty,attack_sweep_bursty,benign_bursty,60,youden_j,entropy,0.0,0.0,0.0,0.0,0.0,20
test,bursty,attack_sweep_bursty,benign_bursty,60,synthetic_tpr,entropy,1.0,1.0,1.0,1.0,1.0,20
test,bursty,attack_sweep_bursty,benign_bursty,60,synthetic_fnr,entropy,0.0,0.0,0.0,0.0,0.0,20
test,bursty,attack_sweep_bursty,benign_bursty,60,synthetic_fpr,entropy,1.0,1.0,1.0,1.0,1.0,20
test,bursty,attack_sweep_bursty,benign_bursty,60,balanced_precision,entropy,0.5,0.5,0.5,0.5,0.5,20
test,bursty,attack_sweep_bursty,benign_bursty,60,benign_trigger,unique,1.0,1.0,1.0,1.0,1.0,20
test,bursty,attack_sweep_bursty,benign_bursty,60,attack_alert,unique,1.0,1.0,1.0,1.0,1.0,20
test,bursty,attack_sweep_bursty,benign_bursty,60,youden_j,unique,0.0,0.0,0.0,0.0,0.0,20
test,bursty,attack_sweep_bursty,benign_bursty,60,synthetic_tpr,unique,1.0,1.0,1.0,1.0,1.0,20
test,bursty,attack_sweep_bursty,benign_bursty,60,synthetic_fnr,unique,0.0,0.0,0.0,0.0,0.0,20
test,bursty,attack_sweep_bursty,benign_bursty,60,synthetic_fpr,unique,1.0,1.0,1.0,1.0,1.0,20
test,bursty,attack_sweep_bursty,benign_bursty,60,balanced_precision,unique,0.5,0.5,0.5,0.5,0.5,20
test,bursty,attack_sweep_bursty,benign_bursty,60,delta_j_combined_minus_legacy,combined-minus-legacy,0.0,0.0,0.0,0.0,0.0,20
test,bursty,attack_sweep_bursty,benign_bursty,60,delta_j_combined_minus_volume,combined-minus-volume,0.0,0.0,0.0,0.0,0.0,20
test,bursty,attack_sweep_bursty,benign_bursty,60,delta_j_combined_minus_entropy,combined-minus-entropy,0.0,0.0,0.0,0.0,0.0,20
test,bursty,attack_sweep_bursty,benign_bursty,60,delta_j_combined_minus_unique,combined-minus-unique,0.0,0.0,0.0,0.0,0.0,20
test,bursty,attack_sweep_bursty,benign_bursty,60,auprc_high_is_suspicious,volume,0.5,0.5,0.5,0.5,0.5,20
test,bursty,attack_sweep_bursty,benign_bursty,60,auprc_high_is_suspicious,entropy,0.5362951389623165,0.5317047892564206,0.5409050302436712,0.53248852830421,0.5400482425570415,20
test,bursty,attack_sweep_bursty,benign_bursty,60,auprc_high_is_suspicious,unique_ratio,0.6547107184963041,0.6377316547281658,0.6718257879483063,0.6406310820817811,0.6690777611189516,20
test,bursty,attack_sweep_bursty,benign_bursty,60,validation_locked_test_attack_alert_rate,volume,0.9586666666666666,0.9533333333333331,0.9643333333333333,0.954,0.9633333333333333,20
test,bursty,attack_sweep_bursty,benign_bursty,60,validation_locked_test_benign_trigger_rate,volume,0.9586666666666666,0.9536666666666666,0.964333333333333,0.9543333333333333,0.9633333333333333,20
test,bursty,attack_sweep_bursty,benign_bursty,60,validation_locked_test_balanced_precision,volume,0.5,0.5,0.5,0.5,0.5,20
test,bursty,attack_sweep_bursty,benign_bursty,60,validation_locked_test_attack_alert_rate,entropy,0.9573333333333333,0.9516666666666668,0.9629999999999999,0.9526666666666666,0.9620000000000001,20
test,bursty,attack_sweep_bursty,benign_bursty,60,validation_locked_test_benign_trigger_rate,entropy,0.9526666666666669,0.9470000000000001,0.9583333333333333,0.9476666666666669,0.9573333333333334,20
test,bursty,attack_sweep_bursty,benign_bursty,60,validation_locked_test_balanced_precision,entropy,0.5012210198097318,0.5004338640325405,0.5019944814259523,0.5006028150160686,0.5018356293283565,20
test,bursty,attack_sweep_bursty,benign_bursty,60,validation_locked_test_attack_alert_rate,unique_ratio,0.9506666666666665,0.9349999999999999,0.9650000000000001,0.9376666666666665,0.9630000000000001,20
test,bursty,attack_sweep_bursty,benign_bursty,60,validation_locked_test_benign_trigger_rate,unique_ratio,0.6383333333333334,0.608,0.6693333333333332,0.6126666666666667,0.665,20
test,bursty,attack_sweep_bursty,benign_bursty,60,validation_locked_test_balanced_precision,unique_ratio,0.5992581415371901,0.5858496304368378,0.6126079291082945,0.5880140810252978,0.6103505415952937,20
test,bursty,attack_sweep_bursty,benign_bursty,120,benign_trigger,no_defense,0.0,0.0,0.0,0.0,0.0,20
test,bursty,attack_sweep_bursty,benign_bursty,120,attack_alert,no_defense,0.0,0.0,0.0,0.0,0.0,20
test,bursty,attack_sweep_bursty,benign_bursty,120,youden_j,no_defense,0.0,0.0,0.0,0.0,0.0,20
test,bursty,attack_sweep_bursty,benign_bursty,120,synthetic_tpr,no_defense,0.0,0.0,0.0,0.0,0.0,20
test,bursty,attack_sweep_bursty,benign_bursty,120,synthetic_fnr,no_defense,1.0,1.0,1.0,1.0,1.0,20
test,bursty,attack_sweep_bursty,benign_bursty,120,synthetic_fpr,no_defense,0.0,0.0,0.0,0.0,0.0,20
test,bursty,attack_sweep_bursty,benign_bursty,120,balanced_precision,no_defense,0.0,0.0,0.0,0.0,0.0,20
test,bursty,attack_sweep_bursty,benign_bursty,120,benign_trigger,legacy,1.0,1.0,1.0,1.0,1.0,20
test,bursty,attack_sweep_bursty,benign_bursty,120,attack_alert,legacy,1.0,1.0,1.0,1.0,1.0,20
test,bursty,attack_sweep_bursty,benign_bursty,120,youden_j,legacy,0.0,0.0,0.0,0.0,0.0,20
test,bursty,attack_sweep_bursty,benign_bursty,120,synthetic_tpr,legacy,1.0,1.0,1.0,1.0,1.0,20
test,bursty,attack_sweep_bursty,benign_bursty,120,synthetic_fnr,legacy,0.0,0.0,0.0,0.0,0.0,20
test,bursty,attack_sweep_bursty,benign_bursty,120,synthetic_fpr,legacy,1.0,1.0,1.0,1.0,1.0,20
test,bursty,attack_sweep_bursty,benign_bursty,120,balanced_precision,legacy,0.5,0.5,0.5,0.5,0.5,20
test,bursty,attack_sweep_bursty,benign_bursty,120,benign_trigger,combined,1.0,1.0,1.0,1.0,1.0,20
test,bursty,attack_sweep_bursty,benign_bursty,120,attack_alert,combined,1.0,1.0,1.0,1.0,1.0,20
test,bursty,attack_sweep_bursty,benign_bursty,120,youden_j,combined,0.0,0.0,0.0,0.0,0.0,20
test,bursty,attack_sweep_bursty,benign_bursty,120,synthetic_tpr,combined,1.0,1.0,1.0,1.0,1.0,20
test,bursty,attack_sweep_bursty,benign_bursty,120,synthetic_fnr,combined,0.0,0.0,0.0,0.0,0.0,20
test,bursty,attack_sweep_bursty,benign_bursty,120,synthetic_fpr,combined,1.0,1.0,1.0,1.0,1.0,20
test,bursty,attack_sweep_bursty,benign_bursty,120,balanced_precision,combined,0.5,0.5,0.5,0.5,0.5,20
test,bursty,attack_sweep_bursty,benign_bursty,120,benign_trigger,volume,1.0,1.0,1.0,1.0,1.0,20
test,bursty,attack_sweep_bursty,benign_bursty,120,attack_alert,volume,1.0,1.0,1.0,1.0,1.0,20
test,bursty,attack_sweep_bursty,benign_bursty,120,youden_j,volume,0.0,0.0,0.0,0.0,0.0,20
test,bursty,attack_sweep_bursty,benign_bursty,120,synthetic_tpr,volume,1.0,1.0,1.0,1.0,1.0,20
test,bursty,attack_sweep_bursty,benign_bursty,120,synthetic_fnr,volume,0.0,0.0,0.0,0.0,0.0,20
test,bursty,attack_sweep_bursty,benign_bursty,120,synthetic_fpr,volume,1.0,1.0,1.0,1.0,1.0,20
test,bursty,attack_sweep_bursty,benign_bursty,120,balanced_precision,volume,0.5,0.5,0.5,0.5,0.5,20
test,bursty,attack_sweep_bursty,benign_bursty,120,benign_trigger,entropy,1.0,1.0,1.0,1.0,1.0,20
test,bursty,attack_sweep_bursty,benign_bursty,120,attack_alert,entropy,1.0,1.0,1.0,1.0,1.0,20
test,bursty,attack_sweep_bursty,benign_bursty,120,youden_j,entropy,0.0,0.0,0.0,0.0,0.0,20
test,bursty,attack_sweep_bursty,benign_bursty,120,synthetic_tpr,entropy,1.0,1.0,1.0,1.0,1.0,20
test,bursty,attack_sweep_bursty,benign_bursty,120,synthetic_fnr,entropy,0.0,0.0,0.0,0.0,0.0,20
test,bursty,attack_sweep_bursty,benign_bursty,120,synthetic_fpr,entropy,1.0,1.0,1.0,1.0,1.0,20
test,bursty,attack_sweep_bursty,benign_bursty,120,balanced_precision,entropy,0.5,0.5,0.5,0.5,0.5,20
test,bursty,attack_sweep_bursty,benign_bursty,120,benign_trigger,unique,1.0,1.0,1.0,1.0,1.0,20
test,bursty,attack_sweep_bursty,benign_bursty,120,attack_alert,unique,1.0,1.0,1.0,1.0,1.0,20
test,bursty,attack_sweep_bursty,benign_bursty,120,youden_j,unique,0.0,0.0,0.0,0.0,0.0,20
test,bursty,attack_sweep_bursty,benign_bursty,120,synthetic_tpr,unique,1.0,1.0,1.0,1.0,1.0,20
test,bursty,attack_sweep_bursty,benign_bursty,120,synthetic_fnr,unique,0.0,0.0,0.0,0.0,0.0,20
test,bursty,attack_sweep_bursty,benign_bursty,120,synthetic_fpr,unique,1.0,1.0,1.0,1.0,1.0,20
test,bursty,attack_sweep_bursty,benign_bursty,120,balanced_precision,unique,0.5,0.5,0.5,0.5,0.5,20
test,bursty,attack_sweep_bursty,benign_bursty,120,delta_j_combined_minus_legacy,combined-minus-legacy,0.0,0.0,0.0,0.0,0.0,20
test,bursty,attack_sweep_bursty,benign_bursty,120,delta_j_combined_minus_volume,combined-minus-volume,0.0,0.0,0.0,0.0,0.0,20
test,bursty,attack_sweep_bursty,benign_bursty,120,delta_j_combined_minus_entropy,combined-minus-entropy,0.0,0.0,0.0,0.0,0.0,20
test,bursty,attack_sweep_bursty,benign_bursty,120,delta_j_combined_minus_unique,combined-minus-unique,0.0,0.0,0.0,0.0,0.0,20
test,bursty,attack_sweep_bursty,benign_bursty,120,auprc_high_is_suspicious,volume,0.5,0.5,0.5,0.5,0.5,20
test,bursty,attack_sweep_bursty,benign_bursty,120,auprc_high_is_suspicious,entropy,0.5655041102491996,0.5604012933232428,0.5705228896382628,0.5611152914451258,0.5697735235093011,20
test,bursty,attack_sweep_bursty,benign_bursty,120,auprc_high_is_suspicious,unique_ratio,0.8440432928064107,0.8278878025179395,0.860373312171283,0.830562032613439,0.8576628480270628,20
test,bursty,attack_sweep_bursty,benign_bursty,120,validation_locked_test_attack_alert_rate,volume,0.9519999999999997,0.9426666666666665,0.961,0.9440000000000002,0.9593333333333334,20
test,bursty,attack_sweep_bursty,benign_bursty,120,validation_locked_test_benign_trigger_rate,volume,0.9519999999999997,0.9426666666666668,0.9610000000000001,0.9443333333333331,0.9596666666666668,20
test,bursty,attack_sweep_bursty,benign_bursty,120,validation_locked_test_balanced_precision,volume,0.5,0.5,0.5,0.5,0.5,20
test,bursty,attack_sweep_bursty,benign_bursty,120,validation_locked_test_attack_alert_rate,entropy,0.9556666666666664,0.9466666666666667,0.9646666666666667,0.9483333333333333,0.9633333333333332,20
test,bursty,attack_sweep_bursty,benign_bursty,120,validation_locked_test_benign_trigger_rate,entropy,0.9433333333333331,0.9326583333333331,0.954,0.9343333333333332,0.9523333333333331,20
test,bursty,attack_sweep_bursty,benign_bursty,120,validation_locked_test_balanced_precision,entropy,0.5032723941132833,0.50202591532148,0.5045175442016886,0.5022091547431061,0.5043170008341055,20
test,bursty,attack_sweep_bursty,benign_bursty,120,validation_locked_test_attack_alert_rate,unique_ratio,0.9606666666666668,0.9466666666666667,0.9736666666666667,0.9490000000000001,0.9716666666666669,20
test,bursty,attack_sweep_bursty,benign_bursty,120,validation_locked_test_benign_trigger_rate,unique_ratio,0.3286666666666667,0.31133333333333335,0.3476666666666667,0.314,0.344,20
test,bursty,attack_sweep_bursty,benign_bursty,120,validation_locked_test_balanced_precision,unique_ratio,0.745690616636302,0.7349530004042345,0.756382335168858,0.7365428441044789,0.7549202644295571,20
test,bursty,attack_sweep_bursty,benign_bursty,200,benign_trigger,no_defense,0.0,0.0,0.0,0.0,0.0,20
test,bursty,attack_sweep_bursty,benign_bursty,200,attack_alert,no_defense,0.0,0.0,0.0,0.0,0.0,20
test,bursty,attack_sweep_bursty,benign_bursty,200,youden_j,no_defense,0.0,0.0,0.0,0.0,0.0,20
test,bursty,attack_sweep_bursty,benign_bursty,200,synthetic_tpr,no_defense,0.0,0.0,0.0,0.0,0.0,20
test,bursty,attack_sweep_bursty,benign_bursty,200,synthetic_fnr,no_defense,1.0,1.0,1.0,1.0,1.0,20
test,bursty,attack_sweep_bursty,benign_bursty,200,synthetic_fpr,no_defense,0.0,0.0,0.0,0.0,0.0,20
test,bursty,attack_sweep_bursty,benign_bursty,200,balanced_precision,no_defense,0.0,0.0,0.0,0.0,0.0,20
test,bursty,attack_sweep_bursty,benign_bursty,200,benign_trigger,legacy,1.0,1.0,1.0,1.0,1.0,20
test,bursty,attack_sweep_bursty,benign_bursty,200,attack_alert,legacy,1.0,1.0,1.0,1.0,1.0,20
test,bursty,attack_sweep_bursty,benign_bursty,200,youden_j,legacy,0.0,0.0,0.0,0.0,0.0,20
test,bursty,attack_sweep_bursty,benign_bursty,200,synthetic_tpr,legacy,1.0,1.0,1.0,1.0,1.0,20
test,bursty,attack_sweep_bursty,benign_bursty,200,synthetic_fnr,legacy,0.0,0.0,0.0,0.0,0.0,20
test,bursty,attack_sweep_bursty,benign_bursty,200,synthetic_fpr,legacy,1.0,1.0,1.0,1.0,1.0,20
test,bursty,attack_sweep_bursty,benign_bursty,200,balanced_precision,legacy,0.5,0.5,0.5,0.5,0.5,20
test,bursty,attack_sweep_bursty,benign_bursty,200,benign_trigger,combined,1.0,1.0,1.0,1.0,1.0,20
test,bursty,attack_sweep_bursty,benign_bursty,200,attack_alert,combined,1.0,1.0,1.0,1.0,1.0,20
test,bursty,attack_sweep_bursty,benign_bursty,200,youden_j,combined,0.0,0.0,0.0,0.0,0.0,20
test,bursty,attack_sweep_bursty,benign_bursty,200,synthetic_tpr,combined,1.0,1.0,1.0,1.0,1.0,20
test,bursty,attack_sweep_bursty,benign_bursty,200,synthetic_fnr,combined,0.0,0.0,0.0,0.0,0.0,20
test,bursty,attack_sweep_bursty,benign_bursty,200,synthetic_fpr,combined,1.0,1.0,1.0,1.0,1.0,20
test,bursty,attack_sweep_bursty,benign_bursty,200,balanced_precision,combined,0.5,0.5,0.5,0.5,0.5,20
test,bursty,attack_sweep_bursty,benign_bursty,200,benign_trigger,volume,1.0,1.0,1.0,1.0,1.0,20
test,bursty,attack_sweep_bursty,benign_bursty,200,attack_alert,volume,1.0,1.0,1.0,1.0,1.0,20
test,bursty,attack_sweep_bursty,benign_bursty,200,youden_j,volume,0.0,0.0,0.0,0.0,0.0,20
test,bursty,attack_sweep_bursty,benign_bursty,200,synthetic_tpr,volume,1.0,1.0,1.0,1.0,1.0,20
test,bursty,attack_sweep_bursty,benign_bursty,200,synthetic_fnr,volume,0.0,0.0,0.0,0.0,0.0,20
test,bursty,attack_sweep_bursty,benign_bursty,200,synthetic_fpr,volume,1.0,1.0,1.0,1.0,1.0,20
test,bursty,attack_sweep_bursty,benign_bursty,200,balanced_precision,volume,0.5,0.5,0.5,0.5,0.5,20
test,bursty,attack_sweep_bursty,benign_bursty,200,benign_trigger,entropy,1.0,1.0,1.0,1.0,1.0,20
test,bursty,attack_sweep_bursty,benign_bursty,200,attack_alert,entropy,1.0,1.0,1.0,1.0,1.0,20
test,bursty,attack_sweep_bursty,benign_bursty,200,youden_j,entropy,0.0,0.0,0.0,0.0,0.0,20
test,bursty,attack_sweep_bursty,benign_bursty,200,synthetic_tpr,entropy,1.0,1.0,1.0,1.0,1.0,20
test,bursty,attack_sweep_bursty,benign_bursty,200,synthetic_fnr,entropy,0.0,0.0,0.0,0.0,0.0,20
test,bursty,attack_sweep_bursty,benign_bursty,200,synthetic_fpr,entropy,1.0,1.0,1.0,1.0,1.0,20
test,bursty,attack_sweep_bursty,benign_bursty,200,balanced_precision,entropy,0.5,0.5,0.5,0.5,0.5,20
test,bursty,attack_sweep_bursty,benign_bursty,200,benign_trigger,unique,1.0,1.0,1.0,1.0,1.0,20
test,bursty,attack_sweep_bursty,benign_bursty,200,attack_alert,unique,1.0,1.0,1.0,1.0,1.0,20
test,bursty,attack_sweep_bursty,benign_bursty,200,youden_j,unique,0.0,0.0,0.0,0.0,0.0,20
test,bursty,attack_sweep_bursty,benign_bursty,200,synthetic_tpr,unique,1.0,1.0,1.0,1.0,1.0,20
test,bursty,attack_sweep_bursty,benign_bursty,200,synthetic_fnr,unique,0.0,0.0,0.0,0.0,0.0,20
test,bursty,attack_sweep_bursty,benign_bursty,200,synthetic_fpr,unique,1.0,1.0,1.0,1.0,1.0,20
test,bursty,attack_sweep_bursty,benign_bursty,200,balanced_precision,unique,0.5,0.5,0.5,0.5,0.5,20
test,bursty,attack_sweep_bursty,benign_bursty,200,delta_j_combined_minus_legacy,combined-minus-legacy,0.0,0.0,0.0,0.0,0.0,20
test,bursty,attack_sweep_bursty,benign_bursty,200,delta_j_combined_minus_volume,combined-minus-volume,0.0,0.0,0.0,0.0,0.0,20
test,bursty,attack_sweep_bursty,benign_bursty,200,delta_j_combined_minus_entropy,combined-minus-entropy,0.0,0.0,0.0,0.0,0.0,20
test,bursty,attack_sweep_bursty,benign_bursty,200,delta_j_combined_minus_unique,combined-minus-unique,0.0,0.0,0.0,0.0,0.0,20
test,bursty,attack_sweep_bursty,benign_bursty,200,auprc_high_is_suspicious,volume,0.5,0.5,0.5,0.5,0.5,20
test,bursty,attack_sweep_bursty,benign_bursty,200,auprc_high_is_suspicious,entropy,0.612917320100823,0.6075525660650704,0.6180253306560711,0.6084766111905537,0.6171878601256487,20
test,bursty,attack_sweep_bursty,benign_bursty,200,auprc_high_is_suspicious,unique_ratio,0.9501887087449867,0.9417802367870319,0.9581873071029994,0.9432656102240357,0.9568739443484109,20
test,bursty,attack_sweep_bursty,benign_bursty,200,validation_locked_test_attack_alert_rate,volume,0.9613333333333334,0.9526666666666666,0.9689999999999996,0.9540000000000001,0.9676833333333336,20
test,bursty,attack_sweep_bursty,benign_bursty,200,validation_locked_test_benign_trigger_rate,volume,0.9613333333333334,0.9526666666666666,0.9689999999999998,0.9543333333333333,0.9676666666666668,20
test,bursty,attack_sweep_bursty,benign_bursty,200,validation_locked_test_balanced_precision,volume,0.5,0.5,0.5,0.5,0.5,20
test,bursty,attack_sweep_bursty,benign_bursty,200,validation_locked_test_attack_alert_rate,entropy,0.9616666666666666,0.9533333333333334,0.969,0.9546666666666667,0.968,20
test,bursty,attack_sweep_bursty,benign_bursty,200,validation_locked_test_benign_trigger_rate,entropy,0.9386666666666666,0.9293333333333335,0.9476666666666664,0.9309999999999998,0.9460000000000001,20
test,bursty,attack_sweep_bursty,benign_bursty,200,validation_locked_test_balanced_precision,entropy,0.5060696847684297,0.5051000802870907,0.5069947032319065,0.5052670110020704,0.506865113031965,20
test,bursty,attack_sweep_bursty,benign_bursty,200,validation_locked_test_attack_alert_rate,unique_ratio,0.9273333333333333,0.9056666666666666,0.9470083333333332,0.9090000000000001,0.9443333333333334,20
test,bursty,attack_sweep_bursty,benign_bursty,200,validation_locked_test_benign_trigger_rate,unique_ratio,0.095,0.08366666666666668,0.10600833333333322,0.08566666666666665,0.10433333333333335,20
test,bursty,attack_sweep_bursty,benign_bursty,200,validation_locked_test_balanced_precision,unique_ratio,0.9074294819366033,0.8976075047892179,0.917479247369224,0.8990712665768449,0.9158715133492549,20
test,macro,attack_sweep_continuous,matched-benign,all-levels,macro_average_delta_j_combined_minus_volume,practical_equivalence_within_registered_margin,0.0,0.0,0.0,0.0,0.0,20
test,macro,attack_sweep_bursty,matched-benign,all-levels,macro_average_delta_j_combined_minus_volume,practical_equivalence_within_registered_margin,0.0,0.0,0.0,0.0,0.0,20
