level_samples_per_window,behavior,run_idx,seed,decisions,offered_fragments_per_second,measurement_seconds,actual_queries_per_second,actual_fragments_per_second,blocks_legacy,blocks_combined,blocks_volume,blocks_entropy,blocks_unique,fpr_legacy,fpr_combined,fpr_volume,fpr_entropy,fpr_unique,entropy_mean,entropy_p95,samples_mean,unique_ratio_mean,raw_decisions_file,raw_decisions_sha256
5,random2048,0,20760825,300,2.000000,142.435099,2.106222,2.106222,300,0,0,0,300,1.000000,0.000000,0.000000,0.000000,1.000000,2.2831,3.1775,5.380,0.9986,raw_decisions/main/random2048/level_5/run_00_seed_20760825.jsonl,2522e79cb56352d28629f9175f3acb225b98329d2f4070059d80e761593e58dc
5,random2048,1,20760826,300,2.000000,152.164307,1.971553,1.971553,300,0,0,0,300,1.000000,0.000000,0.000000,0.000000,1.000000,2.1533,3.0000,4.877,0.9995,raw_decisions/main/random2048/level_5/run_01_seed_20760826.jsonl,c209e542875746d0e8a8f4dcb689472a156e4d708898904dea9a5ef055a985e4
5,random2048,2,20760827,300,2.000000,154.803660,1.937939,1.937939,300,0,0,0,300,1.000000,0.000000,0.000000,0.000000,1.000000,2.1430,3.0000,4.913,1.0000,raw_decisions/main/random2048/level_5/run_02_seed_20760827.jsonl,234416d0c17561404a1dc25fd091c3bc3f50e74e7f72b33004a9bf148bacee16
5,random2048,3,20760828,300,2.000000,141.864807,2.114689,2.114689,300,0,0,0,300,1.000000,0.000000,0.000000,0.000000,1.000000,2.2507,3.1699,5.143,1.0000,raw_decisions/main/random2048/level_5/run_03_seed_20760828.jsonl,6f99d61f616bb68c30dfd2bb8cb3953a8a0eb3249a12a595bde730b1d7eb2f3e
5,random2048,4,20760829,300,2.000000,148.950378,2.014094,2.014094,300,0,0,0,300,1.000000,0.000000,0.000000,0.000000,1.000000,2.2147,3.3219,5.113,1.0000,raw_decisions/main/random2048/level_5/run_04_seed_20760829.jsonl,913352cd9a383601702633c839d0c795d05684fb3d25f090901f87eca201c733
5,random2048,5,20760830,300,2.000000,161.783481,1.854330,1.854330,300,0,0,0,300,1.000000,0.000000,0.000000,0.000000,1.000000,2.0931,3.0000,4.650,1.0000,raw_decisions/main/random2048/level_5/run_05_seed_20760830.jsonl,e20593663c6f437d4d48ddb8a798cafcecaade70733f20bbd8c4b8fc3469dc6c
5,random2048,6,20760831,300,2.000000,153.884589,1.949513,1.949513,300,0,0,0,299,1.000000,0.000000,0.000000,0.000000,0.996667,2.1323,3.0000,4.733,0.9937,raw_decisions/main/random2048/level_5/run_06_seed_20760831.jsonl,0227dcf16470996be44fee2109b2685539a086f1f5a5e25f05a6a7b061fddf2f
5,random2048,7,20760832,300,2.000000,138.011982,2.173724,2.173724,300,0,0,0,300,1.000000,0.000000,0.000000,0.000000,1.000000,2.2740,3.0000,5.170,1.0000,raw_decisions/main/random2048/level_5/run_07_seed_20760832.jsonl,40a389eddb6fde8c9601a36ebc66566fbfd60c9be6ce7cf40ede285aca483243
5,random2048,8,20760833,300,2.000000,153.151708,1.958842,1.958842,300,0,0,0,300,1.000000,0.000000,0.000000,0.000000,1.000000,2.1246,3.0000,4.807,1.0000,raw_decisions/main/random2048/level_5/run_08_seed_20760833.jsonl,b53a402a884b3f164739a1a382fd97a354766109484fdf57f1cd018b542a98ec
5,random2048,9,20760834,300,2.000000,134.097035,2.237186,2.237186,300,0,0,0,300,1.000000,0.000000,0.000000,0.000000,1.000000,2.3003,3.0000,5.230,1.0000,raw_decisions/main/random2048/level_5/run_09_seed_20760834.jsonl,251b2e371bfdf6756738a9cf0a766ff9ac27414d3510289d7b7cc7aa35d6d882
5,random2048,10,20760835,300,2.000000,151.543927,1.979624,1.979624,300,0,0,0,300,1.000000,0.000000,0.000000,0.000000,1.000000,2.1649,3.0000,4.847,1.0000,raw_decisions/main/random2048/level_5/run_10_seed_20760835.jsonl,a6d331a846f53fd2c5ee115d03566fb423bde5a1e0c86d200e7dee99afe7a342
5,random2048,11,20760836,300,2.000000,149.136698,2.011577,2.011577,300,0,0,0,300,1.000000,0.000000,0.000000,0.000000,1.000000,2.1738,3.0085,4.913,1.0000,raw_decisions/main/random2048/level_5/run_11_seed_20760836.jsonl,02996b7026cd8dcc3ee3bb85851f69e3ab8fcf94619a573d6e5360f0132d1ad2
5,random2048,12,20760837,300,2.000000,142.303269,2.108174,2.108174,300,0,0,0,300,1.000000,0.000000,0.000000,0.000000,1.000000,2.2401,3.1699,5.180,0.9994,raw_decisions/main/random2048/level_5/run_12_seed_20760837.jsonl,6686d27451fd5e5ea3cc97a80c046060313167baa7a6eeb9dd23795023a7b152
5,random2048,13,20760838,300,2.000000,160.672481,1.867152,1.867152,300,0,0,0,298,1.000000,0.000000,0.000000,0.000000,0.993333,2.1013,3.0000,4.810,0.9914,raw_decisions/main/random2048/level_5/run_13_seed_20760838.jsonl,689001bd657252b81ce9865f7166fd90fd4e9faadad59cb09f5bab292e1995d6
5,random2048,14,20760839,300,2.000000,157.139115,1.909136,1.909136,300,0,0,0,300,1.000000,0.000000,0.000000,0.000000,1.000000,2.1015,2.8074,4.600,1.0000,raw_decisions/main/random2048/level_5/run_14_seed_20760839.jsonl,f6cdaf7d7949795478582dbf79fd2ad8cae9211e2f18b2498c1773462a44466a
5,random2048,15,20760840,300,2.000000,141.623919,2.118286,2.118286,300,0,0,0,300,1.000000,0.000000,0.000000,0.000000,1.000000,2.2852,3.3219,5.433,0.9984,raw_decisions/main/random2048/level_5/run_15_seed_20760840.jsonl,55386b70106ea8681348fa7659c2efaed1e6cab2152989241bf5c7e7cf3111ee
5,random2048,16,20760841,300,2.000000,140.689910,2.132349,2.132349,300,0,0,0,300,1.000000,0.000000,0.000000,0.000000,1.000000,2.3063,3.3219,5.417,1.0000,raw_decisions/main/random2048/level_5/run_16_seed_20760841.jsonl,0dcaee423f6e580cfa69d6c90711e50c631520d6ea49a531078a7b2665b6707f
5,random2048,17,20760842,300,2.000000,159.077729,1.885871,1.885871,300,0,0,0,300,1.000000,0.000000,0.000000,0.000000,1.000000,2.1465,3.1699,4.973,0.9968,raw_decisions/main/random2048/level_5/run_17_seed_20760842.jsonl,4db06b2758db6e198db8e246376babd62a22cce4da1ab8a570dcbde5aa263dcb
5,random2048,18,20760843,300,2.000000,160.692143,1.866924,1.866924,300,0,0,0,300,1.000000,0.000000,0.000000,0.000000,1.000000,2.0496,2.8170,4.493,1.0000,raw_decisions/main/random2048/level_5/run_18_seed_20760843.jsonl,b437443fdba4e3c36a7eeb5754798888238dc094023598cb305bfbb1f6c6b8b1
5,random2048,19,20760844,300,2.000000,153.434552,1.955231,1.955231,300,0,0,0,300,1.000000,0.000000,0.000000,0.000000,1.000000,2.1132,3.0000,4.677,1.0000,raw_decisions/main/random2048/level_5/run_19_seed_20760844.jsonl,2f2baff3046a484157dd980f03f61b833df166c5f6afe8983f3ff17b6e0e27aa
5,sequential,0,20770832,300,2.000000,148.220545,2.024011,2.024011,300,0,0,0,300,1.000000,0.000000,0.000000,0.000000,1.000000,2.2144,3.1699,5.183,1.0000,raw_decisions/main/sequential/level_5/run_00_seed_20770832.jsonl,63f8fa472b6ae291c90d89ec4a067d7d5268b18d194bb0cd559c68ac9970a88d
5,sequential,1,20770833,300,2.000000,166.852923,1.797991,1.797991,300,0,0,0,300,1.000000,0.000000,0.000000,0.000000,1.000000,2.0840,3.0000,4.580,1.0000,raw_decisions/main/sequential/level_5/run_01_seed_20770833.jsonl,acd1e6c323eb051019b91dab06854abd24371836e343bf854de17cf01ba24eb1
5,sequential,2,20770834,300,2.000000,155.390028,1.930626,1.930626,300,0,0,0,300,1.000000,0.000000,0.000000,0.000000,1.000000,2.1451,3.1699,4.833,1.0000,raw_decisions/main/sequential/level_5/run_02_seed_20770834.jsonl,33b855f1edecad1a69eb85544e76d0eab0ba16b274e0c386e586eff9a03332a4
5,sequential,3,20770835,300,2.000000,142.799896,2.100842,2.100842,300,0,0,0,300,1.000000,0.000000,0.000000,0.000000,1.000000,2.2074,3.0000,5.023,1.0000,raw_decisions/main/sequential/level_5/run_03_seed_20770835.jsonl,c8e8a9f60a6b877a1a97d652165fbb4c1f3b1a55cdac10b645577b82e5b6e3e4
5,sequential,4,20770836,300,2.000000,145.036848,2.068440,2.068440,300,0,0,0,300,1.000000,0.000000,0.000000,0.000000,1.000000,2.2255,3.0000,5.087,1.0000,raw_decisions/main/sequential/level_5/run_04_seed_20770836.jsonl,f232128e66e1db04dd4721f95717b67938926e8ab6a1a1e9f13ba91daf9e27d7
5,sequential,5,20770837,300,2.000000,153.945058,1.948747,1.948747,300,0,0,0,300,1.000000,0.000000,0.000000,0.000000,1.000000,2.1448,3.0000,4.803,1.0000,raw_decisions/main/sequential/level_5/run_05_seed_20770837.jsonl,7845d8fc61d2efdd3ca89027282ec5dda396aa7e496356bf10f1ae474a6a4b51
5,sequential,6,20770838,300,2.000000,162.105898,1.850642,1.850642,300,0,0,0,300,1.000000,0.000000,0.000000,0.000000,1.000000,2.0542,2.8170,4.560,1.0000,raw_decisions/main/sequential/level_5/run_06_seed_20770838.jsonl,0779304bb2aba817773f202403d81715002e5347558aa0e49bc2236df72e67f2
5,sequential,7,20770839,300,2.000000,154.786774,1.938150,1.938150,300,0,0,0,300,1.000000,0.000000,0.000000,0.000000,1.000000,2.1426,3.0085,4.880,1.0000,raw_decisions/main/sequential/level_5/run_07_seed_20770839.jsonl,5c53752ed7f2207107196f28da50af8d1ad738a5058357dafea95fa8a187d8b0
5,sequential,8,20770840,300,2.000000,151.450194,1.980849,1.980849,300,0,0,0,300,1.000000,0.000000,0.000000,0.000000,1.000000,2.1899,3.1699,5.000,1.0000,raw_decisions/main/sequential/level_5/run_08_seed_20770840.jsonl,cda4e6a71d12c076e678b48c930c95ded2e7726520ed4eb6cbf99e5855f7893f
5,sequential,9,20770841,300,2.000000,147.920249,2.028120,2.028120,300,0,0,0,300,1.000000,0.000000,0.000000,0.000000,1.000000,2.2030,3.1699,5.067,1.0000,raw_decisions/main/sequential/level_5/run_09_seed_20770841.jsonl,6d6b56591b4ced46f99df25035a4e1d0822fe8184ef7896df8505c8185452754
5,sequential,10,20770842,300,2.000000,149.672629,2.004374,2.004374,300,0,0,0,300,1.000000,0.000000,0.000000,0.000000,1.000000,2.1581,3.0000,4.877,1.0000,raw_decisions/main/sequential/level_5/run_10_seed_20770842.jsonl,44386882a0b1efc5a0090127c1dcee9571da64c289ad8f79bbddb10c3a641264
5,sequential,11,20770843,300,2.000000,145.316912,2.064453,2.064453,300,0,0,0,300,1.000000,0.000000,0.000000,0.000000,1.000000,2.2163,3.1699,5.070,1.0000,raw_decisions/main/sequential/level_5/run_11_seed_20770843.jsonl,c17dc9859fdc90e6fc4c35aae1824789afda3a62f3dde603c6f346d5096b5b43
5,sequential,12,20770844,300,2.000000,148.151536,2.024954,2.024954,300,0,0,0,300,1.000000,0.000000,0.000000,0.000000,1.000000,2.2154,3.0000,4.963,1.0000,raw_decisions/main/sequential/level_5/run_12_seed_20770844.jsonl,08a897d32f2fc21dab5e4547a5dea42bd20078164648fc1d8b81914bfd13ce2d
5,sequential,13,20770845,300,2.000000,138.466582,2.166588,2.166588,300,0,0,0,300,1.000000,0.000000,0.000000,0.000000,1.000000,2.2620,3.1699,5.290,1.0000,raw_decisions/main/sequential/level_5/run_13_seed_20770845.jsonl,91a27667c53392ef8a89669370007e31320361ae42f1649eb9179b13bee4748e
5,sequential,14,20770846,300,2.000000,156.557503,1.916229,1.916229,300,0,0,0,300,1.000000,0.000000,0.000000,0.000000,1.000000,2.1354,3.1699,4.830,1.0000,raw_decisions/main/sequential/level_5/run_14_seed_20770846.jsonl,c04d12410ae8999d7082581a3413e98d9f0d49a90f906ec09b0f8c78e661af6e
5,sequential,15,20770847,300,2.000000,163.592429,1.833826,1.833826,300,0,0,0,300,1.000000,0.000000,0.000000,0.000000,1.000000,2.1315,3.1699,4.843,1.0000,raw_decisions/main/sequential/level_5/run_15_seed_20770847.jsonl,e94394682b57e57713619be9aba12f8c7091fe95bb2d72f528c2079ab9fc49b4
5,sequential,16,20770848,300,2.000000,152.033807,1.973245,1.973245,300,0,0,0,300,1.000000,0.000000,0.000000,0.000000,1.000000,2.1560,3.0000,4.870,1.0000,raw_decisions/main/sequential/level_5/run_16_seed_20770848.jsonl,3e110222516332a431fca4ea82d81f178a421181145996930c4021f24bb22851
5,sequential,17,20770849,300,2.000000,141.131321,2.125680,2.125680,300,0,0,0,300,1.000000,0.000000,0.000000,0.000000,1.000000,2.2579,3.0000,5.137,1.0000,raw_decisions/main/sequential/level_5/run_17_seed_20770849.jsonl,f574e0ebb8b70c46c9457234d26c9b00a4bd85c5a5c34a76f6de1be15f500a83
5,sequential,18,20770850,300,2.000000,139.686937,2.147660,2.147660,300,0,0,0,300,1.000000,0.000000,0.000000,0.000000,1.000000,2.2678,3.1699,5.183,1.0000,raw_decisions/main/sequential/level_5/run_18_seed_20770850.jsonl,6b28373dd0d51214a035e216a0d2c871294e45a18603dac90f42843d6c434cfa
5,sequential,19,20770851,300,2.000000,160.184794,1.872837,1.872837,300,0,0,0,300,1.000000,0.000000,0.000000,0.000000,1.000000,2.0953,2.8170,4.613,1.0000,raw_decisions/main/sequential/level_5/run_19_seed_20770851.jsonl,91796b8c89b65449ace9e1b48e869778e79f2e3ffeb702e670d03266f25234a9
5,smallpool16,0,20780839,300,2.000000,152.265358,1.970245,1.970245,300,0,0,0,278,1.000000,0.000000,0.000000,0.000000,0.926667,1.9361,2.9219,4.930,0.8934,raw_decisions/main/smallpool16/level_5/run_00_seed_20780839.jsonl,b7344e641057e26647d19c03c6b57d6e3ae1bbf8053ca0e2a2cade07af8615bd
5,smallpool16,1,20780840,300,2.000000,162.922665,1.841364,1.841364,300,0,0,0,274,1.000000,0.000000,0.000000,0.000000,0.913333,1.8732,2.5850,4.587,0.9011,raw_decisions/main/smallpool16/level_5/run_01_seed_20780840.jsonl,8c8f9cc2f088e78a58ac6bda1bfd19d715a5bae36974b25863e6990bf9caca99
5,smallpool16,2,20780841,300,2.000000,138.549276,2.165295,2.165295,300,0,0,0,268,1.000000,0.000000,0.000000,0.000000,0.893333,2.0290,2.7500,5.177,0.8842,raw_decisions/main/smallpool16/level_5/run_02_seed_20780841.jsonl,b04d83eab2d9beb7ae02661e2054ea66ee893ed5772209a0e1db656b2df1430b
5,smallpool16,3,20780842,300,2.000000,148.708490,2.017370,2.017370,300,0,0,0,263,1.000000,0.000000,0.000000,0.000000,0.876667,1.9372,2.7529,4.967,0.8820,raw_decisions/main/smallpool16/level_5/run_03_seed_20780842.jsonl,a9a9e4b4770616918f331f64203e8edbfb81f67edd061e5d88eec4cdb1aa5221
5,smallpool16,4,20780843,300,2.000000,161.712541,1.855144,1.855144,300,0,0,0,274,1.000000,0.000000,0.000000,0.000000,0.913333,1.9135,2.5850,4.733,0.9091,raw_decisions/main/smallpool16/level_5/run_04_seed_20780843.jsonl,520ced5e12718fee26eaffc59656956221d8b45d5479d1a31fe4e3fbd6bdf21b
5,smallpool16,5,20780844,300,2.000000,148.599479,2.018850,2.018850,300,0,0,0,270,1.000000,0.000000,0.000000,0.000000,0.900000,1.9562,2.7500,5.053,0.8868,raw_decisions/main/smallpool16/level_5/run_05_seed_20780844.jsonl,2e52ea3956b67dc20f1e3d841912b31ec4fb6d28be75a7d8fa282e8a2b0c1db5
5,smallpool16,6,20780845,300,2.000000,158.684811,1.890540,1.890540,300,0,0,0,262,1.000000,0.000000,0.000000,0.000000,0.873333,1.8819,2.7500,4.837,0.8823,raw_decisions/main/smallpool16/level_5/run_06_seed_20780845.jsonl,c4dd50bc2a63de17ac7beaac52cedd34452ea1c96a832ca1e4b99c12039d5209
5,smallpool16,7,20780846,300,2.000000,139.498821,2.150556,2.150556,300,0,0,0,279,1.000000,0.000000,0.000000,0.000000,0.930000,2.0580,2.8074,5.230,0.9002,raw_decisions/main/smallpool16/level_5/run_07_seed_20780846.jsonl,886dacb6ec766d027ecd3965630672ab7ba3ce4501d95f95a9b4287755abe81f
5,smallpool16,8,20780847,300,2.000000,145.515761,2.061632,2.061632,300,0,0,0,263,1.000000,0.000000,0.000000,0.000000,0.876667,1.9921,2.9219,5.227,0.8729,raw_decisions/main/smallpool16/level_5/run_08_seed_20780847.jsonl,f4bafbb03eb94ee6cdeb4e8be74a79e099ec643cf7f8b28ae63d0ba5564f1749
5,smallpool16,9,20780848,300,2.000000,167.327804,1.792888,1.792888,300,0,0,0,262,1.000000,0.000000,0.000000,0.000000,0.873333,1.8317,2.7500,4.627,0.8864,raw_decisions/main/smallpool16/level_5/run_09_seed_20780848.jsonl,3c98120127b2ff7999ef797100e3bdb334f1261a3d07cf4b229c540aaec2f4cc
5,smallpool16,10,20780849,300,2.000000,143.339016,2.092940,2.092940,300,0,0,0,268,1.000000,0.000000,0.000000,0.000000,0.893333,2.0310,2.8074,5.270,0.8818,raw_decisions/main/smallpool16/level_5/run_10_seed_20780849.jsonl,3c603ac8e708d9161bfeadd0ea3c3ca4cbf32328d2a9d1de0720a41dcfcc7e9e
5,smallpool16,11,20780850,300,2.000000,138.605249,2.164420,2.164420,300,0,0,0,258,1.000000,0.000000,0.000000,0.000000,0.860000,2.0198,2.8074,5.300,0.8674,raw_decisions/main/smallpool16/level_5/run_11_seed_20780850.jsonl,f15d094c79358d8afc1365e3131d3e0ba39fc1b7e8c09a22efddc15365250457
5,smallpool16,12,20780851,300,2.000000,153.868409,1.949718,1.949718,300,0,0,0,269,1.000000,0.000000,0.000000,0.000000,0.896667,1.9223,2.7500,4.740,0.8976,raw_decisions/main/smallpool16/level_5/run_12_seed_20780851.jsonl,a7994608a52d94580d4efb2055ef9d1e0e5b697c762d0d7ce65f415127ce9492
5,smallpool16,13,20780852,300,2.000000,141.675752,2.117511,2.117511,300,0,0,0,267,1.000000,0.000000,0.000000,0.000000,0.890000,1.9914,2.8074,5.233,0.8659,raw_decisions/main/smallpool16/level_5/run_13_seed_20780852.jsonl,fc3af54c3ba569435ef68f4ef41c27c9037cceacf9dfeeb2f5c9c1d6bf6beaf0
5,smallpool16,14,20780853,300,2.000000,149.920801,2.001057,2.001057,300,0,0,0,269,1.000000,0.000000,0.000000,0.000000,0.896667,1.9581,2.7529,5.190,0.8752,raw_decisions/main/smallpool16/level_5/run_14_seed_20780853.jsonl,8133a1f5fcea0bc8158587d0a028414b3fc0eb01752123f153a9abf129712639
5,smallpool16,15,20780854,300,2.000000,140.924316,2.128802,2.128802,300,0,0,0,252,1.000000,0.000000,0.000000,0.000000,0.840000,2.0335,2.7500,5.383,0.8657,raw_decisions/main/smallpool16/level_5/run_15_seed_20780854.jsonl,c9521fa1e42b3cbb689fdbd41069fe44ccb6053f477557443faa5d4214636cf5
5,smallpool16,16,20780855,300,2.000000,155.475466,1.929565,1.929565,300,0,0,0,283,1.000000,0.000000,0.000000,0.000000,0.943333,1.9503,2.7500,4.823,0.9007,raw_decisions/main/smallpool16/level_5/run_16_seed_20780855.jsonl,7678fad10a9e54a195b4b3938ff3a971e39e96f5f142c30c1b7ed4b3b3eb8846
5,smallpool16,17,20780856,300,2.000000,147.855569,2.029007,2.029007,300,0,0,0,270,1.000000,0.000000,0.000000,0.000000,0.900000,1.9522,2.7529,5.007,0.8821,raw_decisions/main/smallpool16/level_5/run_17_seed_20780856.jsonl,737163301403b37cfbccd8d7950a2ddda74b27cd488d4c1c1f8da503ac272c97
5,smallpool16,18,20780857,300,2.000000,167.804017,1.787800,1.787800,300,0,0,0,282,1.000000,0.000000,0.000000,0.000000,0.940000,1.8668,2.7500,4.507,0.9125,raw_decisions/main/smallpool16/level_5/run_18_seed_20780857.jsonl,4132c0efa0f75e87b140754d462572c73fa46ce58a32970d9a3d30881038a963
5,smallpool16,19,20780858,300,2.000000,149.443788,2.007444,2.007444,300,0,0,0,274,1.000000,0.000000,0.000000,0.000000,0.913333,1.9340,2.7500,4.833,0.8883,raw_decisions/main/smallpool16/level_5/run_19_seed_20780858.jsonl,66f00a9d6d99b7778d3394c571116b877305af72a3b161113674f5b74feab7d3
12,random2048,0,21460846,300,5.500000,63.448252,4.728263,4.728263,300,0,0,27,300,1.000000,0.000000,0.000000,0.090000,1.000000,3.3481,4.0588,10.707,0.9992,raw_decisions/main/random2048/level_12/run_00_seed_21460846.jsonl,c6696ba37f969ffdf2c32a88eb8a1b7b13edcbd5d3be1fc2c16a9f93769ef105
12,random2048,1,21460847,300,5.500000,51.994463,5.769845,5.769845,300,0,0,48,300,1.000000,0.000000,0.000000,0.160000,1.000000,3.6136,4.1699,12.617,1.0000,raw_decisions/main/random2048/level_12/run_01_seed_21460847.jsonl,95cb01edc8e184ad406706252144a06a5e2b3e53be4171b9e506efcf8be627c8
12,random2048,2,21460848,300,5.500000,58.780786,5.103709,5.103709,300,3,3,25,300,1.000000,0.010000,0.010000,0.083333,1.000000,3.3911,4.0875,11.047,0.9993,raw_decisions/main/random2048/level_12/run_02_seed_21460848.jsonl,30280833f97fe32770188e2bc8fd7a1513319cef8997a74064a48e1e7d226098
12,random2048,3,21460849,300,5.500000,59.100846,5.076069,5.076069,300,0,0,28,300,1.000000,0.000000,0.000000,0.093333,1.000000,3.3915,4.0000,11.047,0.9958,raw_decisions/main/random2048/level_12/run_03_seed_21460849.jsonl,f0e1ba555d9a76beeaf6f10c19cd2877742d76b78ab7a77ce4d63a79908be3cf
12,random2048,4,21460850,300,5.500000,53.419887,5.615886,5.615886,300,0,0,36,300,1.000000,0.000000,0.000000,0.120000,1.000000,3.5376,4.0875,11.963,1.0000,raw_decisions/main/random2048/level_12/run_04_seed_21460850.jsonl,149f6b9000372f0c2338d435c3fa9b8fcf1c5522f9e0cf515764e40562a02667
12,random2048,5,21460851,300,5.500000,57.770530,5.192959,5.192959,300,0,0,30,300,1.000000,0.000000,0.000000,0.100000,1.000000,3.4430,4.0000,11.380,1.0000,raw_decisions/main/random2048/level_12/run_05_seed_21460851.jsonl,f8e059a40208240ccb4e225d412afbd2c55c5a85e99ca9341c3c1018da24b3dc
12,random2048,6,21460852,300,5.500000,53.927019,5.563074,5.563074,300,1,1,52,300,1.000000,0.003333,0.003333,0.173333,1.000000,3.5116,4.2479,12.093,0.9923,raw_decisions/main/random2048/level_12/run_06_seed_21460852.jsonl,d7ba48186a0e2e23e2928a770b6265f5ef1e4ed91b400d853b20b076bd652937
12,random2048,7,21460853,300,5.500000,51.207958,5.858464,5.858464,300,0,0,60,300,1.000000,0.000000,0.000000,0.200000,1.000000,3.6055,4.3219,12.637,0.9994,raw_decisions/main/random2048/level_12/run_07_seed_21460853.jsonl,f0bb881ed8d15d72f78387c052e98354d51146e64f256137196f43b3309b783e
12,random2048,8,21460854,300,5.500000,55.675712,5.388346,5.388346,300,0,0,27,300,1.000000,0.000000,0.000000,0.090000,1.000000,3.4684,4.0000,11.497,0.9951,raw_decisions/main/random2048/level_12/run_08_seed_21460854.jsonl,758a711dfa1482f897fe50fb776403e894e0a84f353af8fa98ec6a068d85fb22
12,random2048,9,21460855,300,5.500000,59.792155,5.017381,5.017381,300,0,0,48,300,1.000000,0.000000,0.000000,0.160000,1.000000,3.4226,4.0875,11.323,0.9989,raw_decisions/main/random2048/level_12/run_09_seed_21460855.jsonl,a6983f1986607bd763b9bc509467d3d9cfe48c4c49faa14291164196624cb6a4
12,random2048,10,21460856,300,5.500000,54.128190,5.542399,5.542399,300,0,0,40,300,1.000000,0.000000,0.000000,0.133333,1.000000,3.5291,4.0044,12.110,0.9983,raw_decisions/main/random2048/level_12/run_10_seed_21460856.jsonl,8df1b872a2dc395ae120071392c3fa19c4b5d9d7f109698dadb36afbced1b131
12,random2048,11,21460857,300,5.500000,55.542306,5.401288,5.401288,300,0,0,41,300,1.000000,0.000000,0.000000,0.136667,1.000000,3.5097,4.0875,11.887,1.0000,raw_decisions/main/random2048/level_12/run_11_seed_21460857.jsonl,5532e30ce60a2ed90bc63aa3457a1ee31d4d93696ce230a52cc39b7bb49ac465
12,random2048,12,21460858,300,5.500000,56.122633,5.345437,5.345437,300,0,0,33,300,1.000000,0.000000,0.000000,0.110000,1.000000,3.4722,4.0875,11.530,0.9989,raw_decisions/main/random2048/level_12/run_12_seed_21460858.jsonl,e4ba45e92f30aba27bf0fb5d91a1bc519cf3495a576097134ddf48aa18da1343
12,random2048,13,21460859,300,5.500000,55.317792,5.423210,5.423210,300,0,0,26,300,1.000000,0.000000,0.000000,0.086667,1.000000,3.4846,4.0000,11.593,0.9954,raw_decisions/main/random2048/level_12/run_13_seed_21460859.jsonl,e3cf869fd4f385466a0234ebf1f4929493b7efc74d9c8562d6cd3277d75f9fa0
12,random2048,14,21460860,300,5.500000,59.248316,5.063435,5.063435,300,0,0,21,300,1.000000,0.000000,0.000000,0.070000,1.000000,3.3989,4.0000,11.113,0.9946,raw_decisions/main/random2048/level_12/run_14_seed_21460860.jsonl,132fa598b559219ad535bc73e3bd4edbd677b8ae517acb867e750dd1d0f0d176
12,random2048,15,21460861,300,5.500000,50.291574,5.965214,5.965214,300,0,0,71,300,1.000000,0.000000,0.000000,0.236667,1.000000,3.6076,4.3219,12.850,1.0000,raw_decisions/main/random2048/level_12/run_15_seed_21460861.jsonl,1372b8cb52adc4eb741c5eb15cdc646217cadd1aa557494120f2216b1b4b09d9
12,random2048,16,21460862,300,5.500000,54.159898,5.539154,5.539154,300,0,0,45,300,1.000000,0.000000,0.000000,0.150000,1.000000,3.5427,4.0875,12.087,1.0000,raw_decisions/main/random2048/level_12/run_16_seed_21460862.jsonl,4d5cf0f670547a21e735c7857c8d18eafcdce33653e6eb438dcceb66aa2fa3a4
12,random2048,17,21460863,300,5.500000,57.073961,5.256337,5.256337,300,0,0,39,300,1.000000,0.000000,0.000000,0.130000,1.000000,3.4637,4.0875,11.703,0.9947,raw_decisions/main/random2048/level_12/run_17_seed_21460863.jsonl,764cfb373bb7a57d82424e265b991b0cb943d8a1e235cb3a1e6a03c577bc2d2b
12,random2048,18,21460864,300,5.500000,58.819277,5.100369,5.100369,300,0,0,27,300,1.000000,0.000000,0.000000,0.090000,1.000000,3.4131,4.0000,11.127,0.9998,raw_decisions/main/random2048/level_12/run_18_seed_21460864.jsonl,f780d0ab90c97d9f5c712324f17b0623f550c1fe473e4ba5463960e83a946712
12,random2048,19,21460865,300,5.500000,53.872692,5.568684,5.568684,300,0,0,38,300,1.000000,0.000000,0.000000,0.126667,1.000000,3.5209,4.1699,11.867,1.0000,raw_decisions/main/random2048/level_12/run_19_seed_21460865.jsonl,9741db5aacbc90922fe74912b72c3dd44b151b1f9d4970177d5984cd55bc703c
12,sequential,0,21470853,300,5.500000,51.682841,5.804635,5.804635,300,0,0,58,300,1.000000,0.000000,0.000000,0.193333,1.000000,3.5730,4.1699,12.413,1.0000,raw_decisions/main/sequential/level_12/run_00_seed_21470853.jsonl,26050408c6b4b1bc407210bc7333ae120617ad34431151e413cf074d66670c13
12,sequential,1,21470854,300,5.500000,59.002078,5.084567,5.084567,300,0,0,22,300,1.000000,0.000000,0.000000,0.073333,1.000000,3.3946,4.0000,10.970,1.0000,raw_decisions/main/sequential/level_12/run_01_seed_21470854.jsonl,a4ce2a5559e6ff39dd1e2264d61e9337c2275d593e0e99914cf279b79cbe96b2
12,sequential,2,21470855,300,5.500000,58.786523,5.103210,5.103210,300,0,0,33,300,1.000000,0.000000,0.000000,0.110000,1.000000,3.3890,4.0875,11.033,1.0000,raw_decisions/main/sequential/level_12/run_02_seed_21470855.jsonl,7768e19602683e3582350f748cfc544f73ae5212d54eb378825437d7dd32c740
12,sequential,3,21470856,300,5.500000,53.343641,5.623913,5.623913,300,0,0,27,300,1.000000,0.000000,0.000000,0.090000,1.000000,3.5480,4.0000,12.017,1.0000,raw_decisions/main/sequential/level_12/run_03_seed_21470856.jsonl,4d140bd92cdffe43725f4fd298c07a4ae97151279d6a0e67e7a157fbb56f1af1
12,sequential,4,21470857,300,5.500000,55.962277,5.360754,5.360754,300,0,0,38,300,1.000000,0.000000,0.000000,0.126667,1.000000,3.4906,4.0875,11.733,1.0000,raw_decisions/main/sequential/level_12/run_04_seed_21470857.jsonl,44dc7d3b497f0f17817cd88409e6058d2b7292b5c83893fad39e382aec5484e9
12,sequential,5,21470858,300,5.500000,54.217367,5.533282,5.533282,300,0,0,57,300,1.000000,0.000000,0.000000,0.190000,1.000000,3.5043,4.0875,11.890,1.0000,raw_decisions/main/sequential/level_12/run_05_seed_21470858.jsonl,e2d68e25bd290e7112077473359aa4aa23a8e730f41455907f51eadb5b9110c2
12,sequential,6,21470859,300,5.500000,49.374119,6.076058,6.076058,300,0,0,94,300,1.000000,0.000000,0.000000,0.313333,1.000000,3.6965,4.3254,13.577,1.0000,raw_decisions/main/sequential/level_12/run_06_seed_21470859.jsonl,e357b436b9d513690b2da9a13871084c7a88e80ef44adc5cf32621f4ddcb9624
12,sequential,7,21470860,300,5.500000,56.320820,5.326627,5.326627,300,0,0,34,300,1.000000,0.000000,0.000000,0.113333,1.000000,3.4711,4.0044,11.530,1.0000,raw_decisions/main/sequential/level_12/run_07_seed_21470860.jsonl,48eab9078bf41f5b4e20fad8f59fa9a5e06a4073fad0d61732c9ea47fb0add60
12,sequential,8,21470861,300,5.500000,53.313011,5.627144,5.627144,300,2,2,36,300,1.000000,0.006667,0.006667,0.120000,1.000000,3.5426,4.1699,12.097,1.0000,raw_decisions/main/sequential/level_12/run_08_seed_21470861.jsonl,7cf1e53b68a705411b1b78f4be2e93bca97b0a31492335cc708535372bdb48af
12,sequential,9,21470862,300,5.500000,52.240753,5.742643,5.742643,300,0,0,55,300,1.000000,0.000000,0.000000,0.183333,1.000000,3.5572,4.1699,12.273,1.0000,raw_decisions/main/sequential/level_12/run_09_seed_21470862.jsonl,f788b0e29bffb58b18cc00538fa1a7ba4c5299d1ce526fe33620882a9bdec335
12,sequential,10,21470863,300,5.500000,54.605260,5.493976,5.493976,300,0,0,34,300,1.000000,0.000000,0.000000,0.113333,1.000000,3.5188,4.0875,11.803,1.0000,raw_decisions/main/sequential/level_12/run_10_seed_21470863.jsonl,2e108365ecea7c948bd13878426f56e880cff7bdc10d05040e2a806d1dfda1fb
12,sequential,11,21470864,300,5.500000,53.668746,5.589846,5.589846,300,0,0,38,300,1.000000,0.000000,0.000000,0.126667,1.000000,3.5488,4.0875,12.167,1.0000,raw_decisions/main/sequential/level_12/run_11_seed_21470864.jsonl,7eb31d76bb6ef65071d7af7e1cedc829816f07bc97dbb6d209ded3a8749d2804
12,sequential,12,21470865,300,5.500000,51.067921,5.874529,5.874529,300,0,0,59,300,1.000000,0.000000,0.000000,0.196667,1.000000,3.5918,4.2479,12.567,1.0000,raw_decisions/main/sequential/level_12/run_12_seed_21470865.jsonl,4d980348b7a636649a1189a6bbb4b313a6b03aeea7406994584959ce5155b06d
12,sequential,13,21470866,300,5.500000,55.773157,5.378932,5.378932,300,0,0,32,300,1.000000,0.000000,0.000000,0.106667,1.000000,3.4670,4.0875,11.507,1.0000,raw_decisions/main/sequential/level_12/run_13_seed_21470866.jsonl,dc2bcddb251a571fce438e3ef4c1704cb894eff131aaf43c8c03f7732e2e3a7b
12,sequential,14,21470867,300,5.500000,58.007271,5.171765,5.171765,300,0,0,28,300,1.000000,0.000000,0.000000,0.093333,1.000000,3.4413,4.0000,11.263,1.0000,raw_decisions/main/sequential/level_12/run_14_seed_21470867.jsonl,28b419101cc6f37076cb131712f6595aa7f06ee9aed97f5e9850181d60bc1434
12,sequential,15,21470868,300,5.500000,56.719319,5.289203,5.289203,300,0,0,26,300,1.000000,0.000000,0.000000,0.086667,1.000000,3.4643,4.0000,11.477,1.0000,raw_decisions/main/sequential/level_12/run_15_seed_21470868.jsonl,e92052765476a7d5c3177e7568f5121454ea97ba242d37c9b9a3fa3640f787b9
12,sequential,16,21470869,300,5.500000,51.863603,5.784403,5.784403,300,0,0,31,300,1.000000,0.000000,0.000000,0.103333,1.000000,3.6013,4.0000,12.393,1.0000,raw_decisions/main/sequential/level_12/run_16_seed_21470869.jsonl,772426ec61d9f572f5ec5a91bcee59b6831d79e42b6fd1cbbcaa012401b90772
12,sequential,17,21470870,300,5.500000,55.894105,5.367292,5.367292,300,5,5,40,300,1.000000,0.016667,0.016667,0.133333,1.000000,3.5205,4.1738,12.023,1.0000,raw_decisions/main/sequential/level_12/run_17_seed_21470870.jsonl,e92418c026676b95013484aba6c3e946d97cc91a0d111a6384b00a31546bfb42
12,sequential,18,21470871,300,5.500000,52.617895,5.701482,5.701482,300,0,0,63,300,1.000000,0.000000,0.000000,0.210000,1.000000,3.5780,4.2479,12.430,1.0000,raw_decisions/main/sequential/level_12/run_18_seed_21470871.jsonl,21a0a8e34182287fa5f93602b9799b52ce4c6a12c7bac1b2863e6a4c61734814
12,sequential,19,21470872,300,5.500000,56.592118,5.301092,5.301092,300,0,0,57,300,1.000000,0.000000,0.000000,0.190000,1.000000,3.4941,4.2479,11.920,1.0000,raw_decisions/main/sequential/level_12/run_19_seed_21470872.jsonl,dcf7117754d528ec66ec5d061929fb285d5442cdeb7c6f3c306968c133aeefa8
12,smallpool16,0,21480860,300,5.500000,60.610874,4.949607,4.949607,300,0,0,0,163,1.000000,0.000000,0.000000,0.000000,0.543333,2.8309,3.2639,11.310,0.7251,raw_decisions/main/smallpool16/level_12/run_00_seed_21480860.jsonl,e84163f472cf476cd795950ea8c7c9f5711b3f0f6bacd5502526cf70af4ac97c
12,smallpool16,1,21480861,300,5.500000,61.006472,4.917511,4.917511,300,0,0,0,161,1.000000,0.000000,0.000000,0.000000,0.536667,2.7771,3.3390,11.157,0.7124,raw_decisions/main/smallpool16/level_12/run_01_seed_21480861.jsonl,3bc94ae92afdc5c2d951c868ea5c1e7b51f94d01bff40d7dbcd082adeaf6f78f
12,smallpool16,2,21480862,300,5.500000,55.557900,5.399772,5.399772,300,0,0,0,186,1.000000,0.000000,0.000000,0.000000,0.620000,2.9208,3.4108,11.640,0.7348,raw_decisions/main/smallpool16/level_12/run_02_seed_21480862.jsonl,b6ff47d9a683310245d9fcc2f89a9d6b06c88c136cd08767d4b30d9f3015618a
12,smallpool16,3,21480863,300,5.500000,58.006969,5.171792,5.171792,300,0,0,0,207,1.000000,0.000000,0.000000,0.000000,0.690000,2.8795,3.3278,10.997,0.7514,raw_decisions/main/smallpool16/level_12/run_03_seed_21480863.jsonl,26f7c8087770c52cd0167b5d2ca66173637569ee85bc3af39ca605d22060145b
12,smallpool16,4,21480864,300,5.500000,56.739691,5.287304,5.287304,300,0,0,0,182,1.000000,0.000000,0.000000,0.000000,0.606667,2.8817,3.3927,11.173,0.7347,raw_decisions/main/smallpool16/level_12/run_04_seed_21480864.jsonl,14b3cbae44a9d5c8fb80c8a6e6890882fe07b9c536a51734b17bd738873b9e1b
12,smallpool16,5,21480865,300,5.500000,52.947470,5.665993,5.665993,300,0,1,0,173,1.000000,0.000000,0.003333,0.000000,0.576667,2.9992,3.5033,12.497,0.7299,raw_decisions/main/smallpool16/level_12/run_05_seed_21480865.jsonl,4b532393bbb844bf3e3d8cd9914f845708915310df8df3c101dc2a1183c57a80
12,smallpool16,6,21480866,300,5.500000,56.837482,5.278207,5.278207,300,0,0,0,197,1.000000,0.000000,0.000000,0.000000,0.656667,2.8723,3.3788,11.310,0.7304,raw_decisions/main/smallpool16/level_12/run_06_seed_21480866.jsonl,30fe2a09126a3c7bf7b1dc16e4310714bd7af1c6011d99854364638dae4ba255
12,smallpool16,7,21480867,300,5.500000,51.042088,5.877502,5.877502,300,0,0,0,144,1.000000,0.000000,0.000000,0.000000,0.480000,2.9692,3.5003,12.573,0.7100,raw_decisions/main/smallpool16/level_12/run_07_seed_21480867.jsonl,9f3ebd1a125ab75aea20e31490e5ebbbb3ac61b285c03dcb4ed055ac2126ecb7
12,smallpool16,8,21480868,300,5.500000,57.444467,5.222435,5.222435,300,0,0,0,184,1.000000,0.000000,0.000000,0.000000,0.613333,2.8685,3.4529,11.420,0.7313,raw_decisions/main/smallpool16/level_12/run_08_seed_21480868.jsonl,0ef4dc840775f21fe7e7230f307071cd3ce05014a3f6262e3cb37b520a7d45f8
12,smallpool16,9,21480869,300,5.500000,48.132738,6.232764,6.232764,300,0,0,0,129,1.000000,0.000000,0.000000,0.000000,0.430000,3.0074,3.4324,13.473,0.6820,raw_decisions/main/smallpool16/level_12/run_09_seed_21480869.jsonl,9cb7e427b50bf31273f866bde121a69e64379efe80b2b671416d776a5a765b2b
12,smallpool16,10,21480870,300,5.500000,55.938420,5.363040,5.363040,300,0,0,0,234,1.000000,0.000000,0.000000,0.000000,0.780000,3.0246,3.5069,11.597,0.7858,raw_decisions/main/smallpool16/level_12/run_10_seed_21480870.jsonl,dc24e54c2502ecaef96eae755fafb5122c05964da3f78629d9017a13c145ee27
12,smallpool16,11,21480871,300,5.500000,53.637903,5.593060,5.593060,300,0,0,0,162,1.000000,0.000000,0.000000,0.000000,0.540000,2.9022,3.3927,11.897,0.7178,raw_decisions/main/smallpool16/level_12/run_11_seed_21480871.jsonl,88eaeacc894a0c53a94e449786c3c1684fc5ce9e5e002efde40ea5c3dd52f0a8
12,smallpool16,12,21480872,300,5.500000,54.708015,5.483657,5.483657,300,0,0,0,173,1.000000,0.000000,0.000000,0.000000,0.576667,2.9043,3.3927,11.827,0.7275,raw_decisions/main/smallpool16/level_12/run_12_seed_21480872.jsonl,ba818fde6f727e0ac3df8a410c34f7b0180738522c9e36d96b73dced2fe42d05
12,smallpool16,13,21480873,300,5.500000,53.508076,5.606630,5.606630,300,0,0,0,182,1.000000,0.000000,0.000000,0.000000,0.606667,2.9412,3.4632,11.847,0.7304,raw_decisions/main/smallpool16/level_12/run_13_seed_21480873.jsonl,6fe7b1473bfd0bdca96756b75154d177392fb9bcdb78206b94a91463e1ae25d2
12,smallpool16,14,21480874,300,5.500000,54.508521,5.503727,5.503727,300,0,0,0,175,1.000000,0.000000,0.000000,0.000000,0.583333,2.9421,3.4108,12.013,0.7246,raw_decisions/main/smallpool16/level_12/run_14_seed_21480874.jsonl,188286ec7ed253ea644e35eda83be744d6c96a536165d8b4c50934ef5acd64ea
12,smallpool16,15,21480875,300,5.500000,55.591228,5.396535,5.396535,300,0,0,0,152,1.000000,0.000000,0.000000,0.000000,0.506667,2.8838,3.3940,11.867,0.7212,raw_decisions/main/smallpool16/level_12/run_15_seed_21480875.jsonl,0712970691c6743aaefe3ec970e462bd52aec170cd8a2894efe01d153d69e236
12,smallpool16,16,21480876,300,5.500000,59.099562,5.076180,5.076180,300,0,0,0,182,1.000000,0.000000,0.000000,0.000000,0.606667,2.7835,3.3738,10.803,0.7278,raw_decisions/main/smallpool16/level_12/run_16_seed_21480876.jsonl,e4a3747dc2d6dc554d3139d4ddc1e8f63c0a07421af8ab5344a7c4eacff85f43
12,smallpool16,17,21480877,300,5.500000,54.696564,5.484805,5.484805,300,0,2,0,167,1.000000,0.000000,0.006667,0.000000,0.556667,2.9056,3.3250,12.057,0.7120,raw_decisions/main/smallpool16/level_12/run_17_seed_21480877.jsonl,9feac6e5ef319def43df1c5d82a267b1b02ebd47804b2d49834f73df75de7676
12,smallpool16,18,21480878,300,5.500000,53.686766,5.587969,5.587969,300,0,0,0,135,1.000000,0.000000,0.000000,0.000000,0.450000,2.8719,3.3283,12.013,0.7015,raw_decisions/main/smallpool16/level_12/run_18_seed_21480878.jsonl,fa963d4ffdaa2c12d0639a1c4fa536b649394bae498f1c22fc917569042d1401
12,smallpool16,19,21480879,300,5.500000,52.767104,5.685360,5.685360,300,0,0,0,183,1.000000,0.000000,0.000000,0.000000,0.610000,2.9767,3.5374,12.537,0.7089,raw_decisions/main/smallpool16/level_12/run_19_seed_21480879.jsonl,670851df2f103a88330d4f5a3772fb7dc629dcacd182b11178bfb32e45b95ade
18,random2048,0,22060864,300,8.500000,30.909706,9.705689,9.705689,300,60,60,265,300,1.000000,0.200000,0.200000,0.883333,1.000000,4.3006,4.7549,20.150,0.9984,raw_decisions/main/random2048/level_18/run_00_seed_22060864.jsonl,326d151d31587661e99c22110e492170f95deb78f683091e93fafcb38bca9e8d
18,random2048,1,22060865,300,8.500000,34.759875,8.630641,8.630641,300,35,35,225,300,1.000000,0.116667,0.116667,0.750000,1.000000,4.1529,4.6467,18.447,0.9939,raw_decisions/main/random2048/level_18/run_01_seed_22060865.jsonl,b6cec1d3202dece91d9f34fb61b4d1bf692b0e9bb642ba9bc8be56056688807f
18,random2048,2,22060866,300,8.500000,36.805322,8.150995,8.150995,300,3,3,208,300,1.000000,0.010000,0.010000,0.693333,1.000000,4.0642,4.4594,17.153,0.9958,raw_decisions/main/random2048/level_18/run_02_seed_22060866.jsonl,c7b0ce1eb12afdb482d30ea069cf5d7d9fda82cc62b87c6367d32d95d5e2d854
18,random2048,3,22060867,300,8.500000,32.890588,9.121150,9.121150,300,72,72,254,300,1.000000,0.240000,0.240000,0.846667,1.000000,4.2643,4.7549,19.750,0.9980,raw_decisions/main/random2048/level_18/run_03_seed_22060867.jsonl,aae9243321746d17ce069619238c7996c3f9d13a496fe2b0a7763f148b0bb697
18,random2048,4,22060868,300,8.500000,37.581662,7.982617,7.982617,300,1,1,189,300,1.000000,0.003333,0.003333,0.630000,1.000000,4.0257,4.4594,16.943,0.9904,raw_decisions/main/random2048/level_18/run_04_seed_22060868.jsonl,395fa286f5f2c2b0538525c1244eda14d82a9f989c284b2c9733a6657b665871
18,random2048,5,22060869,300,8.500000,36.380833,8.246100,8.246100,300,30,30,204,300,1.000000,0.100000,0.100000,0.680000,1.000000,4.1056,4.6245,17.820,0.9961,raw_decisions/main/random2048/level_18/run_05_seed_22060869.jsonl,098f5c91b6fae80c9d41f9c2f7c06d9d46f4cdda95bdcdcf0e0b6f2fa4f4dee8
18,random2048,6,22060870,300,8.500000,33.454404,8.967429,8.967429,300,15,15,250,300,1.000000,0.050000,0.050000,0.833333,1.000000,4.2136,4.5236,18.903,0.9975,raw_decisions/main/random2048/level_18/run_06_seed_22060870.jsonl,388b3a614d53b129b1ade7851d70db47296e43960979226a0eba0126c2781d5e
18,random2048,7,22060871,300,8.500000,34.321179,8.740959,8.740959,300,44,44,210,300,1.000000,0.146667,0.146667,0.700000,1.000000,4.1576,4.7549,18.587,0.9968,raw_decisions/main/random2048/level_18/run_07_seed_22060871.jsonl,3a851deed050dfbbd48e32b04254c64ec0cd83b96b2b3f398cdcb7d884b4a06a
18,random2048,8,22060872,300,8.500000,36.734450,8.166721,8.166721,300,20,20,210,300,1.000000,0.066667,0.066667,0.700000,1.000000,4.0763,4.5850,17.363,0.9978,raw_decisions/main/random2048/level_18/run_08_seed_22060872.jsonl,c5c909277137ad47a4e93c1d98eb6c465555c163f167ac58cefdcc65ec9a276c
18,random2048,9,22060873,300,8.500000,33.136533,9.053452,9.053452,300,25,25,246,300,1.000000,0.083333,0.083333,0.820000,1.000000,4.1889,4.5850,18.563,1.0000,raw_decisions/main/random2048/level_18/run_09_seed_22060873.jsonl,86f1a958396417c979491339b98d799fcea93266fbd9af5073b7909ed19bee23
18,random2048,10,22060874,300,8.500000,38.116174,7.870674,7.870674,300,16,16,180,300,1.000000,0.053333,0.053333,0.600000,1.000000,4.0166,4.5850,16.707,1.0000,raw_decisions/main/random2048/level_18/run_10_seed_22060874.jsonl,887f8d35b9f5d723dfa30e5984f6bf397d5fd2a07e876cc797e799d05a6bcca7
18,random2048,11,22060875,300,8.500000,37.646675,7.968831,7.968831,300,19,19,192,300,1.000000,0.063333,0.063333,0.640000,1.000000,4.0240,4.5850,16.867,0.9951,raw_decisions/main/random2048/level_18/run_11_seed_22060875.jsonl,56924d8e8442b2962dfbabf9ce4b4e42fd79fccc86947c48099e0c403c50365f
18,random2048,12,22060876,300,8.500000,36.275419,8.270063,8.270063,300,16,16,199,300,1.000000,0.053333,0.053333,0.663333,1.000000,4.0907,4.5266,17.507,0.9978,raw_decisions/main/random2048/level_18/run_12_seed_22060876.jsonl,1015cd69f036890f67a843d96d4cc61d3218e989892dabc8fc532c2ddd862fd9
18,random2048,13,22060877,300,8.500000,35.498493,8.451063,8.451063,300,25,25,208,300,1.000000,0.083333,0.083333,0.693333,1.000000,4.1062,4.6439,17.707,0.9985,raw_decisions/main/random2048/level_18/run_13_seed_22060877.jsonl,08d54dc46ee91dedc7d97f01cd002f52cd2bc46b345abf7b3e462691cae3e884
18,random2048,14,22060878,300,8.500000,36.047570,8.322336,8.322336,300,27,27,200,300,1.000000,0.090000,0.090000,0.666667,1.000000,4.1203,4.6235,18.000,0.9952,raw_decisions/main/random2048/level_18/run_14_seed_22060878.jsonl,e396deb5078d194e43650f0b9e94f243878bdea717c29ab101cb5ec4d311419a
18,random2048,15,22060879,300,8.500000,32.055155,9.358869,9.358869,300,60,60,250,300,1.000000,0.200000,0.200000,0.833333,1.000000,4.2432,4.7004,19.490,0.9951,raw_decisions/main/random2048/level_18/run_15_seed_22060879.jsonl,98e1deeb5c7d1b428cc0bb1c3a638e101b1ceb7aa8b34f4b0a4200839b2564c7
18,random2048,16,22060880,300,8.500000,34.327988,8.739225,8.739225,300,28,28,227,300,1.000000,0.093333,0.093333,0.756667,1.000000,4.1591,4.5850,18.403,0.9941,raw_decisions/main/random2048/level_18/run_16_seed_22060880.jsonl,bead75ee22c07f0c0bf7ab1b317396535eab1404a1cb086112f8ecd4d657c757
18,random2048,17,22060881,300,8.500000,36.871233,8.136424,8.136424,300,21,21,173,300,1.000000,0.070000,0.070000,0.576667,1.000000,4.0425,4.5649,17.310,0.9867,raw_decisions/main/random2048/level_18/run_17_seed_22060881.jsonl,3d4c9c5953b93b9a268af60ea2d51c2b71c4fd1e05a1bae7e612c1b806a7a7b4
18,random2048,18,22060882,300,8.500000,35.115138,8.543324,8.543324,300,34,34,219,300,1.000000,0.113333,0.113333,0.730000,1.000000,4.1266,4.7549,17.907,1.0000,raw_decisions/main/random2048/level_18/run_18_seed_22060882.jsonl,b00128956ded32049eb6013d8b46c8565ba81a8314259e9d7aaa07ae1cf3c8a5
18,random2048,19,22060883,300,8.500000,31.836827,9.423050,9.423050,300,49,49,252,300,1.000000,0.163333,0.163333,0.840000,1.000000,4.2439,4.6439,19.450,0.9964,raw_decisions/main/random2048/level_18/run_19_seed_22060883.jsonl,1894ccbbd69927327be5c1eb2b8f44b423d3aa7f388afe896930051862b8d3ed
18,sequential,0,22070871,300,8.500000,35.866949,8.364246,8.364246,300,37,37,196,300,1.000000,0.123333,0.123333,0.653333,1.000000,4.1087,4.6439,17.810,1.0000,raw_decisions/main/sequential/level_18/run_00_seed_22070871.jsonl,b910054c454f778a684be17d3e0da432fd35a1a8d5f5734bee4d7e204aa6a77c
18,sequential,1,22070872,300,8.500000,36.462201,8.227699,8.227699,300,15,15,218,300,1.000000,0.050000,0.050000,0.726667,1.000000,4.1092,4.5266,17.583,1.0000,raw_decisions/main/sequential/level_18/run_01_seed_22070872.jsonl,03b873c15d78d5700f68b067cc772474316421711026fc39308f6a5f415663f9
18,sequential,2,22070873,300,8.500000,33.860511,8.859878,8.859878,300,76,76,224,300,1.000000,0.253333,0.253333,0.746667,1.000000,4.2241,4.7575,19.417,1.0000,raw_decisions/main/sequential/level_18/run_02_seed_22070873.jsonl,9354cc97acf1b480af9d94c392cd27bf832f68150cbe9244a493a249d1a32c5b
18,sequential,3,22070874,300,8.500000,37.016855,8.104416,8.104416,300,6,6,210,300,1.000000,0.020000,0.020000,0.700000,1.000000,4.0701,4.4626,17.303,1.0000,raw_decisions/main/sequential/level_18/run_03_seed_22070874.jsonl,b8ba71118f99b276f866efb545c2fffeeb11406c13481e8d3bb26c0f06e52fdf
18,sequential,4,22070875,300,8.500000,32.567154,9.211735,9.211735,300,62,62,225,300,1.000000,0.206667,0.206667,0.750000,1.000000,4.2362,4.8074,19.380,1.0000,raw_decisions/main/sequential/level_18/run_04_seed_22070875.jsonl,dfb3f5c486f7221ba899216d040658001e88c4ce48b247baa7bbe691437c3d1a
18,sequential,5,22070876,300,8.500000,36.939447,8.121399,8.121399,300,23,23,196,300,1.000000,0.076667,0.076667,0.653333,1.000000,4.0763,4.5879,17.400,1.0000,raw_decisions/main/sequential/level_18/run_05_seed_22070876.jsonl,b08c2dc3fb1732e2b1fdbd0b12c9b8b53255037e44a07760576d392d24221edd
18,sequential,6,22070877,300,8.500000,32.902463,9.117859,9.117859,300,80,80,211,300,1.000000,0.266667,0.266667,0.703333,1.000000,4.2247,4.8074,19.463,1.0000,raw_decisions/main/sequential/level_18/run_06_seed_22070877.jsonl,6a146168ef8de5070797ca7153354b51f7be14f382ab335c70e0c0b0b760c6e3
18,sequential,7,22070878,300,8.500000,37.891384,7.917367,7.917367,300,9,9,174,300,1.000000,0.030000,0.030000,0.580000,1.000000,4.0208,4.5236,16.610,1.0000,raw_decisions/main/sequential/level_18/run_07_seed_22070878.jsonl,1a8de43920f3b5de731fdfeb038f46d60ab94adbc2d34bbe8a5cace0e30e0a8f
18,sequential,8,22070879,300,8.500000,35.006762,8.569773,8.569773,300,38,38,208,300,1.000000,0.126667,0.126667,0.693333,1.000000,4.1490,4.6439,18.183,1.0000,raw_decisions/main/sequential/level_18/run_08_seed_22070879.jsonl,27f9b372ae306186e786d9f4acf69552ec4325e800f06c96755b456226b33f94
18,sequential,9,22070880,300,8.500000,32.755084,9.158884,9.158884,300,45,45,229,300,1.000000,0.150000,0.150000,0.763333,1.000000,4.2215,4.7004,19.193,1.0000,raw_decisions/main/sequential/level_18/run_09_seed_22070880.jsonl,98418e690915b83f990c705790b03907deaee8f70cd952b280b4cdd324264dbc
18,sequential,10,22070881,300,8.500000,33.231238,9.027650,9.027650,300,50,50,228,300,1.000000,0.166667,0.166667,0.760000,1.000000,4.1965,4.7004,18.803,1.0000,raw_decisions/main/sequential/level_18/run_10_seed_22070881.jsonl,a4decad3486f97799308f56527bc7508137e570968a941f237d680a6ad4f0161
18,sequential,11,22070882,300,8.500000,34.126175,8.790906,8.790906,300,29,29,225,300,1.000000,0.096667,0.096667,0.750000,1.000000,4.1706,4.5850,18.480,1.0000,raw_decisions/main/sequential/level_18/run_11_seed_22070882.jsonl,aa3d400ede2172a262178521b95f981059f6ea5706c33ccc90d52ab65ee405bc
18,sequential,12,22070883,300,8.500000,36.854468,8.140126,8.140126,300,13,13,195,300,1.000000,0.043333,0.043333,0.650000,1.000000,4.0658,4.5236,17.210,1.0000,raw_decisions/main/sequential/level_18/run_12_seed_22070883.jsonl,26682a60d7a4ef72347fc15a28de856fc054aa7b73076d630d0e5909988fbc31
18,sequential,13,22070884,300,8.500000,36.153018,8.298062,8.298062,300,14,14,207,300,1.000000,0.046667,0.046667,0.690000,1.000000,4.0724,4.5236,17.177,1.0000,raw_decisions/main/sequential/level_18/run_13_seed_22070884.jsonl,e0c14b662c40a4d673d33bf9ec5aa31611a946462a0c3f3f91fcd135945a1364
18,sequential,14,22070885,300,8.500000,36.268821,8.271567,8.271567,300,10,10,220,300,1.000000,0.033333,0.033333,0.733333,1.000000,4.1048,4.5236,17.547,1.0000,raw_decisions/main/sequential/level_18/run_14_seed_22070885.jsonl,a087b6f91c44c3d5234f546e7ac86637cbe6c126bb90bec54ff539cb46d2c425
18,sequential,15,22070886,300,8.500000,35.285335,8.502116,8.502116,300,6,6,227,300,1.000000,0.020000,0.020000,0.756667,1.000000,4.1039,4.4594,17.417,1.0000,raw_decisions/main/sequential/level_18/run_15_seed_22070886.jsonl,882895424ccc3ea01e49f48eb12332b558a22c4bf4f51a574e6f67b23023a659
18,sequential,16,22070887,300,8.500000,35.267107,8.506510,8.506510,300,29,29,212,300,1.000000,0.096667,0.096667,0.706667,1.000000,4.1087,4.8580,17.817,1.0000,raw_decisions/main/sequential/level_18/run_16_seed_22070887.jsonl,a9d2eccce6c0a124dfaf59ccc104e7d300fbabf5e9c94cec80dd91b2bdff6d9a
18,sequential,17,22070888,300,8.500000,37.419430,8.017225,8.017225,300,33,33,175,300,1.000000,0.110000,0.110000,0.583333,1.000000,4.0573,4.6467,17.250,1.0000,raw_decisions/main/sequential/level_18/run_17_seed_22070888.jsonl,df915c68beb7e061aabaa1bfb099db4ca74e1fb4d2925224b50924c237aa6b8f
18,sequential,18,22070889,300,8.500000,37.172165,8.070555,8.070555,300,19,19,183,300,1.000000,0.063333,0.063333,0.610000,1.000000,4.0444,4.5850,16.900,1.0000,raw_decisions/main/sequential/level_18/run_18_seed_22070889.jsonl,5c4744c4a57e06a2b8ee8ec166cc370304d376ed54eb2ca21d194a994eb81e60
18,sequential,19,22070890,300,8.500000,31.104117,9.645026,9.645026,300,53,53,270,300,1.000000,0.176667,0.176667,0.900000,1.000000,4.3010,4.7549,20.110,1.0000,raw_decisions/main/sequential/level_18/run_19_seed_22070890.jsonl,74ff51acb69dbcb7c10be8b2e925566e25166324dae86efc14d19cf5b005a5a1
18,smallpool16,0,22080878,300,8.500000,38.992750,7.693738,7.693738,300,0,17,0,72,1.000000,0.000000,0.056667,0.000000,0.240000,3.1459,3.5379,15.803,0.6409,raw_decisions/main/smallpool16/level_18/run_00_seed_22080878.jsonl,ff0b24b1a26be26758fcf31f0407cf2b9ff69191fe82b222a462afabf2bfdcb7
18,smallpool16,1,22080879,300,8.500000,34.220521,8.766670,8.766670,300,0,16,0,48,1.000000,0.000000,0.053333,0.000000,0.160000,3.2908,3.6820,18.260,0.6111,raw_decisions/main/smallpool16/level_18/run_01_seed_22080879.jsonl,3be1027a030c7d178a3a31b76ab789226bbfc0a7c3227bf664da89376257083b
18,smallpool16,2,22080880,300,8.500000,36.061078,8.319219,8.319219,300,0,16,0,53,1.000000,0.000000,0.053333,0.000000,0.176667,3.2281,3.6071,17.710,0.6200,raw_decisions/main/smallpool16/level_18/run_02_seed_22080880.jsonl,728d3806201f41ce9799232a923e90436ba1c0e7ba0899a75759a87c6e1a3467
18,smallpool16,3,22080881,300,8.500000,35.222163,8.517364,8.517364,300,0,28,0,50,1.000000,0.000000,0.093333,0.000000,0.166667,3.2807,3.6542,17.927,0.6231,raw_decisions/main/smallpool16/level_18/run_03_seed_22080881.jsonl,93be9187ed03e6ea88300e25b66a7d09a29136b8be465b70cd2b530821b2f649
18,smallpool16,4,22080882,300,8.500000,33.701286,8.901737,8.901737,300,0,33,0,51,1.000000,0.000000,0.110000,0.000000,0.170000,3.3242,3.6912,18.530,0.6150,raw_decisions/main/smallpool16/level_18/run_04_seed_22080882.jsonl,42023f8029c7250557c52e107c5127608833e590d18b1bb6a99729274169cf73
18,smallpool16,5,22080883,300,8.500000,33.284477,9.013210,9.013210,300,0,30,0,46,1.000000,0.000000,0.100000,0.000000,0.153333,3.2475,3.6258,18.743,0.5905,raw_decisions/main/smallpool16/level_18/run_05_seed_22080883.jsonl,f8d19d199afebc9c2a996d034b18610b909976b30f87b76e3daf7e15197ab341
18,smallpool16,6,22080884,300,8.500000,37.392428,8.023015,8.023015,300,0,10,0,60,1.000000,0.000000,0.033333,0.000000,0.200000,3.2420,3.6212,16.913,0.6317,raw_decisions/main/smallpool16/level_18/run_06_seed_22080884.jsonl,5ad6cc3287863369b81b37f24ddf3aa428a0a4b2e0fa006b2ee7060b5c23f162
18,smallpool16,7,22080885,300,8.500000,37.609697,7.976666,7.976666,300,0,16,0,82,1.000000,0.000000,0.053333,0.000000,0.273333,3.2414,3.6734,16.860,0.6461,raw_decisions/main/smallpool16/level_18/run_07_seed_22080885.jsonl,bebe7728a263e6141e29d3e834a527555c564ede29d09e91290f90aec2fb5168
18,smallpool16,8,22080886,300,8.500000,31.419141,9.548320,9.548320,300,0,68,0,47,1.000000,0.000000,0.226667,0.000000,0.156667,3.3519,3.6612,19.897,0.5997,raw_decisions/main/smallpool16/level_18/run_08_seed_22080886.jsonl,88722850497d7dcb35b662494343c781c0850d40df7dc1964ae43d92ce1382cd
18,smallpool16,9,22080887,300,8.500000,33.846550,8.863533,8.863533,300,0,18,0,52,1.000000,0.000000,0.060000,0.000000,0.173333,3.2500,3.6099,18.187,0.6066,raw_decisions/main/smallpool16/level_18/run_09_seed_22080887.jsonl,e216a4f60f68c260ca6ca4c939003de4a2f336628e1c46ffa7c8f29ac030bb7a
18,smallpool16,10,22080888,300,8.500000,35.031420,8.563741,8.563741,300,0,34,0,84,1.000000,0.000000,0.113333,0.000000,0.280000,3.2841,3.6819,18.210,0.6215,raw_decisions/main/smallpool16/level_18/run_10_seed_22080888.jsonl,11973096465d1ffcad16473a3b7e82bf442b174a8cc49a9fc42819309d9982a0
18,smallpool16,11,22080889,300,8.500000,34.888307,8.598869,8.598869,300,0,31,0,44,1.000000,0.000000,0.103333,0.000000,0.146667,3.2295,3.7202,18.077,0.6031,raw_decisions/main/smallpool16/level_18/run_11_seed_22080889.jsonl,e7cdde7a389b083b84fdadd0060478805ab2b09e1b4faa58e71dccebe74b2289
18,smallpool16,12,22080890,300,8.500000,39.901552,7.518504,7.518504,300,0,0,0,65,1.000000,0.000000,0.000000,0.000000,0.216667,3.1498,3.4842,16.077,0.6357,raw_decisions/main/smallpool16/level_18/run_12_seed_22080890.jsonl,7ae6270c9302c83c85ae04db68417c1fb177b808d4a295d7c59b8621f0762125
18,smallpool16,13,22080891,300,8.500000,34.148005,8.785286,8.785286,300,0,53,0,46,1.000000,0.000000,0.176667,0.000000,0.153333,3.2246,3.5847,18.743,0.5931,raw_decisions/main/smallpool16/level_18/run_13_seed_22080891.jsonl,1705ae1eb68b56c5cdc1321617ac6002ed48236732da03e3d83d616a5e532b45
18,smallpool16,14,22080892,300,8.500000,35.043395,8.560814,8.560814,300,0,33,0,58,1.000000,0.000000,0.110000,0.000000,0.193333,3.2855,3.6074,17.867,0.6282,raw_decisions/main/smallpool16/level_18/run_14_seed_22080892.jsonl,db62d87081d4e5b425534930d2ec47c3d5b63f4c02f9da7f48a9d84bb4fa4bd1
18,smallpool16,15,22080893,300,8.500000,32.384700,9.263634,9.263634,300,0,53,0,48,1.000000,0.000000,0.176667,0.000000,0.160000,3.3247,3.7216,19.447,0.5980,raw_decisions/main/smallpool16/level_18/run_15_seed_22080893.jsonl,483022700e8d5230afbf4c432427c383c73d0463d8f9e37297e652fc66744361
18,smallpool16,16,22080894,300,8.500000,34.666881,8.653793,8.653793,300,0,53,0,38,1.000000,0.000000,0.176667,0.000000,0.126667,3.2523,3.6445,18.927,0.5872,raw_decisions/main/smallpool16/level_18/run_16_seed_22080894.jsonl,fc4e90307f566ddda8bd26588e2888fc7d00f8465c87946d50e1bc4f9cdb73f4
18,smallpool16,17,22080895,300,8.500000,34.778290,8.626071,8.626071,300,0,32,0,71,1.000000,0.000000,0.106667,0.000000,0.236667,3.2671,3.6236,18.227,0.6183,raw_decisions/main/smallpool16/level_18/run_17_seed_22080895.jsonl,78564d58c6acf61d06e140a0be8c2de0b590be0abb3d16497bc61b01724a8f09
18,smallpool16,18,22080896,300,8.500000,33.615041,8.924576,8.924576,300,0,39,0,44,1.000000,0.000000,0.130000,0.000000,0.146667,3.2266,3.6981,18.613,0.5927,raw_decisions/main/smallpool16/level_18/run_18_seed_22080896.jsonl,5e7197add6b267fe8d7ac0bcbedb35f5114b911f049136ec7059bee1ed5f4746
18,smallpool16,19,22080897,300,8.500000,34.500095,8.695628,8.695628,300,0,34,0,50,1.000000,0.000000,0.113333,0.000000,0.166667,3.2500,3.6409,18.180,0.6051,raw_decisions/main/smallpool16/level_18/run_19_seed_22080897.jsonl,e6d49cbe3a442153d99a546ec49b847296109a4ba1b5bb1a6a2c7bbc0dc8a4a7
24,random2048,0,22660882,300,11.500000,25.376377,11.822018,11.822018,300,166,166,294,300,1.000000,0.553333,0.553333,0.980000,1.000000,4.5910,5.0875,24.803,0.9951,raw_decisions/main/random2048/level_24/run_00_seed_22660882.jsonl,ef6b55c113c3fb6178514c71676a13d55ecd151822dd2acbc548cd7954053bfc
24,random2048,1,22660883,300,11.500000,27.435098,10.934898,10.934898,300,136,136,271,300,1.000000,0.453333,0.453333,0.903333,1.000000,4.4630,4.9093,22.867,0.9930,raw_decisions/main/random2048/level_24/run_01_seed_22660883.jsonl,cee078ee86c6284f10df7989304660abebd2953217cc9743e0ee5cae4a492191
24,random2048,2,22660884,300,11.500000,22.769249,13.175665,13.175665,300,244,244,300,300,1.000000,0.813333,0.813333,1.000000,1.000000,4.7369,5.0729,27.067,0.9974,raw_decisions/main/random2048/level_24/run_02_seed_22660884.jsonl,99dc2da6077ce09d5bbabcbbee82414898e9da256c9c96023bf7fa7ba804cbfc
24,random2048,3,22660885,300,11.500000,27.168182,11.042329,11.042329,300,151,151,286,300,1.000000,0.503333,0.503333,0.953333,1.000000,4.4829,4.8604,22.887,0.9957,raw_decisions/main/random2048/level_24/run_03_seed_22660885.jsonl,6e8824b60b29e201bbbf158cbc87137b2bda2caf38cccb5c599e2b5fd7b96d8f
24,random2048,4,22660886,300,11.500000,25.895652,11.584956,11.584956,300,160,160,282,300,1.000000,0.533333,0.533333,0.940000,1.000000,4.5277,5.0896,23.970,0.9917,raw_decisions/main/random2048/level_24/run_04_seed_22660886.jsonl,ebd436742d9fc77d0c22d2b4d573ac0bb59d57faa03a2fce6e494858bb3012c4
24,random2048,5,22660887,300,11.500000,24.194790,12.399363,12.399363,300,206,206,295,300,1.000000,0.686667,0.686667,0.983333,1.000000,4.6646,5.0875,25.980,0.9961,raw_decisions/main/random2048/level_24/run_05_seed_22660887.jsonl,0655c752d330baf70b571a1c6ab7b5bda54f922cf783f3f290ff8a86d98563b7
24,random2048,6,22660888,300,11.500000,27.090332,11.074061,11.074061,300,130,130,279,300,1.000000,0.433333,0.433333,0.930000,1.000000,4.4695,4.8580,22.580,1.0000,raw_decisions/main/random2048/level_24/run_06_seed_22660888.jsonl,d8a538d176e723acabe163c2573bf645c1fe33a020da68c93660ab0cb117aa48
24,random2048,7,22660889,300,11.500000,26.717923,11.228418,11.228418,300,157,157,273,300,1.000000,0.523333,0.523333,0.910000,1.000000,4.4723,4.8580,23.097,0.9852,raw_decisions/main/random2048/level_24/run_07_seed_22660889.jsonl,10e2816ab1d3c6a7396771d7e0d4493e0428ed03d63ee7648ce4a735f567ea65
24,random2048,8,22660890,300,11.500000,27.345421,10.970758,10.970758,300,136,136,275,300,1.000000,0.453333,0.453333,0.916667,1.000000,4.4516,4.8580,22.523,0.9963,raw_decisions/main/random2048/level_24/run_08_seed_22660890.jsonl,a5cbfd50ffba6f17ff593350559096c800938d49e69683475d5333c332bb0612
24,random2048,9,22660891,300,11.500000,24.866175,12.064582,12.064582,300,199,199,299,300,1.000000,0.663333,0.663333,0.996667,1.000000,4.6223,4.9542,25.093,0.9953,raw_decisions/main/random2048/level_24/run_09_seed_22660891.jsonl,5b19e4745eae2879a42dc09966be8f10f52e5c88742a030165222046a6a5601f
24,random2048,10,22660892,300,11.500000,24.651621,12.169585,12.169585,300,207,207,290,300,1.000000,0.690000,0.690000,0.966667,1.000000,4.6240,4.9542,25.153,0.9983,raw_decisions/main/random2048/level_24/run_10_seed_22660892.jsonl,06427b82128ac3c11e1c579cead0ac966a23ecd56bbd49a1607ec8f65f73e4df
24,random2048,11,22660893,300,11.500000,28.953906,10.361296,10.361296,300,116,116,269,300,1.000000,0.386667,0.386667,0.896667,1.000000,4.4320,4.9069,22.283,0.9936,raw_decisions/main/random2048/level_24/run_11_seed_22660893.jsonl,6ed7550a3c6d2d3c97d1c2cbe53060667bb3e168a139821beae7462b8fb13b99
24,random2048,12,22660894,300,11.500000,27.809194,10.787799,10.787799,300,127,127,285,300,1.000000,0.423333,0.423333,0.950000,1.000000,4.4514,4.8074,22.470,0.9923,raw_decisions/main/random2048/level_24/run_12_seed_22660894.jsonl,10c16e92702e74bb45a1deb94ae9b40f21d22efae0871ec0f5019be9c3e45c13
24,random2048,13,22660895,300,11.500000,27.728578,10.819163,10.819163,300,128,128,279,300,1.000000,0.426667,0.426667,0.930000,1.000000,4.4139,4.9069,22.220,0.9894,raw_decisions/main/random2048/level_24/run_13_seed_22660895.jsonl,678c9b8842034f7e87c0eb5131824c160f810c60f10e475607a5b924287927ea
24,random2048,14,22660896,300,11.500000,24.855542,12.069743,12.069743,300,178,178,300,300,1.000000,0.593333,0.593333,1.000000,1.000000,4.6207,5.1144,25.513,0.9874,raw_decisions/main/random2048/level_24/run_14_seed_22660896.jsonl,df72198732059ed44ff72a05dbebc2a7e2a38e3355ae1162769d788ad0414644
24,random2048,15,22660897,300,11.500000,25.087874,11.957968,11.957968,300,154,154,299,300,1.000000,0.513333,0.513333,0.996667,1.000000,4.5468,4.9542,23.927,0.9942,raw_decisions/main/random2048/level_24/run_15_seed_22660897.jsonl,f2a29564909b92030e6b6bce2ed41d19eabd1f8df1bb29643b42c17067e149d2
24,random2048,16,22660898,300,11.500000,25.327743,11.844719,11.844719,300,170,170,296,300,1.000000,0.566667,0.566667,0.986667,1.000000,4.5667,4.9542,24.370,0.9911,raw_decisions/main/random2048/level_24/run_16_seed_22660898.jsonl,b9350f4bf058bb54a05d5ebcca8c2dc5f07f5d87e920e721491324da0921bd22
24,random2048,17,22660899,300,11.500000,26.670236,11.248494,11.248494,300,160,160,285,300,1.000000,0.533333,0.533333,0.950000,1.000000,4.5183,4.9069,23.507,0.9943,raw_decisions/main/random2048/level_24/run_17_seed_22660899.jsonl,c733a5decfbb48d9f5c562d49b363a619c3d54d67f0022f0b07efaa62d00b359
24,random2048,18,22660900,300,11.500000,26.140242,11.476558,11.476558,300,130,130,294,300,1.000000,0.433333,0.433333,0.980000,1.000000,4.5103,4.9069,23.393,0.9909,raw_decisions/main/random2048/level_24/run_18_seed_22660900.jsonl,1536956f0a6456807a1b813b6beb1a39345da55f978899e0edfe03ea5f23ee54
24,random2048,19,22660901,300,11.500000,26.414284,11.357491,11.357491,300,134,134,294,300,1.000000,0.446667,0.446667,0.980000,1.000000,4.4919,4.9069,23.050,0.9957,raw_decisions/main/random2048/level_24/run_19_seed_22660901.jsonl,b7d180f91bf6cf285b457732d35f7545061cf05991e2181500634e1471d8aefc
24,sequential,0,22670889,300,11.500000,24.118422,12.438625,12.438625,300,197,197,300,300,1.000000,0.656667,0.656667,1.000000,1.000000,4.6591,5.0875,25.590,1.0000,raw_decisions/main/sequential/level_24/run_00_seed_22670889.jsonl,937759faf3aaec7f505dffc23f4fd3d358e70994f004908b2550cf81a13604bc
24,sequential,1,22670890,300,11.500000,27.971324,10.725270,10.725270,300,136,136,269,300,1.000000,0.453333,0.453333,0.896667,1.000000,4.4383,4.8580,22.183,1.0000,raw_decisions/main/sequential/level_24/run_01_seed_22670890.jsonl,6d7e210776111ec7debc30bf41e122a77a429008f0cf675906e3fff69a5d39b3
24,sequential,2,22670891,300,11.500000,27.569948,10.881414,10.881414,300,136,136,273,300,1.000000,0.453333,0.453333,0.910000,1.000000,4.4877,5.0000,23.120,1.0000,raw_decisions/main/sequential/level_24/run_02_seed_22670891.jsonl,771a29cf27532523fc3e024efbc09602e16cc90492f05700c262f5c20dfa70ae
24,sequential,3,22670892,300,11.500000,27.904655,10.750895,10.750895,300,115,115,284,300,1.000000,0.383333,0.383333,0.946667,1.000000,4.4612,5.0000,22.580,1.0000,raw_decisions/main/sequential/level_24/run_03_seed_22670892.jsonl,5b41ef577177d9df75d4b02098e51817c42751e806ca02b400fc1f2ec11f55df
24,sequential,4,22670893,300,11.500000,25.433538,11.795449,11.795449,300,163,163,294,300,1.000000,0.543333,0.543333,0.980000,1.000000,4.5749,5.0444,24.417,1.0000,raw_decisions/main/sequential/level_24/run_04_seed_22670893.jsonl,0b73e501abd2a35cc14f2e2d6bf92fb6f1e21751fb5e9bb2297eff364a491b83
24,sequential,5,22670894,300,11.500000,27.069944,11.082402,11.082402,300,158,158,294,300,1.000000,0.526667,0.526667,0.980000,1.000000,4.5431,4.9069,23.677,1.0000,raw_decisions/main/sequential/level_24/run_05_seed_22670894.jsonl,c27414d5b0f8e49a489438c3e03de5fa73d1bbd53ccef7c55e289bdfe6508065
24,sequential,6,22670895,300,11.500000,29.333079,10.227362,10.227362,300,72,72,293,300,1.000000,0.240000,0.240000,0.976667,1.000000,4.3841,4.8074,21.173,1.0000,raw_decisions/main/sequential/level_24/run_06_seed_22670895.jsonl,9533d172fd9d86484a1ea2211ef48d30c195c9f488586704489a3846f7744127
24,sequential,7,22670896,300,11.500000,24.413185,12.288442,12.288442,300,169,169,296,300,1.000000,0.563333,0.563333,0.986667,1.000000,4.6172,5.0875,25.197,1.0000,raw_decisions/main/sequential/level_24/run_07_seed_22670896.jsonl,d0be07e28936befb62a77a76f500289a2084a9e0c6eb65a510a4e4edfbca2975
24,sequential,8,22670897,300,11.500000,26.120955,11.485032,11.485032,300,149,149,285,300,1.000000,0.496667,0.496667,0.950000,1.000000,4.5391,5.0000,23.830,1.0000,raw_decisions/main/sequential/level_24/run_08_seed_22670897.jsonl,a08f3b2b265fae0a8c56368f3ecf6dfc983cf2bd5f53f2aaac6a1ade1d816230
24,sequential,9,22670898,300,11.500000,26.301988,11.405982,11.405982,300,144,144,294,300,1.000000,0.480000,0.480000,0.980000,1.000000,4.5464,4.9069,23.633,1.0000,raw_decisions/main/sequential/level_24/run_09_seed_22670898.jsonl,ceaa919da908d95af840801525b9f8d74cfa0738445afc6856226bca90350241
24,sequential,10,22670899,300,11.500000,25.796058,11.629684,11.629684,300,172,172,294,300,1.000000,0.573333,0.573333,0.980000,1.000000,4.5653,4.9069,24.023,1.0000,raw_decisions/main/sequential/level_24/run_10_seed_22670899.jsonl,d0d8154b3057eb9de1ea3dadac97e0848eccd60fc4fbc33cb53bce338e677ad8
24,sequential,11,22670900,300,11.500000,25.684902,11.680013,11.680013,300,167,167,296,300,1.000000,0.556667,0.556667,0.986667,1.000000,4.5970,5.0444,24.730,1.0000,raw_decisions/main/sequential/level_24/run_11_seed_22670900.jsonl,6acb823c36092fbb6cdd9fdd801a6955134335161ae38ca4318709a7e8248a2d
24,sequential,12,22670901,300,11.500000,25.125878,11.939881,11.939881,300,187,187,289,300,1.000000,0.623333,0.623333,0.963333,1.000000,4.5974,5.0000,24.713,1.0000,raw_decisions/main/sequential/level_24/run_12_seed_22670901.jsonl,c1cf970e17ed8359102864563351e4db6fdb7370bb399037d89e429f1b8ab336
24,sequential,13,22670902,300,11.500000,28.354765,10.580232,10.580232,300,117,117,285,300,1.000000,0.390000,0.390000,0.950000,1.000000,4.4620,4.9542,22.567,1.0000,raw_decisions/main/sequential/level_24/run_13_seed_22670902.jsonl,c503a303542fd30b12ffcfc4392656ab814332da275b49fc91f8fa7f98c6927d
24,sequential,14,22670903,300,11.500000,26.903705,11.150881,11.150881,300,140,140,290,300,1.000000,0.466667,0.466667,0.966667,1.000000,4.5157,4.9093,23.313,1.0000,raw_decisions/main/sequential/level_24/run_14_seed_22670903.jsonl,3c339c74dd9c5ac35431260f9358196a0ab277807b397d02a69d03b2568cb118
24,sequential,15,22670904,300,11.500000,27.040083,11.094640,11.094640,300,160,160,287,300,1.000000,0.533333,0.533333,0.956667,1.000000,4.5141,4.8580,23.223,1.0000,raw_decisions/main/sequential/level_24/run_15_seed_22670904.jsonl,90896131c084b66a2716bdf703c9f1e784e226f3cbd28970e94c06e84b6dc994
24,sequential,16,22670905,300,11.500000,28.919387,10.373664,10.373664,300,130,130,274,300,1.000000,0.433333,0.433333,0.913333,1.000000,4.4221,4.8580,21.953,1.0000,raw_decisions/main/sequential/level_24/run_16_seed_22670905.jsonl,4fd43a8a7d990300c6bfeeeab03ee1e6c99d237934459c78d673db85afa1aa57
24,sequential,17,22670906,300,11.500000,25.256531,11.878116,11.878116,300,191,191,294,300,1.000000,0.636667,0.636667,0.980000,1.000000,4.6326,5.0000,25.253,1.0000,raw_decisions/main/sequential/level_24/run_17_seed_22670906.jsonl,9aaeb3d6b56d1c72d5e9d4d820e1981b175d85f89a2e72fe62e47a0a32102db9
24,sequential,18,22670907,300,11.500000,26.062870,11.510628,11.510628,300,137,137,300,300,1.000000,0.456667,0.456667,1.000000,1.000000,4.5378,4.9069,23.517,1.0000,raw_decisions/main/sequential/level_24/run_18_seed_22670907.jsonl,6c13c715a88b6b087cd026914050d122300cd9c141c9cbca5dc6d043e8749552
24,sequential,19,22670908,300,11.500000,25.931865,11.568778,11.568778,300,164,164,280,300,1.000000,0.546667,0.546667,0.933333,1.000000,4.6077,5.3576,25.430,1.0000,raw_decisions/main/sequential/level_24/run_19_seed_22670908.jsonl,a7dfa02e4974ecbd8cfd1f3bfee23e8ef44ab6d48c075036f35dc718eddcbad5
24,smallpool16,0,22680896,300,11.500000,25.607258,11.715429,11.715429,300,0,161,0,9,1.000000,0.000000,0.536667,0.000000,0.030000,3.4931,3.7589,23.650,0.5469,raw_decisions/main/smallpool16/level_24/run_00_seed_22680896.jsonl,b48ea460932fa166adb0b409871cf2d374d47a1f33357516287da466b1b08db3
24,smallpool16,1,22680897,300,11.500000,27.007379,11.108076,11.108076,300,0,154,0,32,1.000000,0.000000,0.513333,0.000000,0.106667,3.5129,3.7947,23.480,0.5652,raw_decisions/main/smallpool16/level_24/run_01_seed_22680897.jsonl,1c471470b0d3560960dff0a028c21130121cf785179c73c2b52cb780e6db3c3d
24,smallpool16,2,22680898,300,11.500000,25.357059,11.831025,11.831025,300,0,151,0,17,1.000000,0.000000,0.503333,0.000000,0.056667,3.4825,3.7900,24.690,0.5370,raw_decisions/main/smallpool16/level_24/run_02_seed_22680898.jsonl,48b54c0eaf929cc15b4506360bc1998d2d30b2d5a01b07f7918e6e7c66e44bd5
24,smallpool16,3,22680899,300,11.500000,27.789859,10.795305,10.795305,300,0,117,0,25,1.000000,0.000000,0.390000,0.000000,0.083333,3.4696,3.7199,22.703,0.5644,raw_decisions/main/smallpool16/level_24/run_03_seed_22680899.jsonl,5762602ee56f49325faed71f68a9275537c63330e9636f95526e17f2b7de4348
24,smallpool16,4,22680900,300,11.500000,27.914227,10.747208,10.747208,300,0,108,0,24,1.000000,0.000000,0.360000,0.000000,0.080000,3.4206,3.7363,22.157,0.5640,raw_decisions/main/smallpool16/level_24/run_04_seed_22680900.jsonl,27afc0b6acd3baf6c685beeb127dab8ae0b37d26495360111cb729c0415ef199
24,smallpool16,5,22680901,300,11.500000,26.558792,11.295694,11.295694,300,0,164,0,7,1.000000,0.000000,0.546667,0.000000,0.023333,3.4687,3.7637,23.517,0.5445,raw_decisions/main/smallpool16/level_24/run_05_seed_22680901.jsonl,d41859ed4dfd89fbb9bd446467a39fe8f5c874bb6784caef2c8dab697ecf0376
24,smallpool16,6,22680902,300,11.500000,26.072432,11.506407,11.506407,300,0,131,0,7,1.000000,0.000000,0.436667,0.000000,0.023333,3.5007,3.7761,23.577,0.5514,raw_decisions/main/smallpool16/level_24/run_06_seed_22680902.jsonl,1e8c3813cf7c2e687564dc117f48c70d89e0e5df1339e5c0d817e5e6c5a74d40
24,smallpool16,7,22680903,300,11.500000,27.822218,10.782749,10.782749,300,0,113,0,23,1.000000,0.000000,0.376667,0.000000,0.076667,3.3554,3.6165,22.483,0.5449,raw_decisions/main/smallpool16/level_24/run_07_seed_22680903.jsonl,3f54d6fd46164522901f191ab8f7366e017522c0af93bfad6629be6832c12e8b
24,smallpool16,8,22680904,300,11.500000,26.154233,11.470418,11.470418,300,0,133,0,11,1.000000,0.000000,0.443333,0.000000,0.036667,3.3838,3.5933,23.603,0.5161,raw_decisions/main/smallpool16/level_24/run_08_seed_22680904.jsonl,7fb66c3e58b7cd41d4c28f36ba9c97d1516d733b6bb8026360ec2c8c413202c8
24,smallpool16,9,22680905,300,11.500000,26.891299,11.156025,11.156025,300,0,138,0,3,1.000000,0.000000,0.460000,0.000000,0.010000,3.4337,3.7715,23.337,0.5319,raw_decisions/main/smallpool16/level_24/run_09_seed_22680905.jsonl,8122d78d264ab545e9b76e7d4998a15ddc6fa70c910d565f3704d32e8d43f88b
24,smallpool16,10,22680906,300,11.500000,28.105991,10.673881,10.673881,300,0,109,0,15,1.000000,0.000000,0.363333,0.000000,0.050000,3.4312,3.7162,22.077,0.5632,raw_decisions/main/smallpool16/level_24/run_10_seed_22680906.jsonl,93e1b1a8463f5955594804df1806dea103530258b2bd69370dda617ddaab6e6f
24,smallpool16,11,22680907,300,11.500000,24.559413,12.215276,12.215276,300,0,192,0,2,1.000000,0.000000,0.640000,0.000000,0.006667,3.4453,3.7715,25.590,0.5006,raw_decisions/main/smallpool16/level_24/run_11_seed_22680907.jsonl,ec08aef488ba4f8b93abf9dade72cd5dfa6cfe7c6104e9f5fcad3c67380b426e
24,smallpool16,12,22680908,300,11.500000,25.334841,11.841400,11.841400,300,0,182,0,8,1.000000,0.000000,0.606667,0.000000,0.026667,3.4260,3.7454,24.430,0.5191,raw_decisions/main/smallpool16/level_24/run_12_seed_22680908.jsonl,da22c77d2d15c6a95cf1b2d493e79a6023a08348978f6526cc402af5b15111c9
24,smallpool16,13,22680909,300,11.500000,26.503326,11.319334,11.319334,300,0,139,0,22,1.000000,0.000000,0.463333,0.000000,0.073333,3.4589,3.7389,23.617,0.5458,raw_decisions/main/smallpool16/level_24/run_13_seed_22680909.jsonl,f976f07fc4857cce697c5dbe1591681b37e21b290e1b77c53f020e2908f20e96
24,smallpool16,14,22680910,300,11.500000,27.742464,10.813748,10.813748,300,0,124,0,22,1.000000,0.000000,0.413333,0.000000,0.073333,3.4344,3.7533,22.237,0.5587,raw_decisions/main/smallpool16/level_24/run_14_seed_22680910.jsonl,e20240e83ce6da17f9f143a4fc8c0fa04fb4f89bedeeb8121e1b063ffe554bf7
24,smallpool16,15,22680911,300,11.500000,23.433502,12.802184,12.802184,300,0,227,0,1,1.000000,0.000000,0.756667,0.000000,0.003333,3.4896,3.7497,26.750,0.4963,raw_decisions/main/smallpool16/level_24/run_15_seed_22680911.jsonl,2f7ae316501a4f7409e40f9b6d1bee894f8e177b055cb3f52e7236e9e7cb38dc
24,smallpool16,16,22680912,300,11.500000,23.931964,12.535536,12.535536,300,0,205,0,9,1.000000,0.000000,0.683333,0.000000,0.030000,3.5482,3.7894,25.390,0.5277,raw_decisions/main/smallpool16/level_24/run_16_seed_22680912.jsonl,fee6e2f6a52c994f2d6d62b8259bbac9a09ae6d404ae43577768705b9039d485
24,smallpool16,17,22680913,300,11.500000,25.514770,11.757895,11.757895,300,0,172,0,20,1.000000,0.000000,0.573333,0.000000,0.066667,3.4861,3.7851,24.707,0.5286,raw_decisions/main/smallpool16/level_24/run_17_seed_22680913.jsonl,3609a53b7fb012d1c22e7061d15cd19114ffc72ea993d5ffd5019410e3223307
24,smallpool16,18,22680914,300,11.500000,25.821450,11.618248,11.618248,300,0,149,0,4,1.000000,0.000000,0.496667,0.000000,0.013333,3.4335,3.7533,23.833,0.5277,raw_decisions/main/smallpool16/level_24/run_18_seed_22680914.jsonl,91cb4c9d9f551a4c29f03ca9502dddcd0c7fb8b23e074dab644cf479dd23e290
24,smallpool16,19,22680915,300,11.500000,27.534605,10.895381,10.895381,300,0,133,0,17,1.000000,0.000000,0.443333,0.000000,0.056667,3.4274,3.6904,22.477,0.5541,raw_decisions/main/smallpool16/level_24/run_19_seed_22680915.jsonl,082b6beed9f256734ee2326091b508208d0bb8288f27988d4284010490c3c6e1
36,random2048,0,23860918,300,17.500000,14.575012,20.583173,20.583173,300,300,300,300,300,1.000000,1.000000,1.000000,1.000000,1.000000,5.3154,5.6524,40.653,0.9912,raw_decisions/main/random2048/level_36/run_00_seed_23860918.jsonl,02fe46ff6b3e02e4a81a114a9e8219419b3edd4bdfc988ea86d52af40670ce37
36,random2048,1,23860919,300,17.500000,16.711161,17.952074,17.952074,300,300,300,300,300,1.000000,1.000000,1.000000,1.000000,1.000000,5.1898,5.4919,37.147,0.9945,raw_decisions/main/random2048/level_36/run_01_seed_23860919.jsonl,8d50a97658deeaa9652a93c852bbada05ab355fefe1d4a55c0380a9e24053e1b
36,random2048,2,23860920,300,17.500000,17.350888,17.290182,17.290182,300,287,287,300,300,1.000000,0.956667,0.956667,1.000000,1.000000,5.0684,5.5239,34.967,0.9859,raw_decisions/main/random2048/level_36/run_02_seed_23860920.jsonl,cd9c4f33b364ac76faa050ee5ea3dc4652d38fd0c3924788f9f2991288c260ad
36,random2048,3,23860921,300,17.500000,17.423074,17.218546,17.218546,300,297,297,300,300,1.000000,0.990000,0.990000,1.000000,1.000000,5.1077,5.4263,35.137,0.9933,raw_decisions/main/random2048/level_36/run_03_seed_23860921.jsonl,3048d57fa85fcba84611fb6d0c599362f954336e70ffe6689f4436130e5c356e
36,random2048,4,23860922,300,17.500000,15.105752,19.859984,19.859984,300,300,300,300,300,1.000000,1.000000,1.000000,1.000000,1.000000,5.3073,5.5439,40.593,0.9872,raw_decisions/main/random2048/level_36/run_04_seed_23860922.jsonl,1532f3d98f5b23cff1f7a501d60695da74b00ee3cb70406b189b23e523db69b0
36,random2048,5,23860923,300,17.500000,17.174283,17.467978,17.467978,300,300,300,300,300,1.000000,1.000000,1.000000,1.000000,1.000000,5.1315,5.4611,35.637,0.9957,raw_decisions/main/random2048/level_36/run_05_seed_23860923.jsonl,7e19d9fcc7310a20294e20b976ebf4dc7b3dcedd0e2f88929ebffccca55290cc
36,random2048,6,23860924,300,17.500000,18.363102,16.337109,16.337109,300,299,299,300,300,1.000000,0.996667,0.996667,1.000000,1.000000,5.0549,5.3219,33.880,0.9908,raw_decisions/main/random2048/level_36/run_06_seed_23860924.jsonl,3eb8ea802b59686cd8672468a346f0818cb151bcf126d831b3de64081e62fe66
36,random2048,7,23860925,300,17.500000,17.982558,16.682832,16.682832,300,260,260,300,300,1.000000,0.866667,0.866667,1.000000,1.000000,5.0104,5.4919,33.487,0.9928,raw_decisions/main/random2048/level_36/run_07_seed_23860925.jsonl,7e3380f75d79402a6d811c3370659e17f50e5fc0b7d60e740a8831c75b32cd64
36,random2048,8,23860926,300,17.500000,17.444957,17.196947,17.196947,300,300,300,300,300,1.000000,1.000000,1.000000,1.000000,1.000000,5.1084,5.3923,35.137,0.9933,raw_decisions/main/random2048/level_36/run_08_seed_23860926.jsonl,736634589cd3031e15fdf66e48845f34e0d8cdffa8734f3d2fb452435099a571
36,random2048,9,23860927,300,17.500000,18.341843,16.356044,16.356044,300,275,275,300,300,1.000000,0.916667,0.916667,1.000000,1.000000,5.0445,5.4263,34.097,0.9912,raw_decisions/main/random2048/level_36/run_09_seed_23860927.jsonl,d7b84033b4c7032282dcac4ff6b1e02a6bdda883a4455669c2b344cf66bbfc76
36,random2048,10,23860928,300,17.500000,17.246386,17.394948,17.394948,300,280,280,300,300,1.000000,0.933333,0.933333,1.000000,1.000000,5.0984,5.6620,35.730,0.9964,raw_decisions/main/random2048/level_36/run_10_seed_23860928.jsonl,d9379bddf09007dd44a359512f6d5af0e3f6bf5af207bda4ca6d0d291c7d8140
36,random2048,11,23860929,300,17.500000,18.135131,16.542478,16.542478,300,300,300,300,300,1.000000,1.000000,1.000000,1.000000,1.000000,5.1162,5.4594,35.387,0.9936,raw_decisions/main/random2048/level_36/run_11_seed_23860929.jsonl,d87ca721036003583a19b5f80737a93c11baeb9afb232267954641fcc8611cc9
36,random2048,12,23860930,300,17.500000,16.176582,18.545327,18.545327,300,300,300,300,300,1.000000,1.000000,1.000000,1.000000,1.000000,5.1937,5.4919,37.587,0.9886,raw_decisions/main/random2048/level_36/run_12_seed_23860930.jsonl,94c5993f94f7fefac62a8dd20689240377c3b7b9c54efd39f7f1778fd77c945c
36,random2048,13,23860931,300,17.500000,17.975574,16.689314,16.689314,300,292,292,300,300,1.000000,0.973333,0.973333,1.000000,1.000000,5.0433,5.3804,33.803,0.9914,raw_decisions/main/random2048/level_36/run_13_seed_23860931.jsonl,7b46aaa6651a92dfe4474db5744ede7c8668530532f62afc577930eeeaf47604
36,random2048,14,23860932,300,17.500000,16.625591,18.044472,18.044472,300,300,300,300,300,1.000000,1.000000,1.000000,1.000000,1.000000,5.1457,5.4474,36.570,0.9815,raw_decisions/main/random2048/level_36/run_14_seed_23860932.jsonl,6997d14c4d02f9402e2527a3a9851621949f660c2e63a1a312ebcd7230182c04
36,random2048,15,23860933,300,17.500000,16.936551,17.713170,17.713170,300,295,295,300,300,1.000000,0.983333,0.983333,1.000000,1.000000,5.1746,5.7179,37.317,0.9895,raw_decisions/main/random2048/level_36/run_15_seed_23860933.jsonl,05f9d03697ddac9df0a2631e87fc6866619af5e5c6b10ccadaaeb9abdb320913
36,random2048,16,23860934,300,17.500000,17.006162,17.640665,17.640665,300,288,288,300,300,1.000000,0.960000,0.960000,1.000000,1.000000,5.0825,5.3576,34.617,0.9920,raw_decisions/main/random2048/level_36/run_16_seed_23860934.jsonl,f7df851c8e41f98b77a0923dc4b497eb0bbc8efaefa5bee213ecee5db267014c
36,random2048,17,23860935,300,17.500000,15.741392,19.058035,19.058035,300,300,300,300,300,1.000000,1.000000,1.000000,1.000000,1.000000,5.2106,5.6439,37.827,0.9920,raw_decisions/main/random2048/level_36/run_17_seed_23860935.jsonl,492ac8ee65857e36fd5d7aacf96c520ad2749bc7e9f69316e9ff31654f907815
36,random2048,18,23860936,300,17.500000,15.991274,18.760231,18.760231,300,296,296,300,300,1.000000,0.986667,0.986667,1.000000,1.000000,5.2418,5.5850,39.007,0.9872,raw_decisions/main/random2048/level_36/run_18_seed_23860936.jsonl,b8b559b15daab7868d5f0f25177b09e3d6e13c9ba5fdcaf1a2a89dca472ebb6b
36,random2048,19,23860937,300,17.500000,18.728783,16.018126,16.018126,300,295,295,300,300,1.000000,0.983333,0.983333,1.000000,1.000000,5.0328,5.3219,33.160,0.9991,raw_decisions/main/random2048/level_36/run_19_seed_23860937.jsonl,b68aa1a9eab7c975fbcca3fa3f1aeacf88e15e482f2841f1243be72a3c4ddd4e
36,sequential,0,23870925,300,17.500000,17.333688,17.307338,17.307338,300,296,296,300,300,1.000000,0.986667,0.986667,1.000000,1.000000,5.1637,5.4594,36.257,1.0000,raw_decisions/main/sequential/level_36/run_00_seed_23870925.jsonl,1ecde63b027fa9b8e2112a8be64c9a6309e6d3f034f9fb3df5e4928fcc0b0bd2
36,sequential,1,23870926,300,17.500000,17.135132,17.507889,17.507889,300,300,300,300,300,1.000000,1.000000,1.000000,1.000000,1.000000,5.1363,5.4919,35.590,1.0000,raw_decisions/main/sequential/level_36/run_01_seed_23870926.jsonl,eaaec4fd70f3489f4e039fa077b10efb77935535e5b561521f6a331c646286e9
36,sequential,2,23870927,300,17.500000,17.035446,17.610340,17.610340,300,291,291,300,300,1.000000,0.970000,0.970000,1.000000,1.000000,5.2167,5.5546,37.917,1.0000,raw_decisions/main/sequential/level_36/run_02_seed_23870927.jsonl,a24113f43a40f3bb78af46f2c7e5ae300fed6c8e152bf3c8af1bf5e5ac8cf02a
36,sequential,3,23870928,300,17.500000,19.140709,15.673401,15.673401,300,293,293,300,300,1.000000,0.976667,0.976667,1.000000,1.000000,5.0058,5.3923,32.550,1.0000,raw_decisions/main/sequential/level_36/run_03_seed_23870928.jsonl,5b27d25c8d85f7d5d536f868d6159d0c551a689dcc883f1ef9d9553d565bb08c
36,sequential,4,23870929,300,17.500000,16.268283,18.440790,18.440790,300,300,300,300,300,1.000000,1.000000,1.000000,1.000000,1.000000,5.2142,5.5546,37.700,1.0000,raw_decisions/main/sequential/level_36/run_04_seed_23870929.jsonl,08fba40dfc09060132cdd6be6eebddbcaa8497c533dad026669559eacf88949a
36,sequential,5,23870930,300,17.500000,18.360651,16.339290,16.339290,300,300,300,300,300,1.000000,1.000000,1.000000,1.000000,1.000000,5.0474,5.4263,33.410,1.0000,raw_decisions/main/sequential/level_36/run_05_seed_23870930.jsonl,312c9358bd903f0c91f099f0e99b8d426d75c3bb0bbf1714b20d74b48687c6be
36,sequential,6,23870931,300,17.500000,18.039667,16.630019,16.630019,300,282,282,300,300,1.000000,0.940000,0.940000,1.000000,1.000000,5.0447,5.4263,33.613,1.0000,raw_decisions/main/sequential/level_36/run_06_seed_23870931.jsonl,bbd90cda8332e8700cbe8efdcfb096439c2df41341020df21eebc9f44d5cacf9
36,sequential,7,23870932,300,17.500000,16.641033,18.027727,18.027727,300,300,300,300,300,1.000000,1.000000,1.000000,1.000000,1.000000,5.1821,5.5546,36.693,1.0000,raw_decisions/main/sequential/level_36/run_07_seed_23870932.jsonl,e35361f97ff26074201c9694105a2ea6253c82c240b44af20c0345e103a78fc9
36,sequential,8,23870933,300,17.500000,16.164704,18.558954,18.558954,300,300,300,300,300,1.000000,1.000000,1.000000,1.000000,1.000000,5.2536,5.4594,38.297,1.0000,raw_decisions/main/sequential/level_36/run_08_seed_23870933.jsonl,a99b11cc814ad45181b7ff3f7b2e81935f0415301df93c2f21e379f1ede1d04e
36,sequential,9,23870934,300,17.500000,17.051457,17.593805,17.593805,300,284,284,300,300,1.000000,0.946667,0.946667,1.000000,1.000000,5.0959,5.5236,34.940,1.0000,raw_decisions/main/sequential/level_36/run_09_seed_23870934.jsonl,28dd3f958e3b8887c2dd849c7188a89aab9aa3f43fff18466e00a8b84e19ac9d
36,sequential,10,23870935,300,17.500000,16.506741,18.174393,18.174393,300,290,290,300,300,1.000000,0.966667,0.966667,1.000000,1.000000,5.1738,5.4263,36.490,1.0000,raw_decisions/main/sequential/level_36/run_10_seed_23870935.jsonl,d0d671549b4c43df6c7dfa1872746e74f25b8b2d985c17252510392368e485cf
36,sequential,11,23870936,300,17.500000,17.739209,16.911690,16.911690,300,300,300,300,300,1.000000,1.000000,1.000000,1.000000,1.000000,5.1217,5.3923,35.070,1.0000,raw_decisions/main/sequential/level_36/run_11_seed_23870936.jsonl,24f3296bf9b058675d35cb31cd3de8830be1b08e33b637804a250117e12a1f4d
36,sequential,12,23870937,300,17.500000,18.264940,16.424910,16.424910,300,286,286,300,300,1.000000,0.953333,0.953333,1.000000,1.000000,5.0791,5.5546,34.633,1.0000,raw_decisions/main/sequential/level_36/run_12_seed_23870937.jsonl,f5092ad590e6126f57c87720d168f6ee33d377167df7355620cc67500806272d
36,sequential,13,23870938,300,17.500000,18.244866,16.442982,16.442982,300,288,288,300,300,1.000000,0.960000,0.960000,1.000000,1.000000,5.0474,5.4279,33.607,1.0000,raw_decisions/main/sequential/level_36/run_13_seed_23870938.jsonl,c62bc6d9bd16401ca6e87ffc022864d01ff37a7ce8ebb253ee28ae54f62804a6
36,sequential,14,23870939,300,17.500000,17.905343,16.754775,16.754775,300,284,284,300,300,1.000000,0.946667,0.946667,1.000000,1.000000,5.0902,5.4263,34.723,1.0000,raw_decisions/main/sequential/level_36/run_14_seed_23870939.jsonl,b027128fc755e9be17791dbe6f269d9dbf524d0f586136d909cce94f98890096
36,sequential,15,23870940,300,17.500000,18.006313,16.660824,16.660824,300,272,272,300,300,1.000000,0.906667,0.906667,1.000000,1.000000,5.0630,5.5236,34.297,1.0000,raw_decisions/main/sequential/level_36/run_15_seed_23870940.jsonl,7f9bd89a3ff37731dee32b1d4f6a860ccaf492a3ac4dafdc868d9504d566dbfa
36,sequential,16,23870941,300,17.500000,17.808380,16.846002,16.846002,300,300,300,300,300,1.000000,1.000000,1.000000,1.000000,1.000000,5.1278,5.5236,35.493,1.0000,raw_decisions/main/sequential/level_36/run_16_seed_23870941.jsonl,a410237d029e000935576e697c8109d7e2e863f11d0e84ecf5e268b5cb860f11
36,sequential,17,23870942,300,17.500000,15.432635,19.439325,19.439325,300,300,300,300,300,1.000000,1.000000,1.000000,1.000000,1.000000,5.2610,5.5850,38.633,1.0000,raw_decisions/main/sequential/level_36/run_17_seed_23870942.jsonl,0dbd15338280613f4954e0490e0e3d09e0ddd64dc5ae890f113010b21bca8ce0
36,sequential,18,23870943,300,17.500000,17.444762,17.197139,17.197139,300,299,299,300,300,1.000000,0.996667,0.996667,1.000000,1.000000,5.0830,5.3923,34.233,1.0000,raw_decisions/main/sequential/level_36/run_18_seed_23870943.jsonl,4cee60cfff4f182b9ce0e34c664ab093ec7c5cd7932d37d71572129127dd6504
36,sequential,19,23870944,300,17.500000,17.086794,17.557419,17.557419,300,289,289,300,300,1.000000,0.963333,0.963333,1.000000,1.000000,5.1218,5.4594,35.397,1.0000,raw_decisions/main/sequential/level_36/run_19_seed_23870944.jsonl,0cb193360108d2908c8624b1f0b0fd3eb9046b2850b70b0068ddffe1c5821b11
36,smallpool16,0,23880932,300,17.500000,16.062225,18.677363,18.677363,300,0,300,0,0,1.000000,0.000000,1.000000,0.000000,0.000000,3.5898,3.8595,37.900,0.3749,raw_decisions/main/smallpool16/level_36/run_00_seed_23880932.jsonl,df4f717c1429839ec36342cd56084be3d1be927b09f8cdd8d98921d077e78989
36,smallpool16,1,23880933,300,17.500000,17.472174,17.170159,17.170159,300,0,281,0,0,1.000000,0.000000,0.936667,0.000000,0.000000,3.6800,3.8661,35.160,0.4160,raw_decisions/main/smallpool16/level_36/run_01_seed_23880933.jsonl,e2f45fc0d75088438f1471246dca681c3b20c483e1951af3f67291fe1029e211
36,smallpool16,2,23880934,300,17.500000,17.502180,17.140722,17.140722,300,0,283,0,0,1.000000,0.000000,0.943333,0.000000,0.000000,3.6350,3.8436,36.553,0.4020,raw_decisions/main/smallpool16/level_36/run_02_seed_23880934.jsonl,2c6407e77b75589d2d0b849c493dc48dafe531f8cb3eb8aa083d129a412e5ef7
36,smallpool16,3,23880935,300,17.500000,16.953674,17.695280,17.695280,300,0,300,0,0,1.000000,0.000000,1.000000,0.000000,0.000000,3.6110,3.8215,35.763,0.4000,raw_decisions/main/smallpool16/level_36/run_03_seed_23880935.jsonl,7fb87bd7a8d613dbfc6ebfaf5f611b2a8ee09c96ce6450435a73c1640f1e3428
36,smallpool16,4,23880936,300,17.500000,16.541017,18.136732,18.136732,300,0,295,0,0,1.000000,0.000000,0.983333,0.000000,0.000000,3.6735,3.8482,36.940,0.3966,raw_decisions/main/smallpool16/level_36/run_04_seed_23880936.jsonl,36afdd749b58b9aa6fb991182720ae8a1cb71910a562a757b26d47cc75768510
36,smallpool16,5,23880937,300,17.500000,17.063579,17.581306,17.581306,300,0,299,0,0,1.000000,0.000000,0.996667,0.000000,0.000000,3.6887,3.8666,35.113,0.4213,raw_decisions/main/smallpool16/level_36/run_05_seed_23880937.jsonl,b8bd6313271d3b0df249041c915e6fdcb3536b7da86ccefcd656d42ee21aaded
36,smallpool16,6,23880938,300,17.500000,17.413186,17.228324,17.228324,300,0,300,0,0,1.000000,0.000000,1.000000,0.000000,0.000000,3.6494,3.8167,35.517,0.4082,raw_decisions/main/smallpool16/level_36/run_06_seed_23880938.jsonl,3bfba750d6b1e4eff1268cbbe0a80c20a38c574571baa5ceed607777d6061350
36,smallpool16,7,23880939,300,17.500000,15.595191,19.236699,19.236699,300,0,300,0,0,1.000000,0.000000,1.000000,0.000000,0.000000,3.5815,3.8078,38.930,0.3635,raw_decisions/main/smallpool16/level_36/run_07_seed_23880939.jsonl,c1178fd07b3dc0bca5d50d016d6537f94b2b907af72b4aac8cab02f4b5e1a1f3
36,smallpool16,8,23880940,300,17.500000,16.615785,18.055120,18.055120,300,0,300,0,0,1.000000,0.000000,1.000000,0.000000,0.000000,3.6939,3.8452,36.307,0.4071,raw_decisions/main/smallpool16/level_36/run_08_seed_23880940.jsonl,73f83a453701d0fe47a19fe0296171da871458b0c6b0cf722b59dc28c700caa1
36,smallpool16,9,23880941,300,17.500000,16.676836,17.989024,17.989024,300,0,300,0,0,1.000000,0.000000,1.000000,0.000000,0.000000,3.6448,3.8781,36.840,0.3940,raw_decisions/main/smallpool16/level_36/run_09_seed_23880941.jsonl,cf522bc79ca825efa8cdf4cff20c16f69823337112c513efd069a0cfc05632b1
36,smallpool16,10,23880942,300,17.500000,16.203437,18.514590,18.514590,300,0,296,0,0,1.000000,0.000000,0.986667,0.000000,0.000000,3.6418,3.7997,37.293,0.3911,raw_decisions/main/smallpool16/level_36/run_10_seed_23880942.jsonl,55f00e69487b3fed6f0820e071d5b2ac4115e20cb870ff4ecffeb838e211c5f7
36,smallpool16,11,23880943,300,17.500000,17.749145,16.902222,16.902222,300,0,298,0,0,1.000000,0.000000,0.993333,0.000000,0.000000,3.6824,3.8776,35.487,0.4123,raw_decisions/main/smallpool16/level_36/run_11_seed_23880943.jsonl,89d30c8232c1f6616528060443e7398c90c6d8dda081a0befbe77fc66c4a792a
36,smallpool16,12,23880944,300,17.500000,18.134419,16.543127,16.543127,300,0,285,0,6,1.000000,0.000000,0.950000,0.000000,0.020000,3.6804,3.8817,34.780,0.4352,raw_decisions/main/smallpool16/level_36/run_12_seed_23880944.jsonl,69d49561368e2d57e4d71b43b6e2031cdaa5a5092d0a4b33a584c870ef7f45ea
36,smallpool16,13,23880945,300,17.500000,16.775271,17.883466,17.883466,300,0,300,0,0,1.000000,0.000000,1.000000,0.000000,0.000000,3.6243,3.7961,36.237,0.4026,raw_decisions/main/smallpool16/level_36/run_13_seed_23880945.jsonl,82b447a76e5acff159a8d52ff2205213b10e51e72dbc228f52aaad290d919477
36,smallpool16,14,23880946,300,17.500000,17.874410,16.783770,16.783770,300,0,299,0,0,1.000000,0.000000,0.996667,0.000000,0.000000,3.6278,3.8335,34.337,0.4268,raw_decisions/main/smallpool16/level_36/run_14_seed_23880946.jsonl,34be05372125720eb8f2c504aebac68bf91fb3ad58ecd92622b0bc87f1a12da8
36,smallpool16,15,23880947,300,17.500000,16.251815,18.459477,18.459477,300,0,300,0,0,1.000000,0.000000,1.000000,0.000000,0.000000,3.6643,3.8600,38.350,0.3865,raw_decisions/main/smallpool16/level_36/run_15_seed_23880947.jsonl,d86c3993affeb0417d8421a98ca54e763d0c7647471b39b320c57bb8664558ef
36,smallpool16,16,23880948,300,17.500000,16.600370,18.071886,18.071886,300,0,300,0,0,1.000000,0.000000,1.000000,0.000000,0.000000,3.6300,3.8283,35.987,0.3993,raw_decisions/main/smallpool16/level_36/run_16_seed_23880948.jsonl,684057850bb9c715a19a634e892ff20a55eebb80ff956ecf9e16ef9b973ea5b8
36,smallpool16,17,23880949,300,17.500000,15.825005,18.957340,18.957340,300,0,300,0,0,1.000000,0.000000,1.000000,0.000000,0.000000,3.6983,3.8400,37.477,0.3952,raw_decisions/main/smallpool16/level_36/run_17_seed_23880949.jsonl,2adde436dd83d395857ce9c09182021661e6bf0d5f0b5612eee96e080f73f5ea
36,smallpool16,18,23880950,300,17.500000,18.422003,16.284874,16.284874,300,0,286,0,0,1.000000,0.000000,0.953333,0.000000,0.000000,3.5843,3.8263,33.073,0.4315,raw_decisions/main/smallpool16/level_36/run_18_seed_23880950.jsonl,432e40ed95276271015d15de4877e38f51fe5a76618ffb2117a7b02b5938d132
36,smallpool16,19,23880951,300,17.500000,14.703544,20.403244,20.403244,300,0,300,0,0,1.000000,0.000000,1.000000,0.000000,0.000000,3.7359,3.8314,41.187,0.3695,raw_decisions/main/smallpool16/level_36/run_19_seed_23880951.jsonl,93d9f4432f941d876076ccf2fca988ebb16aecbe3cee9398a0860fdb5c1831ed
60,random2048,0,26260990,300,29.500000,10.591182,28.325450,28.325450,300,300,300,300,300,1.000000,1.000000,1.000000,1.000000,1.000000,5.7969,5.9455,56.993,0.9835,raw_decisions/main/random2048/level_60/run_00_seed_26260990.jsonl,2319516e062a06cd75f2a5037504927a14f4945366f2c08bc6ad8b1966f815eb
60,random2048,1,26260991,300,29.500000,10.511767,28.539445,28.539445,300,300,300,300,300,1.000000,1.000000,1.000000,1.000000,1.000000,5.8572,6.1497,59.197,0.9928,raw_decisions/main/random2048/level_60/run_01_seed_26260991.jsonl,4ab069043b5accfb3df20dccc923b5e1092188ce51b29018a85e888cf84e47d3
60,random2048,2,26260992,300,29.500000,10.278207,29.187969,29.187969,300,300,300,300,300,1.000000,1.000000,1.000000,1.000000,1.000000,5.8293,6.0581,58.490,0.9819,raw_decisions/main/random2048/level_60/run_02_seed_26260992.jsonl,2e39eabf4b169d8a1f1fa3c85e2d9dabeda12f06231351696bb8755706c95f5d
60,random2048,3,26260993,300,29.500000,10.391165,28.870680,28.870680,300,300,300,300,300,1.000000,1.000000,1.000000,1.000000,1.000000,5.8036,6.1216,57.550,0.9870,raw_decisions/main/random2048/level_60/run_03_seed_26260993.jsonl,0911e6a953c9af3844c82fa8569493667e2d936a7f6f36b3a1a55e1435f9e8b6
60,random2048,4,26260994,300,29.500000,9.256907,32.408232,32.408232,300,300,300,300,300,1.000000,1.000000,1.000000,1.000000,1.000000,5.9637,6.1901,63.683,0.9891,raw_decisions/main/random2048/level_60/run_04_seed_26260994.jsonl,d485eb3b9b53a9eebe3db41a4cef125a8fcbdb7dc474d2713e7068092d3a8731
60,random2048,5,26260995,300,29.500000,12.916022,23.226965,23.226965,300,300,300,300,300,1.000000,1.000000,1.000000,1.000000,1.000000,5.5561,5.9076,48.263,0.9925,raw_decisions/main/random2048/level_60/run_05_seed_26260995.jsonl,684863fb0d51a41cd86e778bed62d4182dd2cc49c3af1e80a28cd79abf5dc23b
60,random2048,6,26260996,300,29.500000,10.628635,28.225638,28.225638,300,300,300,300,300,1.000000,1.000000,1.000000,1.000000,1.000000,5.8682,6.1007,59.880,0.9849,raw_decisions/main/random2048/level_60/run_06_seed_26260996.jsonl,2ccbf46e82002431e03ba3ad5a8ac8cbabc4b765cc0b403e825e546d3cf9be0a
60,random2048,7,26260997,300,29.500000,10.284243,29.170840,29.170840,300,300,300,300,300,1.000000,1.000000,1.000000,1.000000,1.000000,5.8316,6.1421,58.427,0.9874,raw_decisions/main/random2048/level_60/run_07_seed_26260997.jsonl,e337f058061f6b45d22b550a1c51c41082b1985628eba6f58da161fab739933b
60,random2048,8,26260998,300,29.500000,10.147413,29.564185,29.564185,300,300,300,300,300,1.000000,1.000000,1.000000,1.000000,1.000000,5.8905,6.1293,61.020,0.9826,raw_decisions/main/random2048/level_60/run_08_seed_26260998.jsonl,559bad26b511b2cf3ef62dbfac4ba8becccca662a44a9d97bd573d5469d4cbef
60,random2048,9,26260999,300,29.500000,10.380152,28.901311,28.901311,300,300,300,300,300,1.000000,1.000000,1.000000,1.000000,1.000000,5.8095,6.1007,57.693,0.9835,raw_decisions/main/random2048/level_60/run_09_seed_26260999.jsonl,1c460b74e9cf71fe9b1481b24a78f212b0956e247ef808f9a308f7ae63410b8c
60,random2048,10,26261000,300,29.500000,11.887185,25.237262,25.237262,300,300,300,300,300,1.000000,1.000000,1.000000,1.000000,1.000000,5.6560,5.9842,51.857,0.9868,raw_decisions/main/random2048/level_60/run_10_seed_26261000.jsonl,7aaf612a51b1b2aeafcbbfe4adbcc09958c078a6424821d5a09ba7ecc0200366
60,random2048,11,26261001,300,29.500000,10.231668,29.320731,29.320731,300,300,300,300,300,1.000000,1.000000,1.000000,1.000000,1.000000,5.8509,5.9916,58.820,0.9877,raw_decisions/main/random2048/level_60/run_11_seed_26261001.jsonl,e95053bdf94c16a86dfff9049f2a9ca28dcddf9573757d8d0d10454bf27c505d
60,random2048,12,26261002,300,29.500000,10.502473,28.564702,28.564702,300,300,300,300,300,1.000000,1.000000,1.000000,1.000000,1.000000,5.8506,6.0934,59.193,0.9864,raw_decisions/main/random2048/level_60/run_12_seed_26261002.jsonl,d5becf9088265d40346f2e8064e5c4f76fbb03f072a2a3414e279ef66df0129f
60,random2048,13,26261003,300,29.500000,10.729505,27.960285,27.960285,300,300,300,300,300,1.000000,1.000000,1.000000,1.000000,1.000000,5.8027,6.0581,56.887,0.9897,raw_decisions/main/random2048/level_60/run_13_seed_26261003.jsonl,86d4bff79d4043b412a2afa6d05aba7682794c666aa30d1adad9b87d53e15140
60,random2048,14,26261004,300,29.500000,11.525011,26.030344,26.030344,300,300,300,300,300,1.000000,1.000000,1.000000,1.000000,1.000000,5.7101,6.0000,54.000,0.9823,raw_decisions/main/random2048/level_60/run_14_seed_26261004.jsonl,c936c925346f6ac95fbfb000139fda12f70016468c0640a49c989016acc6ca48
60,random2048,15,26261005,300,29.500000,9.887458,30.341469,30.341469,300,300,300,300,300,1.000000,1.000000,1.000000,1.000000,1.000000,5.8917,6.1007,61.043,0.9824,raw_decisions/main/random2048/level_60/run_15_seed_26261005.jsonl,77a6f721f579781f08271890195a7ae0023ad1c3bac54983df3e6c5afd6b18c6
60,random2048,16,26261006,300,29.500000,9.132232,32.850676,32.850676,300,300,300,300,300,1.000000,1.000000,1.000000,1.000000,1.000000,5.9815,6.2668,64.800,0.9876,raw_decisions/main/random2048/level_60/run_16_seed_26261006.jsonl,cd210cb3e909f70d5f4c4ef6d668f1ed8eaafbe2742330fec40af8e61a0e5619
60,random2048,17,26261007,300,29.500000,10.056142,29.832515,29.832515,300,300,300,300,300,1.000000,1.000000,1.000000,1.000000,1.000000,5.8916,6.1421,60.603,0.9891,raw_decisions/main/random2048/level_60/run_17_seed_26261007.jsonl,95a2d0963513f3d0d84f15e8af6a071fa677a82bf6cdd352545289975e4a6aa8
60,random2048,18,26261008,300,29.500000,9.847452,30.464735,30.464735,300,300,300,300,300,1.000000,1.000000,1.000000,1.000000,1.000000,5.8842,6.1497,59.750,0.9946,raw_decisions/main/random2048/level_60/run_18_seed_26261008.jsonl,226077d3e6e39a85808b406b61a0e61b49dca18f4e0a2de3764b83a4eed1cc65
60,random2048,19,26261009,300,29.500000,9.738093,30.806855,30.806855,300,300,300,300,300,1.000000,1.000000,1.000000,1.000000,1.000000,5.9569,6.1287,64.067,0.9805,raw_decisions/main/random2048/level_60/run_19_seed_26261009.jsonl,9107b76b45514b9edebee8864eb22d1e60746c1bced9e5b7421fb6b3c1e695df
60,sequential,0,26270997,300,29.500000,10.192697,29.432838,29.432838,300,300,300,300,300,1.000000,1.000000,1.000000,1.000000,1.000000,5.9236,6.1898,61.340,1.0000,raw_decisions/main/sequential/level_60/run_00_seed_26270997.jsonl,217a3c15bba288c2640efe5fd627041ebca34da7fbf8d3a1a5ace36e8edc58f4
60,sequential,1,26270998,300,29.500000,10.225378,29.338768,29.338768,300,300,300,300,300,1.000000,1.000000,1.000000,1.000000,1.000000,5.8897,6.1085,59.537,1.0000,raw_decisions/main/sequential/level_60/run_01_seed_26270998.jsonl,8b2779fa07b9852e23abb06a2aa59e1754b4bb119bb5e9028ec4bdf432ccbd84
60,sequential,2,26270999,300,29.500000,9.401353,31.910302,31.910302,300,300,300,300,300,1.000000,1.000000,1.000000,1.000000,1.000000,5.9668,6.2854,63.007,1.0000,raw_decisions/main/sequential/level_60/run_02_seed_26270999.jsonl,09018d778c95cc308484d8400988fea12ea3c73187db77c5c46b8d6fbee66489
60,sequential,3,26271000,300,29.500000,9.547544,31.421692,31.421692,300,300,300,300,300,1.000000,1.000000,1.000000,1.000000,1.000000,5.9754,6.1497,63.137,1.0000,raw_decisions/main/sequential/level_60/run_03_seed_26271000.jsonl,a111af4548a61e3a179c5d204fa262676c7ee9b824c4efe9278ee18e9778a07d
60,sequential,4,26271001,300,29.500000,9.911466,30.267976,30.267976,300,300,300,300,300,1.000000,1.000000,1.000000,1.000000,1.000000,5.9392,6.1293,61.600,1.0000,raw_decisions/main/sequential/level_60/run_04_seed_26271001.jsonl,90e6f1a7e92150f6cef99e54d80688cf75ddc99d748e86f42dfed4c15e9f2699
60,sequential,5,26271002,300,29.500000,9.423336,31.835859,31.835859,300,300,300,300,300,1.000000,1.000000,1.000000,1.000000,1.000000,6.0289,6.3038,65.770,1.0000,raw_decisions/main/sequential/level_60/run_05_seed_26271002.jsonl,edfb20eb7ff4eba33fba53d0353a46a47473cf013d9b47c48e0f08e20e9638d9
60,sequential,6,26271003,300,29.500000,10.442674,28.728275,28.728275,300,300,300,300,300,1.000000,1.000000,1.000000,1.000000,1.000000,5.8435,6.1898,58.100,1.0000,raw_decisions/main/sequential/level_60/run_06_seed_26271003.jsonl,a53494f41d057e00577bed571550582a4a8b35efa464f0a6d21cdbfefac7dba8
60,sequential,7,26271004,300,29.500000,10.704378,28.025917,28.025917,300,300,300,300,300,1.000000,1.000000,1.000000,1.000000,1.000000,5.7804,6.1293,55.983,1.0000,raw_decisions/main/sequential/level_60/run_07_seed_26271004.jsonl,ae6ef70a6cb5cc565bfde41227a15cd2b76d02917b3ad2f5524d571b5b6110a7
60,sequential,8,26271005,300,29.500000,10.476651,28.635104,28.635104,300,300,300,300,300,1.000000,1.000000,1.000000,1.000000,1.000000,5.8487,6.1497,58.030,1.0000,raw_decisions/main/sequential/level_60/run_08_seed_26271005.jsonl,53b924575d00bcb77b5f2822425bd56ab770850835780acc8db9999226e40527
60,sequential,9,26271006,300,29.500000,10.128572,29.619180,29.619180,300,300,300,300,300,1.000000,1.000000,1.000000,1.000000,1.000000,5.8721,6.0455,58.770,1.0000,raw_decisions/main/sequential/level_60/run_09_seed_26271006.jsonl,f4e9cf793519392e849d13714120514a658e05b7864e99851f257d65ead7d867
60,sequential,10,26271007,300,29.500000,10.499827,28.571899,28.571899,300,300,300,300,300,1.000000,1.000000,1.000000,1.000000,1.000000,5.8917,6.0661,59.580,1.0000,raw_decisions/main/sequential/level_60/run_10_seed_26271007.jsonl,c96107fa5a6c9abe6a0d40a8aefa802d8a682f98ab15bacbe582cee96f9f3914
60,sequential,11,26271008,300,29.500000,10.541371,28.459296,28.459296,300,300,300,300,300,1.000000,1.000000,1.000000,1.000000,1.000000,5.8022,6.0224,56.187,1.0000,raw_decisions/main/sequential/level_60/run_11_seed_26271008.jsonl,62642992767b0f03bf8a74704e1fcaa137f26b5e167ed4deab25b813e07c1dc7
60,sequential,12,26271009,300,29.500000,10.907307,27.504498,27.504498,300,300,300,300,300,1.000000,1.000000,1.000000,1.000000,1.000000,5.7828,5.9773,55.487,1.0000,raw_decisions/main/sequential/level_60/run_12_seed_26271009.jsonl,9839bcbe76e2f75e023e7fafadb69b4668045e05d7dbdd682d45b28e2f0a3959
60,sequential,13,26271010,300,29.500000,10.121484,29.639923,29.639923,300,300,300,300,300,1.000000,1.000000,1.000000,1.000000,1.000000,5.8864,6.0672,59.320,1.0000,raw_decisions/main/sequential/level_60/run_13_seed_26271010.jsonl,2e07264682b52d1c5847e7c5a02df80a827e728c70888138cadd7fe8b6a84ae9
60,sequential,14,26271011,300,29.500000,9.906439,30.283335,30.283335,300,300,300,300,300,1.000000,1.000000,1.000000,1.000000,1.000000,5.8905,6.1293,59.870,1.0000,raw_decisions/main/sequential/level_60/run_14_seed_26271011.jsonl,cb1fb4ee7517a1138443360573b29d92acc82e527c7a5c4b9bf0c3c8d52a123a
60,sequential,15,26271012,300,29.500000,9.584383,31.300919,31.300919,300,300,300,300,300,1.000000,1.000000,1.000000,1.000000,1.000000,5.9722,6.1898,63.067,1.0000,raw_decisions/main/sequential/level_60/run_15_seed_26271012.jsonl,d463efc3f9985266621cabd241fe293c81f81307c5c48efe6500852b6c306680
60,sequential,16,26271013,300,29.500000,9.579632,31.316444,31.316444,300,300,300,300,300,1.000000,1.000000,1.000000,1.000000,1.000000,5.9773,6.2095,63.200,1.0000,raw_decisions/main/sequential/level_60/run_16_seed_26271013.jsonl,a77f83134f3e1585c217c1f6c7270a23de89fff4f00fe78d0c1292bd3bc6f7d5
60,sequential,17,26271014,300,29.500000,10.025769,29.922893,29.922893,300,300,300,300,300,1.000000,1.000000,1.000000,1.000000,1.000000,5.8777,6.0661,59.060,1.0000,raw_decisions/main/sequential/level_60/run_17_seed_26271014.jsonl,bfca8b639f47f09d6764a6eb6afae134ce626f39c4d6e27952b921c0d0900b0f
60,sequential,18,26271015,300,29.500000,9.217159,32.547989,32.547989,300,300,300,300,300,1.000000,1.000000,1.000000,1.000000,1.000000,5.9816,6.1898,63.580,1.0000,raw_decisions/main/sequential/level_60/run_18_seed_26271015.jsonl,d320d9be988cb671715f184d54a4e8656b983f9b70d97e1a65714427470decf3
60,sequential,19,26271016,300,29.500000,10.083574,29.751355,29.751355,300,300,300,300,300,1.000000,1.000000,1.000000,1.000000,1.000000,5.8967,6.2288,60.057,1.0000,raw_decisions/main/sequential/level_60/run_19_seed_26271016.jsonl,cc007c6b394b6b93d43fea12d4f97c51d390e2d207d59c55532d6f236e0fbdf7
60,smallpool16,0,26281004,300,29.500000,10.768766,27.858345,27.858345,300,0,300,0,0,1.000000,0.000000,1.000000,0.000000,0.000000,3.7917,3.8896,55.633,0.2810,raw_decisions/main/smallpool16/level_60/run_00_seed_26281004.jsonl,a10bafc6433eb91afefcaddf56ebd9bfdec8873c7283e1b44185b61a734d9037
60,smallpool16,1,26281005,300,29.500000,10.966920,27.354992,27.354992,300,0,300,0,0,1.000000,0.000000,1.000000,0.000000,0.000000,3.8438,3.9246,56.940,0.2816,raw_decisions/main/smallpool16/level_60/run_01_seed_26281005.jsonl,94f66219557752c1d0e00026247abad587984dc31bc770e2b20ac143a50194ac
60,smallpool16,2,26281006,300,29.500000,9.542161,31.439418,31.439418,300,0,300,0,0,1.000000,0.000000,1.000000,0.000000,0.000000,3.8209,3.9004,64.897,0.2437,raw_decisions/main/smallpool16/level_60/run_02_seed_26281006.jsonl,ecd8b7e63cb91e774c5d99fad0389188eb13105a33790585d3fb917589b3e636
60,smallpool16,3,26281007,300,29.500000,10.399384,28.847863,28.847863,300,0,300,0,0,1.000000,0.000000,1.000000,0.000000,0.000000,3.7830,3.9218,56.317,0.2779,raw_decisions/main/smallpool16/level_60/run_03_seed_26281007.jsonl,8b4a84191423f181d872a6aad9b09889cf8271475239e11cae5c271ab6372fef
60,smallpool16,4,26281008,300,29.500000,10.054720,29.836733,29.836733,300,0,300,0,0,1.000000,0.000000,1.000000,0.000000,0.000000,3.8064,3.9131,60.180,0.2655,raw_decisions/main/smallpool16/level_60/run_04_seed_26281008.jsonl,1bfcd6bde350cfad5bec647b01833e928963b3dc98d7e086b5e29e367e232cad
60,smallpool16,5,26281009,300,29.500000,10.440593,28.734000,28.734000,300,0,300,0,0,1.000000,0.000000,1.000000,0.000000,0.000000,3.8223,3.9085,58.827,0.2708,raw_decisions/main/smallpool16/level_60/run_05_seed_26281009.jsonl,5bbe2457144fa12864f93c381620d2d86e2660849db76fbb716e50186715f4dc
60,smallpool16,6,26281010,300,29.500000,10.686725,28.072212,28.072212,300,0,300,0,0,1.000000,0.000000,1.000000,0.000000,0.000000,3.7603,3.9191,56.463,0.2730,raw_decisions/main/smallpool16/level_60/run_06_seed_26281010.jsonl,ea50fcc8635f308f5041c7cdecd55bb1948127e6a4db762f6df8e900f98c8638
60,smallpool16,7,26281011,300,29.500000,9.832345,30.511541,30.511541,300,0,300,0,0,1.000000,0.000000,1.000000,0.000000,0.000000,3.7743,3.8614,60.967,0.2589,raw_decisions/main/smallpool16/level_60/run_07_seed_26281011.jsonl,db69c2fb8ac8431209788333aeddcdd7d1bc219204d93f94b1945b39036bfd8f
60,smallpool16,8,26281012,300,29.500000,10.382629,28.894416,28.894416,300,0,300,0,0,1.000000,0.000000,1.000000,0.000000,0.000000,3.7720,3.8891,60.343,0.2577,raw_decisions/main/smallpool16/level_60/run_08_seed_26281012.jsonl,c277c034a61396b514a720ca964e9578fa0f94be07b066909bc5b0a0a7327e59
60,smallpool16,9,26281013,300,29.500000,10.038667,29.884445,29.884445,300,0,300,0,0,1.000000,0.000000,1.000000,0.000000,0.000000,3.8218,3.9136,62.370,0.2602,raw_decisions/main/smallpool16/level_60/run_09_seed_26281013.jsonl,53a950a76e2cf166d44045589d3398dd838dc05419bc7ae88669bef19aa4a04f
60,smallpool16,10,26281014,300,29.500000,10.379823,28.902227,28.902227,300,0,300,0,0,1.000000,0.000000,1.000000,0.000000,0.000000,3.8337,3.9425,57.967,0.2740,raw_decisions/main/smallpool16/level_60/run_10_seed_26281014.jsonl,32f8a707456eb8cceeb26ee7e2d4ec88911c81681094b2add524ef7d51caaee2
60,smallpool16,11,26281015,300,29.500000,9.927369,30.219489,30.219489,300,0,300,0,0,1.000000,0.000000,1.000000,0.000000,0.000000,3.8346,3.8999,60.657,0.2611,raw_decisions/main/smallpool16/level_60/run_11_seed_26281015.jsonl,67a001f2c79c01db43071be05885b7499525bc0ca130e08bb02d9351c6717a5b
60,smallpool16,12,26281016,300,29.500000,9.761614,30.732623,30.732623,300,0,300,0,0,1.000000,0.000000,1.000000,0.000000,0.000000,3.7939,3.8906,61.740,0.2545,raw_decisions/main/smallpool16/level_60/run_12_seed_26281016.jsonl,553d69f0612dad33f136ad315ef9ce414a0fd2d8ea9c08120fec3a3613ca3cef
60,smallpool16,13,26281017,300,29.500000,10.732583,27.952263,27.952263,300,0,300,0,0,1.000000,0.000000,1.000000,0.000000,0.000000,3.8147,3.9028,58.330,0.2738,raw_decisions/main/smallpool16/level_60/run_13_seed_26281017.jsonl,8605b096c08e694dfda123e27072e214a7c0c4a8267ea105842ecf5a1ef1e050
60,smallpool16,14,26281018,300,29.500000,10.087863,29.738706,29.738706,300,0,300,0,0,1.000000,0.000000,1.000000,0.000000,0.000000,3.7665,3.8706,60.247,0.2604,raw_decisions/main/smallpool16/level_60/run_14_seed_26281018.jsonl,e95a3dd2ef25b4b632e8a3299543601a5c0b9217d84d2149c4e32b36568bd5d1
60,smallpool16,15,26281019,300,29.500000,10.521576,28.512838,28.512838,300,0,300,0,0,1.000000,0.000000,1.000000,0.000000,0.000000,3.7826,3.8856,57.277,0.2752,raw_decisions/main/smallpool16/level_60/run_15_seed_26281019.jsonl,d0dde961e0f069b104bb2047c832f04390a83a9895598ba5cf0c3746f968f1c2
60,smallpool16,16,26281020,300,29.500000,10.009117,29.972675,29.972675,300,0,300,0,0,1.000000,0.000000,1.000000,0.000000,0.000000,3.7892,3.8975,62.513,0.2531,raw_decisions/main/smallpool16/level_60/run_16_seed_26281020.jsonl,366a55bf24ed17f2be33ad90e4056216535d13d30902e7f946e6e3e6dc420b6e
60,smallpool16,17,26281021,300,29.500000,8.878600,33.789113,33.789113,300,0,300,0,0,1.000000,0.000000,1.000000,0.000000,0.000000,3.8138,3.8849,65.983,0.2412,raw_decisions/main/smallpool16/level_60/run_17_seed_26281021.jsonl,34595467d7b77aa3f74a2406809a4884f6473b35bb8eb645c218c839044c92f9
60,smallpool16,18,26281022,300,29.500000,9.709333,30.898104,30.898104,300,0,300,0,0,1.000000,0.000000,1.000000,0.000000,0.000000,3.8459,3.9152,63.313,0.2553,raw_decisions/main/smallpool16/level_60/run_18_seed_26281022.jsonl,7369735cd0ff4752262b0421f1c1dd73375f13d7be03e57b4d84289f66b0d81d
60,smallpool16,19,26281023,300,29.500000,11.150149,26.905471,26.905471,300,0,300,0,0,1.000000,0.000000,1.000000,0.000000,0.000000,3.7370,3.8644,56.693,0.2696,raw_decisions/main/smallpool16/level_60/run_19_seed_26281023.jsonl,44041ef13fb56642304cbf9ba1b1f7abaa17541b576405391e815592cc0d0bd4
120,random2048,0,32261170,300,59.500000,4.982693,60.208405,60.208405,300,300,300,300,300,1.000000,1.000000,1.000000,1.000000,1.000000,6.8106,6.9382,115.290,0.9817,raw_decisions/main/random2048/level_120/run_00_seed_32261170.jsonl,449357b36ca31626127ea8a2ad226e8cde6502d1b39e6286ed9e226970f6807c
120,random2048,1,32261171,300,59.500000,5.731287,52.344266,52.344266,300,300,300,300,300,1.000000,1.000000,1.000000,1.000000,1.000000,6.7417,6.8905,111.097,0.9743,raw_decisions/main/random2048/level_120/run_01_seed_32261171.jsonl,1a612c58101a2cb3ac593ca8960cd1c86f57bd3eeacea39977fb2f69e322ee07
120,random2048,2,32261172,300,59.500000,5.558713,53.969331,53.969331,300,300,300,300,300,1.000000,1.000000,1.000000,1.000000,1.000000,6.6874,6.8782,107.910,0.9704,raw_decisions/main/random2048/level_120/run_02_seed_32261172.jsonl,8b64d1f2cf0ceb3814c87405572c0182be628d0ac23fbb62c237ce97343a8ec2
120,random2048,3,32261173,300,59.500000,5.295686,56.649883,56.649883,300,300,300,300,300,1.000000,1.000000,1.000000,1.000000,1.000000,6.7660,6.9102,113.890,0.9696,raw_decisions/main/random2048/level_120/run_03_seed_32261173.jsonl,ddb2caf63380f38d63e45ccf4cd047951d492c361fc5d28d15ae403e08447566
120,random2048,4,32261174,300,59.500000,5.613421,53.443350,53.443350,300,300,300,300,300,1.000000,1.000000,1.000000,1.000000,1.000000,6.7117,6.8736,109.750,0.9695,raw_decisions/main/random2048/level_120/run_04_seed_32261174.jsonl,f5123b48a6c05e8265f3a2de1f18897cbbd2d9e3b242e6e9cf00ca14dfa0466b
120,random2048,5,32261175,300,59.500000,4.789556,62.636285,62.636285,300,300,300,300,300,1.000000,1.000000,1.000000,1.000000,1.000000,6.8699,7.0293,123.030,0.9665,raw_decisions/main/random2048/level_120/run_05_seed_32261175.jsonl,38b0b5e3a46509ec73155894b6a869f356d126b7d3bd6f3dbaedc2be7d72614b
120,random2048,6,32261176,300,59.500000,5.036700,59.562813,59.562813,300,300,300,300,300,1.000000,1.000000,1.000000,1.000000,1.000000,6.8833,7.0176,121.473,0.9807,raw_decisions/main/random2048/level_120/run_06_seed_32261176.jsonl,330913f5bfcbb579a5065f86c3f4084a92975f102f501625af6bb84bc6198ad9
120,random2048,7,32261177,300,59.500000,5.389900,55.659661,55.659661,300,300,300,300,300,1.000000,1.000000,1.000000,1.000000,1.000000,6.7359,6.8527,110.253,0.9766,raw_decisions/main/random2048/level_120/run_07_seed_32261177.jsonl,1415c6b8445fac52f538f1e0f45cf59afb0d8a23681c18e7ee53e2a54fa1effd
120,random2048,8,32261178,300,59.500000,5.322407,56.365473,56.365473,300,300,300,300,300,1.000000,1.000000,1.000000,1.000000,1.000000,6.7666,6.9456,112.283,0.9802,raw_decisions/main/random2048/level_120/run_08_seed_32261178.jsonl,d652b5099bfebe3cefba07f81ce8453e86f1e00166e595d69f03b6a4419b85b9
120,random2048,9,32261179,300,59.500000,5.077564,59.083445,59.083445,300,300,300,300,300,1.000000,1.000000,1.000000,1.000000,1.000000,6.8071,6.9455,115.607,0.9788,raw_decisions/main/random2048/level_120/run_09_seed_32261179.jsonl,e1ed9c70dad551268c963039e488297089b6f10caa263e9005b13d616e74064a
120,random2048,10,32261180,300,59.500000,4.469194,67.126199,67.126199,300,300,300,300,300,1.000000,1.000000,1.000000,1.000000,1.000000,7.0021,7.1854,133.807,0.9716,raw_decisions/main/random2048/level_120/run_10_seed_32261180.jsonl,1ef968ae5e7032c8c579ce609824e51fc5de3f3ce5c5ff86083a5dace967ae52
120,random2048,11,32261181,300,59.500000,4.886702,61.391094,61.391094,300,300,300,300,300,1.000000,1.000000,1.000000,1.000000,1.000000,6.8037,6.9688,115.010,0.9821,raw_decisions/main/random2048/level_120/run_11_seed_32261181.jsonl,307f7be1e8fd2c30d21b9f5cc68858e299f358130d52f474d969f232416042bb
120,random2048,12,32261182,300,59.500000,4.529397,66.233983,66.233983,300,300,300,300,300,1.000000,1.000000,1.000000,1.000000,1.000000,6.9992,7.1005,132.490,0.9757,raw_decisions/main/random2048/level_120/run_12_seed_32261182.jsonl,d0d9d63fe9c157160662ccabca789c4566a122d6857fd618c36680db410e4c3a
120,random2048,13,32261183,300,59.500000,5.131332,58.464354,58.464354,300,300,300,300,300,1.000000,1.000000,1.000000,1.000000,1.000000,6.9123,7.0902,123.760,0.9820,raw_decisions/main/random2048/level_120/run_13_seed_32261183.jsonl,ad702668ef3b656aa375672689d2b1dc37e4196104444cbfb357841dd86f88b7
120,random2048,14,32261184,300,59.500000,5.421513,55.335105,55.335105,300,300,300,300,300,1.000000,1.000000,1.000000,1.000000,1.000000,6.7426,6.8858,111.113,0.9747,raw_decisions/main/random2048/level_120/run_14_seed_32261184.jsonl,9fb94a8c284c39227d683a0c41001d7a031bba4c2ee80b898c638c4e683a4404
120,random2048,15,32261185,300,59.500000,5.239183,57.260833,57.260833,300,300,300,300,300,1.000000,1.000000,1.000000,1.000000,1.000000,6.8006,6.9618,113.137,0.9905,raw_decisions/main/random2048/level_120/run_15_seed_32261185.jsonl,5ebce71400755a4758fa8f807e8839f3ce5840f73886e8f7fcc512b02d97a602
120,random2048,16,32261186,300,59.500000,5.268223,56.945195,56.945195,300,300,300,300,300,1.000000,1.000000,1.000000,1.000000,1.000000,6.8007,6.9608,115.893,0.9742,raw_decisions/main/random2048/level_120/run_16_seed_32261186.jsonl,f3f7633af12094123ff7ce1430b5db2687677e15cb4853fc4eca53d382496c76
120,random2048,17,32261187,300,59.500000,4.464207,67.201182,67.201182,300,300,300,300,300,1.000000,1.000000,1.000000,1.000000,1.000000,6.9516,7.0828,129.233,0.9708,raw_decisions/main/random2048/level_120/run_17_seed_32261187.jsonl,bce784f20bba941bd4f15924230baf2330bd4be2601400c34f819f1c2c9ebfcc
120,random2048,18,32261188,300,59.500000,5.102476,58.794983,58.794983,300,300,300,300,300,1.000000,1.000000,1.000000,1.000000,1.000000,6.8307,6.9688,117.383,0.9794,raw_decisions/main/random2048/level_120/run_18_seed_32261188.jsonl,caa553ca32385b92ab0be4b8a42b531770b964a217ecb3743d6775a8c0fced0e
120,random2048,19,32261189,300,59.500000,5.074353,59.120837,59.120837,300,300,300,300,300,1.000000,1.000000,1.000000,1.000000,1.000000,6.8841,7.0326,122.647,0.9747,raw_decisions/main/random2048/level_120/run_19_seed_32261189.jsonl,775374040cb4d341e043b853c1d5374534b2a10c7c6bcdb127b85a26293f3343
120,sequential,0,32271177,300,59.500000,4.364114,68.742477,68.742477,300,300,300,300,300,1.000000,1.000000,1.000000,1.000000,1.000000,7.1222,7.2574,139.630,1.0000,raw_decisions/main/sequential/level_120/run_00_seed_32271177.jsonl,0a5e89e4a6e679484bd0996827c935ef3f5472dcd6ea400bae1d8117d84846e8
120,sequential,1,32271178,300,59.500000,5.370376,55.862014,55.862014,300,300,300,300,300,1.000000,1.000000,1.000000,1.000000,1.000000,6.8624,6.9887,116.620,1.0000,raw_decisions/main/sequential/level_120/run_01_seed_32271178.jsonl,73fed88ab1bb26e58b0c110f53acae9bc6e3782287466c33ae52573504bcbbf7
120,sequential,2,32271179,300,59.500000,5.428073,55.268231,55.268231,300,300,300,300,300,1.000000,1.000000,1.000000,1.000000,1.000000,6.7863,6.8948,110.573,1.0000,raw_decisions/main/sequential/level_120/run_02_seed_32271179.jsonl,c8e07a1145dea668f0934ea4330f794ad4f9d0f5915bd7dcaf53d6c9159eae6a
120,sequential,3,32271180,300,59.500000,4.741876,63.266094,63.266094,300,300,300,300,300,1.000000,1.000000,1.000000,1.000000,1.000000,6.9970,7.1997,128.357,1.0000,raw_decisions/main/sequential/level_120/run_03_seed_32271180.jsonl,d23121b2aa1117c44b2c861c0e163d9442c09388c9505ccbbf886584514cbf48
120,sequential,4,32271181,300,59.500000,5.238584,57.267384,57.267384,300,300,300,300,300,1.000000,1.000000,1.000000,1.000000,1.000000,6.8559,7.0112,116.170,1.0000,raw_decisions/main/sequential/level_120/run_04_seed_32271181.jsonl,ad9c35ebe30a2c6c91b8751447f67834c714c5eb1cee2be138943ec45147d7b7
120,sequential,5,32271182,300,59.500000,4.718586,63.578365,63.578365,300,300,300,300,300,1.000000,1.000000,1.000000,1.000000,1.000000,6.9779,7.2095,126.847,1.0000,raw_decisions/main/sequential/level_120/run_05_seed_32271182.jsonl,39474d23357e47c69d96cdea9c6b24a55925866f891b77b33f41e4fb5376b21f
120,sequential,6,32271183,300,59.500000,5.356655,56.005103,56.005103,300,300,300,300,300,1.000000,1.000000,1.000000,1.000000,1.000000,6.8489,7.0444,115.863,1.0000,raw_decisions/main/sequential/level_120/run_06_seed_32271183.jsonl,564f676b207a926375b0c487a3170358d23c7801349c87edd293617ff3b189c3
120,sequential,7,32271184,300,59.500000,4.896063,61.273727,61.273727,300,300,300,300,300,1.000000,1.000000,1.000000,1.000000,1.000000,6.9339,7.0340,122.380,1.0000,raw_decisions/main/sequential/level_120/run_07_seed_32271184.jsonl,6e7554d86b3980f60a7010c0b9a878c7127c8388d643781703c75baff25a69ed
120,sequential,8,32271185,300,59.500000,5.048052,59.428866,59.428866,300,300,300,300,300,1.000000,1.000000,1.000000,1.000000,1.000000,6.8644,7.0768,117.057,1.0000,raw_decisions/main/sequential/level_120/run_08_seed_32271185.jsonl,75b6eb753566599c82f2a53a9cecf5ad87748d3c260563758fb7d50184bf5c4e
120,sequential,9,32271186,300,59.500000,4.921636,60.955338,60.955338,300,300,300,300,300,1.000000,1.000000,1.000000,1.000000,1.000000,6.9596,7.0444,124.530,1.0000,raw_decisions/main/sequential/level_120/run_09_seed_32271186.jsonl,ce5f605f252cffb4badcac5696ac9d74c960bd3fdb6c7dca316e25252397340c
120,sequential,10,32271187,300,59.500000,4.311265,69.585152,69.585152,300,300,300,300,300,1.000000,1.000000,1.000000,1.000000,1.000000,7.0691,7.2479,134.763,1.0000,raw_decisions/main/sequential/level_120/run_10_seed_32271187.jsonl,4587b73bccacc233531462b818d3a0a8f9787d492e129913fabb3e179a97e0f8
120,sequential,11,32271188,300,59.500000,4.853180,61.815146,61.815146,300,300,300,300,300,1.000000,1.000000,1.000000,1.000000,1.000000,6.9698,7.0661,125.467,1.0000,raw_decisions/main/sequential/level_120/run_11_seed_32271188.jsonl,f1a6f4928f5719eb7ca01500c6ae45159c414bb47f6e34504578944b48793bea
120,sequential,12,32271189,300,59.500000,5.116639,58.632235,58.632235,300,300,300,300,300,1.000000,1.000000,1.000000,1.000000,1.000000,6.8764,7.2479,118.217,1.0000,raw_decisions/main/sequential/level_120/run_12_seed_32271189.jsonl,adaa2027248a114a957fb46d8e23c98ab7ca2423dadee63f644377a81a2fc2e4
120,sequential,13,32271190,300,59.500000,4.619485,64.942309,64.942309,300,300,300,300,300,1.000000,1.000000,1.000000,1.000000,1.000000,7.0230,7.0980,130.153,1.0000,raw_decisions/main/sequential/level_120/run_13_seed_32271190.jsonl,73857dfe1653fce98b2d2e4e8eeed1a5acab94fc357f18b8cac4e86d86a15d99
120,sequential,14,32271191,300,59.500000,4.759155,63.036403,63.036403,300,300,300,300,300,1.000000,1.000000,1.000000,1.000000,1.000000,6.9646,7.0666,125.047,1.0000,raw_decisions/main/sequential/level_120/run_14_seed_32271191.jsonl,cf8e84223d776ec8ec3f17650b1d65e2d0672cc020e437f9222c06d00a4b5add
120,sequential,15,32271192,300,59.500000,4.961117,60.470255,60.470255,300,300,300,300,300,1.000000,1.000000,1.000000,1.000000,1.000000,6.9054,7.0334,120.070,1.0000,raw_decisions/main/sequential/level_120/run_15_seed_32271192.jsonl,db7277556d3a964aa2258d3c9283cb0f955dcfcded3ce882c5d651ce18d37ddb
120,sequential,16,32271193,300,59.500000,5.032491,59.612624,59.612624,300,300,300,300,300,1.000000,1.000000,1.000000,1.000000,1.000000,6.9447,7.0558,123.427,1.0000,raw_decisions/main/sequential/level_120/run_16_seed_32271193.jsonl,9cfa6237abb18167c850e8c37470080cb184b4ee5a7db4ca4842a5b127931615
120,sequential,17,32271194,300,59.500000,5.419883,55.351751,55.351751,300,300,300,300,300,1.000000,1.000000,1.000000,1.000000,1.000000,6.7454,6.9773,107.670,1.0000,raw_decisions/main/sequential/level_120/run_17_seed_32271194.jsonl,dc3101c5b111b0e9967f2226bcf30b7ccf8608e49655af2b8c522d99b1d74b36
120,sequential,18,32271195,300,59.500000,5.135774,58.413782,58.413782,300,300,300,300,300,1.000000,1.000000,1.000000,1.000000,1.000000,6.8641,7.0118,116.663,1.0000,raw_decisions/main/sequential/level_120/run_18_seed_32271195.jsonl,1c3980f17cc194f559701bd26c24a0841cd18b117330e117de273a382f947227
120,sequential,19,32271196,300,59.500000,4.953652,60.561381,60.561381,300,300,300,300,300,1.000000,1.000000,1.000000,1.000000,1.000000,6.9458,7.0224,123.370,1.0000,raw_decisions/main/sequential/level_120/run_19_seed_32271196.jsonl,cc15c1d3cbf3bf8de97081679932dd6b8c3ae8b38153fb0bf83de6c45f658461
120,smallpool16,0,32281184,300,59.500000,5.017390,59.792038,59.792038,300,0,300,0,0,1.000000,0.000000,1.000000,0.000000,0.000000,3.9292,3.9647,123.073,0.1304,raw_decisions/main/smallpool16/level_120/run_00_seed_32281184.jsonl,f2931bf8b35b7869bc1e1b126fd66469ed346362e27eed6ed2af61d0b9d2fdda
120,smallpool16,1,32281185,300,59.500000,5.497432,54.570932,54.570932,300,0,300,0,0,1.000000,0.000000,1.000000,0.000000,0.000000,3.8582,3.9078,112.457,0.1421,raw_decisions/main/smallpool16/level_120/run_01_seed_32281185.jsonl,a19346506532d5277899bedcde25a021db32797faba4a900792aa8f71e39d55f
120,smallpool16,2,32281186,300,59.500000,5.199144,57.701807,57.701807,300,0,300,0,0,1.000000,0.000000,1.000000,0.000000,0.000000,3.9082,3.9391,116.947,0.1371,raw_decisions/main/smallpool16/level_120/run_02_seed_32281186.jsonl,2a1e9e6fe4421835133999e4256ade823e728270fe5aef1fa22f245434625e09
120,smallpool16,3,32281187,300,59.500000,4.747460,63.191689,63.191689,300,0,300,0,0,1.000000,0.000000,1.000000,0.000000,0.000000,3.9202,3.9446,123.733,0.1298,raw_decisions/main/smallpool16/level_120/run_03_seed_32281187.jsonl,bfb4f344328006d74770ebfdd52e5d585e922bb638dbf6554b1a081e607d3641
120,smallpool16,4,32281188,300,59.500000,5.297275,56.632889,56.632889,300,0,300,0,0,1.000000,0.000000,1.000000,0.000000,0.000000,3.9009,3.9547,109.710,0.1463,raw_decisions/main/smallpool16/level_120/run_04_seed_32281188.jsonl,4cc5dad331c5c19ad500b741d1f01ed11c6ccb9e8560bfb4568e24ce823ddc1f
120,smallpool16,5,32281189,300,59.500000,5.087904,58.963380,58.963380,300,0,300,0,0,1.000000,0.000000,1.000000,0.000000,0.000000,3.9065,3.9707,121.523,0.1321,raw_decisions/main/smallpool16/level_120/run_05_seed_32281189.jsonl,48b706e8cdee8c9cd72a1085596200760834ec4a68e44e6b14166a5fa802fc4b
120,smallpool16,6,32281190,300,59.500000,5.037420,59.554291,59.554291,300,0,300,0,0,1.000000,0.000000,1.000000,0.000000,0.000000,3.8965,3.9448,116.887,0.1385,raw_decisions/main/smallpool16/level_120/run_06_seed_32281190.jsonl,8ce9c350acdffac3cd559393874b66c9b24c913b7cb48cefda9fc3017c7ae906
120,smallpool16,7,32281191,300,59.500000,4.749592,63.163315,63.163315,300,0,300,0,0,1.000000,0.000000,1.000000,0.000000,0.000000,3.9043,3.9371,128.470,0.1246,raw_decisions/main/smallpool16/level_120/run_07_seed_32281191.jsonl,08e8f5b6966a327731c86ce902d2e85960c71a2bac1a8dc5fd7dbbb73b1f7155
120,smallpool16,8,32281192,300,59.500000,4.815582,62.297766,62.297766,300,0,300,0,0,1.000000,0.000000,1.000000,0.000000,0.000000,3.9327,3.9654,127.637,0.1257,raw_decisions/main/smallpool16/level_120/run_08_seed_32281192.jsonl,d70ebd8ab0380d867920da053390d8e87e046b85efcbfe6bb29aa8de7fee8e3a
120,smallpool16,9,32281193,300,59.500000,5.038651,59.539750,59.539750,300,0,300,0,0,1.000000,0.000000,1.000000,0.000000,0.000000,3.9042,3.9634,121.487,0.1323,raw_decisions/main/smallpool16/level_120/run_09_seed_32281193.jsonl,026a2bd873d023fe3d4545866201e51adc276408dab29a0670e9ec6cb71e082c
120,smallpool16,10,32281194,300,59.500000,5.530415,54.245476,54.245476,300,0,300,0,0,1.000000,0.000000,1.000000,0.000000,0.000000,3.9101,3.9634,112.350,0.1430,raw_decisions/main/smallpool16/level_120/run_10_seed_32281194.jsonl,9d91d9833a25a5b8225c6cbe5d3682affaf2824c4d4242766df10546b5cfc97c
120,smallpool16,11,32281195,300,59.500000,4.877870,61.502256,61.502256,300,0,300,0,0,1.000000,0.000000,1.000000,0.000000,0.000000,3.8457,3.9061,121.217,0.1336,raw_decisions/main/smallpool16/level_120/run_11_seed_32281195.jsonl,25818b2720f8d4a5016e6d3f07ddbc9771abbc2756d9b5367f574740620753e4
120,smallpool16,12,32281196,300,59.500000,5.292828,56.680472,56.680472,300,0,300,0,0,1.000000,0.000000,1.000000,0.000000,0.000000,3.8959,3.9622,111.563,0.1440,raw_decisions/main/smallpool16/level_120/run_12_seed_32281196.jsonl,3cacf7ed7065482339b0b894d24270e3620ebd4b364500950375fa73bf716c5e
120,smallpool16,13,32281197,300,59.500000,5.475292,54.791601,54.791601,300,0,300,0,0,1.000000,0.000000,1.000000,0.000000,0.000000,3.8912,3.9479,112.563,0.1425,raw_decisions/main/smallpool16/level_120/run_13_seed_32281197.jsonl,6f9e786021d6916d51699bcaa28e3e7a9a8572dd0e9f8d3398abc38d86fc0f3f
120,smallpool16,14,32281198,300,59.500000,4.903180,61.184787,61.184787,300,0,300,0,0,1.000000,0.000000,1.000000,0.000000,0.000000,3.9120,3.9513,123.597,0.1297,raw_decisions/main/smallpool16/level_120/run_14_seed_32281198.jsonl,e11a7a81b9b0b9cd8a58058023af4084b5c2b1b9f65056081c314cae51cf2695
120,smallpool16,15,32281199,300,59.500000,5.078793,59.069158,59.069158,300,0,300,0,0,1.000000,0.000000,1.000000,0.000000,0.000000,3.8770,3.9363,121.690,0.1320,raw_decisions/main/smallpool16/level_120/run_15_seed_32281199.jsonl,2c9a63c32db6d96e4d8e646c747d5458682ae691dd2fe7e097aa3f4d501dc8a8
120,smallpool16,16,32281200,300,59.500000,5.081747,59.034816,59.034816,300,0,300,0,0,1.000000,0.000000,1.000000,0.000000,0.000000,3.8969,3.9329,119.323,0.1348,raw_decisions/main/smallpool16/level_120/run_16_seed_32281200.jsonl,d0c3c393bafaa35cf73c200fc423ddd6b79b0467ee0ec88f176e47a96c65b874
120,smallpool16,17,32281201,300,59.500000,5.102615,58.793382,58.793382,300,0,300,0,0,1.000000,0.000000,1.000000,0.000000,0.000000,3.9140,3.9459,118.480,0.1352,raw_decisions/main/smallpool16/level_120/run_17_seed_32281201.jsonl,3290f23738752aed82ad97a7781afa6425ccbf5cb8bab7da3ab5eeb7d74567fb
120,smallpool16,18,32281202,300,59.500000,5.233655,57.321315,57.321315,300,0,300,0,0,1.000000,0.000000,1.000000,0.000000,0.000000,3.8943,3.9637,114.620,0.1402,raw_decisions/main/smallpool16/level_120/run_18_seed_32281202.jsonl,5f10cffaf430a4cbef1f7a0348a14afbdc9a585ed9d7357f980295090ab550cf
120,smallpool16,19,32281203,300,59.500000,4.632406,64.761158,64.761158,300,0,300,0,0,1.000000,0.000000,1.000000,0.000000,0.000000,3.9136,3.9531,134.917,0.1188,raw_decisions/main/smallpool16/level_120/run_19_seed_32281203.jsonl,c30328c02d1b33b3b1039422de1eee6aa2e8fc4c81c15ba1235d8079819f0a5d
300,random2048,0,50261710,300,149.500000,2.190208,136.973284,136.973284,300,300,300,300,300,1.000000,1.000000,1.000000,1.000000,1.000000,8.1322,8.2178,311.640,0.9260,raw_decisions/main/random2048/level_300/run_00_seed_50261710.jsonl,15d72562fa7488e038893f86caddb44165e3792746764061e5d52ef2810505bd
300,random2048,1,50261711,300,149.500000,1.906416,157.363316,157.363316,300,300,300,300,300,1.000000,1.000000,1.000000,1.000000,1.000000,8.1882,8.2399,327.813,0.9177,raw_decisions/main/random2048/level_300/run_01_seed_50261711.jsonl,73a08ccbe479b90539ee757847e4b639100d6c3ba777efd0a4970970617268e6
300,random2048,2,50261712,300,149.500000,2.122877,141.317669,141.317669,300,300,300,300,300,1.000000,1.000000,1.000000,1.000000,1.000000,8.0726,8.1758,292.550,0.9411,raw_decisions/main/random2048/level_300/run_02_seed_50261712.jsonl,b08210df19f4278cb57afc2e8577c3b8f5ed8930af52ee0ce5a31bb121cd8ef2
300,random2048,3,50261713,300,149.500000,1.904128,157.552470,157.552470,300,300,300,300,300,1.000000,1.000000,1.000000,1.000000,1.000000,8.1673,8.2028,315.460,0.9343,raw_decisions/main/random2048/level_300/run_03_seed_50261713.jsonl,0ce2fb10ebe9d87e57ac15dcd21dcdc23ce8ec172449775b30981481341e4999
300,random2048,4,50261714,300,149.500000,1.935152,155.026620,155.026620,300,300,300,300,300,1.000000,1.000000,1.000000,1.000000,1.000000,8.1058,8.1470,309.133,0.9185,raw_decisions/main/random2048/level_300/run_04_seed_50261714.jsonl,c0a40c90a90cbcd9b0a8829d9611965eaad3903d2655d69baec1e3cb2585cef2
300,random2048,5,50261715,300,149.500000,2.005914,149.557741,149.557741,300,300,300,300,300,1.000000,1.000000,1.000000,1.000000,1.000000,8.1074,8.1522,300.777,0.9379,raw_decisions/main/random2048/level_300/run_05_seed_50261715.jsonl,36d53aefb4ff64972a6e3fb48c005c839aa4f9ef878e4d4c49fc2e5132b26c02
300,random2048,6,50261716,300,149.500000,1.989657,150.779733,150.779733,300,300,300,300,300,1.000000,1.000000,1.000000,1.000000,1.000000,8.0117,8.1036,286.687,0.9261,raw_decisions/main/random2048/level_300/run_06_seed_50261716.jsonl,878808596541e7f1274b2484c606ba97f7b61b4bce21d19b622fd1c7bad34109
300,random2048,7,50261717,300,149.500000,2.014365,148.930281,148.930281,300,300,300,300,300,1.000000,1.000000,1.000000,1.000000,1.000000,8.0279,8.0932,286.827,0.9348,raw_decisions/main/random2048/level_300/run_07_seed_50261717.jsonl,3fd1f43e0ec7452fc0d692fb5acca3733a7763e05a6da8d103454093774a4101
300,random2048,8,50261718,300,149.500000,2.154611,139.236279,139.236279,300,300,300,300,300,1.000000,1.000000,1.000000,1.000000,1.000000,8.0358,8.0824,289.837,0.9305,raw_decisions/main/random2048/level_300/run_08_seed_50261718.jsonl,94f77591465ea3a7613df6defd0b9943817a334be941fbfb1dfb0d8e8932f300
300,random2048,9,50261719,300,149.500000,2.127304,141.023543,141.023543,300,300,300,300,300,1.000000,1.000000,1.000000,1.000000,1.000000,8.1399,8.1992,308.447,0.9373,raw_decisions/main/random2048/level_300/run_09_seed_50261719.jsonl,2723b1dbcef95a59ed16b5ffd27d3a471cc523b63b7452a1255805859ea329a7
300,random2048,10,50261720,300,149.500000,2.093543,143.297772,143.297772,300,300,300,300,300,1.000000,1.000000,1.000000,1.000000,1.000000,7.9891,8.0685,275.393,0.9427,raw_decisions/main/random2048/level_300/run_10_seed_50261720.jsonl,fe84f2c722b9c62e10027ffa31b43995d28076f6c1bdd495bbbcbdcd9de9c5f0
300,random2048,11,50261721,300,149.500000,2.018611,148.617058,148.617058,300,300,300,300,300,1.000000,1.000000,1.000000,1.000000,1.000000,8.1455,8.2455,314.393,0.9269,raw_decisions/main/random2048/level_300/run_11_seed_50261721.jsonl,9e5ce7050f41a4f93075efce464118b7ffeb035af2950e64e167d7806cd69cc4
300,random2048,12,50261722,300,149.500000,2.063511,145.383285,145.383285,300,300,300,300,300,1.000000,1.000000,1.000000,1.000000,1.000000,8.0247,8.0998,292.450,0.9203,raw_decisions/main/random2048/level_300/run_12_seed_50261722.jsonl,53571ce23f8d9f7aa441a6c5c86a94214694f0900f07d0378878a1b14b0fef07
300,random2048,13,50261723,300,149.500000,2.236521,134.136921,134.136921,300,300,300,300,300,1.000000,1.000000,1.000000,1.000000,1.000000,8.0247,8.0907,284.477,0.9406,raw_decisions/main/random2048/level_300/run_13_seed_50261723.jsonl,1158e1debc0637c7330fd864665aacf78bb8d096da0aaf87e0e8d08c23585237
300,random2048,14,50261724,300,149.500000,2.028991,147.856718,147.856718,300,300,300,300,300,1.000000,1.000000,1.000000,1.000000,1.000000,8.0790,8.1289,299.523,0.9266,raw_decisions/main/random2048/level_300/run_14_seed_50261724.jsonl,f5aa26cede202488bd6a24f34a615df5abe40d7c9a394c4bc0844b75d966c3d6
300,random2048,15,50261725,300,149.500000,1.869685,160.454847,160.454847,300,300,300,300,300,1.000000,1.000000,1.000000,1.000000,1.000000,8.1281,8.1748,313.510,0.9194,raw_decisions/main/random2048/level_300/run_15_seed_50261725.jsonl,57bd96ba48a89b18a5667080783810933d3a27171d8b910296c641dd54d445de
300,random2048,16,50261726,300,149.500000,2.175833,137.878256,137.878256,300,300,300,300,300,1.000000,1.000000,1.000000,1.000000,1.000000,7.9569,8.0116,276.110,0.9263,raw_decisions/main/random2048/level_300/run_16_seed_50261726.jsonl,9208e9493fe114ea3eb7b2fb3411b37f6c0a7276412ddec1eb9aa305b89c0ec2
300,random2048,17,50261727,300,149.500000,1.995771,150.317876,150.317876,300,300,300,300,300,1.000000,1.000000,1.000000,1.000000,1.000000,8.0757,8.1572,297.443,0.9305,raw_decisions/main/random2048/level_300/run_17_seed_50261727.jsonl,dc2b7e41d594a408f7bbc160b7889381968b30633d0ded757d2d596c26c6dc63
300,random2048,18,50261728,300,149.500000,2.054302,146.034992,146.034992,300,300,300,300,300,1.000000,1.000000,1.000000,1.000000,1.000000,7.9210,7.9980,272.830,0.9161,raw_decisions/main/random2048/level_300/run_18_seed_50261728.jsonl,2876fc0e4a28c7fe02e854faf9b2cb28e26f58fc7faa6c47cb194c4b81198273
300,random2048,19,50261729,300,149.500000,2.007239,149.459039,149.459039,300,300,300,300,300,1.000000,1.000000,1.000000,1.000000,1.000000,8.0355,8.1422,290.320,0.9276,raw_decisions/main/random2048/level_300/run_19_seed_50261729.jsonl,23c4c7a28213424ab822b49f5781c4110f8945da1d059e1aeee5b862307aad01
300,sequential,0,50271717,300,149.500000,1.815705,165.225082,165.225082,300,300,300,300,300,1.000000,1.000000,1.000000,1.000000,1.000000,8.2288,8.3354,300.203,1.0000,raw_decisions/main/sequential/level_300/run_00_seed_50271717.jsonl,fd6dce6f0a7cd2925c3120c54f4011c36cf45b0c9eb1455849893de3f6d95dd9
300,sequential,1,50271718,300,149.500000,2.105408,142.490229,142.490229,300,300,300,300,300,1.000000,1.000000,1.000000,1.000000,1.000000,8.1976,8.2527,293.677,1.0000,raw_decisions/main/sequential/level_300/run_01_seed_50271718.jsonl,a8fd058d3ebb48039a1adac825cd5dbdbfbb58c7361d44522894842fc84b5c3f
300,sequential,2,50271719,300,149.500000,2.059494,145.666868,145.666868,300,300,300,300,300,1.000000,1.000000,1.000000,1.000000,1.000000,8.2285,8.2854,300.000,1.0000,raw_decisions/main/sequential/level_300/run_02_seed_50271719.jsonl,c37fd3b9f1fa05cf66c4d92893caa4d9b186edf3180362175e844953c4573f8a
300,sequential,3,50271720,300,149.500000,2.115028,141.842073,141.842073,300,300,300,300,300,1.000000,1.000000,1.000000,1.000000,1.000000,8.1325,8.1699,280.670,1.0000,raw_decisions/main/sequential/level_300/run_03_seed_50271720.jsonl,57b3ee0295e98037e2aff4fc68e813fb4cb5b84abe30bb4239629a3a1c8165ad
300,sequential,4,50271721,300,149.500000,2.273785,131.938574,131.938574,300,300,300,300,300,1.000000,1.000000,1.000000,1.000000,1.000000,8.1479,8.2482,284.017,1.0000,raw_decisions/main/sequential/level_300/run_04_seed_50271721.jsonl,1ddd4f79a5118b4a6b8a574f086c57cd3d05fa1dcc0f1871f2d3dccba5425c9c
300,sequential,5,50271722,300,149.500000,1.973591,152.007181,152.007181,300,300,300,300,300,1.000000,1.000000,1.000000,1.000000,1.000000,8.2586,8.2946,306.283,1.0000,raw_decisions/main/sequential/level_300/run_05_seed_50271722.jsonl,f875f8ef494708d6290ea447ce0f0d1a1fc5f7d6b8ad480d1840c6a20f4b32ec
300,sequential,6,50271723,300,149.500000,2.049736,146.360277,146.360277,300,300,300,300,300,1.000000,1.000000,1.000000,1.000000,1.000000,8.2256,8.2668,299.367,1.0000,raw_decisions/main/sequential/level_300/run_06_seed_50271723.jsonl,6cfc13e2ea914cdbd696db52a754b4f32e870a9c2c3571d3b99e3077a7a29f96
300,sequential,7,50271724,300,149.500000,2.026363,148.048467,148.048467,300,300,300,300,300,1.000000,1.000000,1.000000,1.000000,1.000000,8.3146,8.3839,318.547,1.0000,raw_decisions/main/sequential/level_300/run_07_seed_50271724.jsonl,2ad4420f82bf5b02a33ed84b43ecd0b7f102f6bbc8b1ab3a87963ac5f8c119f8
300,sequential,8,50271725,300,149.500000,2.168635,138.335872,138.335872,300,300,300,300,300,1.000000,1.000000,1.000000,1.000000,1.000000,8.2367,8.2854,301.787,1.0000,raw_decisions/main/sequential/level_300/run_08_seed_50271725.jsonl,cfe2f54a3254b5ebdbf6655be79ee6803afd5aa80c86cbadf4b101e586a7f0ef
300,sequential,9,50271726,300,149.500000,2.051867,146.208273,146.208273,300,300,300,300,300,1.000000,1.000000,1.000000,1.000000,1.000000,8.1669,8.2432,287.600,1.0000,raw_decisions/main/sequential/level_300/run_09_seed_50271726.jsonl,d8d32035fc640007cee965ba6663c5c75846f7f4ea5a6a36a40dfadaab5ef79b
300,sequential,10,50271727,300,149.500000,2.187459,137.145440,137.145440,300,300,300,300,300,1.000000,1.000000,1.000000,1.000000,1.000000,8.1624,8.2336,286.597,1.0000,raw_decisions/main/sequential/level_300/run_10_seed_50271727.jsonl,3e8fb37d4f8405af3f685e8ac5d2e7b36fc248fe74477ffa09c2ee68c9fa449a
300,sequential,11,50271728,300,149.500000,2.017005,148.735399,148.735399,300,300,300,300,300,1.000000,1.000000,1.000000,1.000000,1.000000,8.2230,8.2529,298.810,1.0000,raw_decisions/main/sequential/level_300/run_11_seed_50271728.jsonl,e2ff4102d04fd176d57ddfa3cff3338130c90f798084ec899676e077950f3bf6
300,sequential,12,50271729,300,149.500000,2.222491,134.983645,134.983645,300,300,300,300,300,1.000000,1.000000,1.000000,1.000000,1.000000,8.0343,8.1898,262.500,1.0000,raw_decisions/main/sequential/level_300/run_12_seed_50271729.jsonl,74b6f9662ca577e2239763f319026f475bac37ad8c28f5d79422a20e7934fc70
300,sequential,13,50271730,300,149.500000,1.731503,173.259896,173.259896,300,300,300,300,300,1.000000,1.000000,1.000000,1.000000,1.000000,8.2607,8.4136,307.620,1.0000,raw_decisions/main/sequential/level_300/run_13_seed_50271730.jsonl,6c15f393e85dc2646dcd76a2c4456ea01e398f26410c7b7320fd9f7c2fce314a
300,sequential,14,50271731,300,149.500000,2.106928,142.387376,142.387376,300,300,300,300,300,1.000000,1.000000,1.000000,1.000000,1.000000,8.1374,8.1948,281.673,1.0000,raw_decisions/main/sequential/level_300/run_14_seed_50271731.jsonl,f465a02784933c5254f558804eb5a6ef7a517b0674c51045620cae4507621f0c
300,sequential,15,50271732,300,149.500000,2.090101,143.533743,143.533743,300,300,300,300,300,1.000000,1.000000,1.000000,1.000000,1.000000,8.1686,8.2192,287.820,1.0000,raw_decisions/main/sequential/level_300/run_15_seed_50271732.jsonl,a33b55d06f8904ee698f25512473898b973f294d4c1cd490516881e5af0348ce
300,sequential,16,50271733,300,149.500000,1.864489,160.902025,160.902025,300,300,300,300,300,1.000000,1.000000,1.000000,1.000000,1.000000,8.3069,8.3753,316.833,1.0000,raw_decisions/main/sequential/level_300/run_16_seed_50271733.jsonl,5b71438041b36a34956166bff2d21ffa47e58718bda241b6214a28b482d9d41f
300,sequential,17,50271734,300,149.500000,1.908339,157.204789,157.204789,300,300,300,300,300,1.000000,1.000000,1.000000,1.000000,1.000000,8.2658,8.3083,307.833,1.0000,raw_decisions/main/sequential/level_300/run_17_seed_50271734.jsonl,6c51a2364880f4129daa4d1ebdfc90614167dd5b7555e4c543456f08dad94c27
300,sequential,18,50271735,300,149.500000,2.146406,139.768519,139.768519,300,300,300,300,300,1.000000,1.000000,1.000000,1.000000,1.000000,8.0832,8.1599,271.383,1.0000,raw_decisions/main/sequential/level_300/run_18_seed_50271735.jsonl,9aa64038b010a845c0813fe6c8ea5657adbcc83df45599204ac8bc9339f32c96
300,sequential,19,50271736,300,149.500000,1.933151,155.187026,155.187026,300,300,300,300,300,1.000000,1.000000,1.000000,1.000000,1.000000,8.2587,8.3083,306.353,1.0000,raw_decisions/main/sequential/level_300/run_19_seed_50271736.jsonl,4993d7ee4ace4f17d496c5eb689f28ccde42c6fa7090879f65b631f0986810c5
300,smallpool16,0,50281724,300,149.500000,2.204795,136.067049,136.067049,300,0,300,0,0,1.000000,0.000000,1.000000,0.000000,0.000000,3.9682,3.9776,304.673,0.0527,raw_decisions/main/smallpool16/level_300/run_00_seed_50281724.jsonl,92e6f4cc3b7f6cbdb6a6c44b5f39537ac6521b1000048ac46f014bd05393bb11
300,smallpool16,1,50281725,300,149.500000,2.051841,146.210172,146.210172,300,0,300,0,0,1.000000,0.000000,1.000000,0.000000,0.000000,3.9662,3.9833,300.430,0.0533,raw_decisions/main/smallpool16/level_300/run_01_seed_50281725.jsonl,34f1f0ae0efeaf89fbe78b97727f03ebbf0832e705d3a87acb9efedd76c27327
300,smallpool16,2,50281726,300,149.500000,1.959369,153.110529,153.110529,300,0,300,0,0,1.000000,0.000000,1.000000,0.000000,0.000000,3.9615,3.9682,296.357,0.0540,raw_decisions/main/smallpool16/level_300/run_02_seed_50281726.jsonl,958e4c677eaef4d0508bf010915c19cb37223fe1b125fe62723fdc826f90f6be
300,smallpool16,3,50281727,300,149.500000,1.976519,151.781993,151.781993,300,0,300,0,0,1.000000,0.000000,1.000000,0.000000,0.000000,3.9764,3.9841,317.820,0.0504,raw_decisions/main/smallpool16/level_300/run_03_seed_50281727.jsonl,96f4dd3e8306506cba46932ed2331082e8bf87fd64626a56999f6a08d03fed3b
300,smallpool16,4,50281728,300,149.500000,2.033753,147.510556,147.510556,300,0,300,0,0,1.000000,0.000000,1.000000,0.000000,0.000000,3.9445,3.9604,295.357,0.0542,raw_decisions/main/smallpool16/level_300/run_04_seed_50281728.jsonl,c5c3a7fa61b4abe42446e5dbb1bc322ccdfec66de3e2a8a080d5cd639f71f696
300,smallpool16,5,50281729,300,149.500000,2.241819,133.819894,133.819894,300,0,300,0,0,1.000000,0.000000,1.000000,0.000000,0.000000,3.9618,3.9736,260.720,0.0614,raw_decisions/main/smallpool16/level_300/run_05_seed_50281729.jsonl,c1ebffd645fc234bd0147678c56ed4d0f5e1deee1a71cefe558a2e74ab5677f1
300,smallpool16,6,50281730,300,149.500000,1.994973,150.377938,150.377938,300,0,300,0,0,1.000000,0.000000,1.000000,0.000000,0.000000,3.9682,3.9767,301.880,0.0530,raw_decisions/main/smallpool16/level_300/run_06_seed_50281730.jsonl,a9f53217b9a836242ac981333caf49b6629fcd8425ee6c9162d5cee2b14b241e
300,smallpool16,7,50281731,300,149.500000,2.133473,140.615805,140.615805,300,0,300,0,0,1.000000,0.000000,1.000000,0.000000,0.000000,3.9561,3.9817,294.887,0.0543,raw_decisions/main/smallpool16/level_300/run_07_seed_50281731.jsonl,9ae9f1e7c4735657e29772e6788fe4d136a7e7c41d14f13920714f2d2eb04e7c
300,smallpool16,8,50281732,300,149.500000,2.011602,149.134869,149.134869,300,0,300,0,0,1.000000,0.000000,1.000000,0.000000,0.000000,3.9731,3.9801,307.207,0.0521,raw_decisions/main/smallpool16/level_300/run_08_seed_50281732.jsonl,5d8b748b9a5a6bfccb9c920d13fa5d4a40f58ec52f3f2a270ea7bd952eabf48a
300,smallpool16,9,50281733,300,149.500000,1.937023,154.876824,154.876824,300,0,300,0,0,1.000000,0.000000,1.000000,0.000000,0.000000,3.9576,3.9712,305.183,0.0524,raw_decisions/main/smallpool16/level_300/run_09_seed_50281733.jsonl,9cd5d8f142ea4457b143828a368fc07fd35a29271635bf48476f8a50fe140ccd
300,smallpool16,10,50281734,300,149.500000,2.010974,149.181457,149.181457,300,0,300,0,0,1.000000,0.000000,1.000000,0.000000,0.000000,3.9578,3.9697,293.837,0.0545,raw_decisions/main/smallpool16/level_300/run_10_seed_50281734.jsonl,278a2981f9d87f3b299178b4e4316c8529da31c3b006ddd41c1570e28bef3941
300,smallpool16,11,50281735,300,149.500000,1.954880,153.462082,153.462082,300,0,300,0,0,1.000000,0.000000,1.000000,0.000000,0.000000,3.9608,3.9821,310.897,0.0515,raw_decisions/main/smallpool16/level_300/run_11_seed_50281735.jsonl,cd094e840955fbd7de7bcecbad3be2fe97afdec97b6e06408c16f6c88b216b9b
300,smallpool16,12,50281736,300,149.500000,1.846184,162.497322,162.497322,300,0,300,0,0,1.000000,0.000000,1.000000,0.000000,0.000000,3.9498,3.9714,316.113,0.0506,raw_decisions/main/smallpool16/level_300/run_12_seed_50281736.jsonl,b7a51dac0f8067a72d02df85a5ce6f9bd8d8a8ed0c0deae27179864671a8c4b5
300,smallpool16,13,50281737,300,149.500000,2.268162,132.265712,132.265712,300,0,300,0,0,1.000000,0.000000,1.000000,0.000000,0.000000,3.9739,3.9855,293.600,0.0546,raw_decisions/main/smallpool16/level_300/run_13_seed_50281737.jsonl,627b3ccc71abb0ade885d35976d32efe9bb715776517ca0fa73314ed7fafb0b4
300,smallpool16,14,50281738,300,149.500000,1.942854,154.412042,154.412042,300,0,300,0,0,1.000000,0.000000,1.000000,0.000000,0.000000,3.9687,3.9836,299.273,0.0535,raw_decisions/main/smallpool16/level_300/run_14_seed_50281738.jsonl,5dea05da0926ba0279911e4bd5d99dc4edf6d4dd13a8d1475feae3ccc0bf1640
300,smallpool16,15,50281739,300,149.500000,2.148022,139.663343,139.663343,300,0,300,0,0,1.000000,0.000000,1.000000,0.000000,0.000000,3.9467,3.9685,282.467,0.0567,raw_decisions/main/smallpool16/level_300/run_15_seed_50281739.jsonl,bf94c7af72bf3194b7cec8c06e7d02a08354b9f02b952cc680f4a924ed7757ba
300,smallpool16,16,50281740,300,149.500000,2.116031,141.774881,141.774881,300,0,300,0,0,1.000000,0.000000,1.000000,0.000000,0.000000,3.9783,3.9839,288.880,0.0555,raw_decisions/main/smallpool16/level_300/run_16_seed_50281740.jsonl,44628e49e31c78ca9bc1d377802f0ee5e67810385828e207e0b49806f3243792
300,smallpool16,17,50281741,300,149.500000,1.754314,171.007057,171.007057,300,0,300,0,0,1.000000,0.000000,1.000000,0.000000,0.000000,3.9677,3.9797,314.850,0.0508,raw_decisions/main/smallpool16/level_300/run_17_seed_50281741.jsonl,449ceeaf9ba9b4baaff6ffb13a5373e8076c61ce340e8394545b0fe6c9588d65
300,smallpool16,18,50281742,300,149.500000,1.932056,155.275039,155.275039,300,0,300,0,0,1.000000,0.000000,1.000000,0.000000,0.000000,3.9538,3.9775,301.307,0.0531,raw_decisions/main/smallpool16/level_300/run_18_seed_50281742.jsonl,e91983da0ae96ab64d5e6b31d936ec281231dbea9a8d12fbb5a1b40ba83283f5
300,smallpool16,19,50281743,300,149.500000,1.998043,150.146887,150.146887,300,0,300,0,0,1.000000,0.000000,1.000000,0.000000,0.000000,3.9741,3.9853,306.567,0.0522,raw_decisions/main/smallpool16/level_300/run_19_seed_50281743.jsonl,690eaac92d85cc72012056ecd96ef57f9d9fb7cc9a417e6e7e713557c19672ee
