behavior,phase,level,run,seed,space,configuration,rate
random2048,main,5,0,20760825,2048,initial,0.0
random2048,main,5,0,20760825,2048,locked,0.0
random2048,main,5,0,20760825,65536,initial,0.0
random2048,main,5,0,20760825,65536,locked,0.0
random2048,main,5,1,20760826,2048,initial,0.0
random2048,main,5,1,20760826,2048,locked,0.0
random2048,main,5,1,20760826,65536,initial,0.0
random2048,main,5,1,20760826,65536,locked,0.0
random2048,main,5,2,20760827,2048,initial,0.0
random2048,main,5,2,20760827,2048,locked,0.0
random2048,main,5,2,20760827,65536,initial,0.0
random2048,main,5,2,20760827,65536,locked,0.0
random2048,main,5,3,20760828,2048,initial,0.0
random2048,main,5,3,20760828,2048,locked,0.0
random2048,main,5,3,20760828,65536,initial,0.0
random2048,main,5,3,20760828,65536,locked,0.0
random2048,main,5,4,20760829,2048,initial,0.0
random2048,main,5,4,20760829,2048,locked,0.0
random2048,main,5,4,20760829,65536,initial,0.0
random2048,main,5,4,20760829,65536,locked,0.0
random2048,main,5,5,20760830,2048,initial,0.0
random2048,main,5,5,20760830,2048,locked,0.0
random2048,main,5,5,20760830,65536,initial,0.0
random2048,main,5,5,20760830,65536,locked,0.0
random2048,main,5,6,20760831,2048,initial,0.0
random2048,main,5,6,20760831,2048,locked,0.0
random2048,main,5,6,20760831,65536,initial,0.0
random2048,main,5,6,20760831,65536,locked,0.0
random2048,main,5,7,20760832,2048,initial,0.0
random2048,main,5,7,20760832,2048,locked,0.0
random2048,main,5,7,20760832,65536,initial,0.0
random2048,main,5,7,20760832,65536,locked,0.0
random2048,main,5,8,20760833,2048,initial,0.0
random2048,main,5,8,20760833,2048,locked,0.0
random2048,main,5,8,20760833,65536,initial,0.0
random2048,main,5,8,20760833,65536,locked,0.0
random2048,main,5,9,20760834,2048,initial,0.0
random2048,main,5,9,20760834,2048,locked,0.0
random2048,main,5,9,20760834,65536,initial,0.0
random2048,main,5,9,20760834,65536,locked,0.0
random2048,main,5,10,20760835,2048,initial,0.0
random2048,main,5,10,20760835,2048,locked,0.0
random2048,main,5,10,20760835,65536,initial,0.0
random2048,main,5,10,20760835,65536,locked,0.0
random2048,main,5,11,20760836,2048,initial,0.0
random2048,main,5,11,20760836,2048,locked,0.0
random2048,main,5,11,20760836,65536,initial,0.0
random2048,main,5,11,20760836,65536,locked,0.0
random2048,main,5,12,20760837,2048,initial,0.0
random2048,main,5,12,20760837,2048,locked,0.0
random2048,main,5,12,20760837,65536,initial,0.0
random2048,main,5,12,20760837,65536,locked,0.0
random2048,main,5,13,20760838,2048,initial,0.0
random2048,main,5,13,20760838,2048,locked,0.0
random2048,main,5,13,20760838,65536,initial,0.0
random2048,main,5,13,20760838,65536,locked,0.0
random2048,main,5,14,20760839,2048,initial,0.0
random2048,main,5,14,20760839,2048,locked,0.0
random2048,main,5,14,20760839,65536,initial,0.0
random2048,main,5,14,20760839,65536,locked,0.0
random2048,main,5,15,20760840,2048,initial,0.0
random2048,main,5,15,20760840,2048,locked,0.0
random2048,main,5,15,20760840,65536,initial,0.0
random2048,main,5,15,20760840,65536,locked,0.0
random2048,main,5,16,20760841,2048,initial,0.0
random2048,main,5,16,20760841,2048,locked,0.0
random2048,main,5,16,20760841,65536,initial,0.0
random2048,main,5,16,20760841,65536,locked,0.0
random2048,main,5,17,20760842,2048,initial,0.0
random2048,main,5,17,20760842,2048,locked,0.0
random2048,main,5,17,20760842,65536,initial,0.0
random2048,main,5,17,20760842,65536,locked,0.0
random2048,main,5,18,20760843,2048,initial,0.0
random2048,main,5,18,20760843,2048,locked,0.0
random2048,main,5,18,20760843,65536,initial,0.0
random2048,main,5,18,20760843,65536,locked,0.0
random2048,main,5,19,20760844,2048,initial,0.0
random2048,main,5,19,20760844,2048,locked,0.0
random2048,main,5,19,20760844,65536,initial,0.0
random2048,main,5,19,20760844,65536,locked,0.0
sequential,main,5,0,20770832,2048,initial,0.0
sequential,main,5,0,20770832,2048,locked,0.0
sequential,main,5,0,20770832,65536,initial,0.0
sequential,main,5,0,20770832,65536,locked,0.0
sequential,main,5,1,20770833,2048,initial,0.0
sequential,main,5,1,20770833,2048,locked,0.0
sequential,main,5,1,20770833,65536,initial,0.0
sequential,main,5,1,20770833,65536,locked,0.0
sequential,main,5,2,20770834,2048,initial,0.0
sequential,main,5,2,20770834,2048,locked,0.0
sequential,main,5,2,20770834,65536,initial,0.0
sequential,main,5,2,20770834,65536,locked,0.0
sequential,main,5,3,20770835,2048,initial,0.0
sequential,main,5,3,20770835,2048,locked,0.0
sequential,main,5,3,20770835,65536,initial,0.0
sequential,main,5,3,20770835,65536,locked,0.0
sequential,main,5,4,20770836,2048,initial,0.0
sequential,main,5,4,20770836,2048,locked,0.0
sequential,main,5,4,20770836,65536,initial,0.0
sequential,main,5,4,20770836,65536,locked,0.0
sequential,main,5,5,20770837,2048,initial,0.0
sequential,main,5,5,20770837,2048,locked,0.0
sequential,main,5,5,20770837,65536,initial,0.0
sequential,main,5,5,20770837,65536,locked,0.0
sequential,main,5,6,20770838,2048,initial,0.0
sequential,main,5,6,20770838,2048,locked,0.0
sequential,main,5,6,20770838,65536,initial,0.0
sequential,main,5,6,20770838,65536,locked,0.0
sequential,main,5,7,20770839,2048,initial,0.0
sequential,main,5,7,20770839,2048,locked,0.0
sequential,main,5,7,20770839,65536,initial,0.0
sequential,main,5,7,20770839,65536,locked,0.0
sequential,main,5,8,20770840,2048,initial,0.0
sequential,main,5,8,20770840,2048,locked,0.0
sequential,main,5,8,20770840,65536,initial,0.0
sequential,main,5,8,20770840,65536,locked,0.0
sequential,main,5,9,20770841,2048,initial,0.0
sequential,main,5,9,20770841,2048,locked,0.0
sequential,main,5,9,20770841,65536,initial,0.0
sequential,main,5,9,20770841,65536,locked,0.0
sequential,main,5,10,20770842,2048,initial,0.0
sequential,main,5,10,20770842,2048,locked,0.0
sequential,main,5,10,20770842,65536,initial,0.0
sequential,main,5,10,20770842,65536,locked,0.0
sequential,main,5,11,20770843,2048,initial,0.0
sequential,main,5,11,20770843,2048,locked,0.0
sequential,main,5,11,20770843,65536,initial,0.0
sequential,main,5,11,20770843,65536,locked,0.0
sequential,main,5,12,20770844,2048,initial,0.0
sequential,main,5,12,20770844,2048,locked,0.0
sequential,main,5,12,20770844,65536,initial,0.0
sequential,main,5,12,20770844,65536,locked,0.0
sequential,main,5,13,20770845,2048,initial,0.0
sequential,main,5,13,20770845,2048,locked,0.0
sequential,main,5,13,20770845,65536,initial,0.0
sequential,main,5,13,20770845,65536,locked,0.0
sequential,main,5,14,20770846,2048,initial,0.0
sequential,main,5,14,20770846,2048,locked,0.0
sequential,main,5,14,20770846,65536,initial,0.0
sequential,main,5,14,20770846,65536,locked,0.0
sequential,main,5,15,20770847,2048,initial,0.0
sequential,main,5,15,20770847,2048,locked,0.0
sequential,main,5,15,20770847,65536,initial,0.0
sequential,main,5,15,20770847,65536,locked,0.0
sequential,main,5,16,20770848,2048,initial,0.0
sequential,main,5,16,20770848,2048,locked,0.0
sequential,main,5,16,20770848,65536,initial,0.0
sequential,main,5,16,20770848,65536,locked,0.0
sequential,main,5,17,20770849,2048,initial,0.0
sequential,main,5,17,20770849,2048,locked,0.0
sequential,main,5,17,20770849,65536,initial,0.0
sequential,main,5,17,20770849,65536,locked,0.0
sequential,main,5,18,20770850,2048,initial,0.0
sequential,main,5,18,20770850,2048,locked,0.0
sequential,main,5,18,20770850,65536,initial,0.0
sequential,main,5,18,20770850,65536,locked,0.0
sequential,main,5,19,20770851,2048,initial,0.0
sequential,main,5,19,20770851,2048,locked,0.0
sequential,main,5,19,20770851,65536,initial,0.0
sequential,main,5,19,20770851,65536,locked,0.0
random2048,main,12,0,21460846,2048,initial,0.0
random2048,main,12,0,21460846,2048,locked,0.0
random2048,main,12,0,21460846,65536,initial,0.0
random2048,main,12,0,21460846,65536,locked,0.0
random2048,main,12,1,21460847,2048,initial,0.0
random2048,main,12,1,21460847,2048,locked,0.0
random2048,main,12,1,21460847,65536,initial,0.0
random2048,main,12,1,21460847,65536,locked,0.0
random2048,main,12,2,21460848,2048,initial,0.01
random2048,main,12,2,21460848,2048,locked,0.0
random2048,main,12,2,21460848,65536,initial,0.01
random2048,main,12,2,21460848,65536,locked,0.0
random2048,main,12,3,21460849,2048,initial,0.0
random2048,main,12,3,21460849,2048,locked,0.0
random2048,main,12,3,21460849,65536,initial,0.0
random2048,main,12,3,21460849,65536,locked,0.0
random2048,main,12,4,21460850,2048,initial,0.0
random2048,main,12,4,21460850,2048,locked,0.0
random2048,main,12,4,21460850,65536,initial,0.0
random2048,main,12,4,21460850,65536,locked,0.0
random2048,main,12,5,21460851,2048,initial,0.0
random2048,main,12,5,21460851,2048,locked,0.0
random2048,main,12,5,21460851,65536,initial,0.0
random2048,main,12,5,21460851,65536,locked,0.0
random2048,main,12,6,21460852,2048,initial,0.0033333333333333335
random2048,main,12,6,21460852,2048,locked,0.0
random2048,main,12,6,21460852,65536,initial,0.0033333333333333335
random2048,main,12,6,21460852,65536,locked,0.0
random2048,main,12,7,21460853,2048,initial,0.0
random2048,main,12,7,21460853,2048,locked,0.0
random2048,main,12,7,21460853,65536,initial,0.0
random2048,main,12,7,21460853,65536,locked,0.0
random2048,main,12,8,21460854,2048,initial,0.0
random2048,main,12,8,21460854,2048,locked,0.0
random2048,main,12,8,21460854,65536,initial,0.0
random2048,main,12,8,21460854,65536,locked,0.0
random2048,main,12,9,21460855,2048,initial,0.0
random2048,main,12,9,21460855,2048,locked,0.0
random2048,main,12,9,21460855,65536,initial,0.0
random2048,main,12,9,21460855,65536,locked,0.0
random2048,main,12,10,21460856,2048,initial,0.0
random2048,main,12,10,21460856,2048,locked,0.0
random2048,main,12,10,21460856,65536,initial,0.0
random2048,main,12,10,21460856,65536,locked,0.0
random2048,main,12,11,21460857,2048,initial,0.0
random2048,main,12,11,21460857,2048,locked,0.0
random2048,main,12,11,21460857,65536,initial,0.0
random2048,main,12,11,21460857,65536,locked,0.0
random2048,main,12,12,21460858,2048,initial,0.0
random2048,main,12,12,21460858,2048,locked,0.0
random2048,main,12,12,21460858,65536,initial,0.0
random2048,main,12,12,21460858,65536,locked,0.0
random2048,main,12,13,21460859,2048,initial,0.0
random2048,main,12,13,21460859,2048,locked,0.0
random2048,main,12,13,21460859,65536,initial,0.0
random2048,main,12,13,21460859,65536,locked,0.0
random2048,main,12,14,21460860,2048,initial,0.0
random2048,main,12,14,21460860,2048,locked,0.0
random2048,main,12,14,21460860,65536,initial,0.0
random2048,main,12,14,21460860,65536,locked,0.0
random2048,main,12,15,21460861,2048,initial,0.0
random2048,main,12,15,21460861,2048,locked,0.0
random2048,main,12,15,21460861,65536,initial,0.0
random2048,main,12,15,21460861,65536,locked,0.0
random2048,main,12,16,21460862,2048,initial,0.0
random2048,main,12,16,21460862,2048,locked,0.0
random2048,main,12,16,21460862,65536,initial,0.0
random2048,main,12,16,21460862,65536,locked,0.0
random2048,main,12,17,21460863,2048,initial,0.0
random2048,main,12,17,21460863,2048,locked,0.0
random2048,main,12,17,21460863,65536,initial,0.0
random2048,main,12,17,21460863,65536,locked,0.0
random2048,main,12,18,21460864,2048,initial,0.0
random2048,main,12,18,21460864,2048,locked,0.0
random2048,main,12,18,21460864,65536,initial,0.0
random2048,main,12,18,21460864,65536,locked,0.0
random2048,main,12,19,21460865,2048,initial,0.0
random2048,main,12,19,21460865,2048,locked,0.0
random2048,main,12,19,21460865,65536,initial,0.0
random2048,main,12,19,21460865,65536,locked,0.0
sequential,main,12,0,21470853,2048,initial,0.0
sequential,main,12,0,21470853,2048,locked,0.0
sequential,main,12,0,21470853,65536,initial,0.0
sequential,main,12,0,21470853,65536,locked,0.0
sequential,main,12,1,21470854,2048,initial,0.0
sequential,main,12,1,21470854,2048,locked,0.0
sequential,main,12,1,21470854,65536,initial,0.0
sequential,main,12,1,21470854,65536,locked,0.0
sequential,main,12,2,21470855,2048,initial,0.0
sequential,main,12,2,21470855,2048,locked,0.0
sequential,main,12,2,21470855,65536,initial,0.0
sequential,main,12,2,21470855,65536,locked,0.0
sequential,main,12,3,21470856,2048,initial,0.0
sequential,main,12,3,21470856,2048,locked,0.0
sequential,main,12,3,21470856,65536,initial,0.0
sequential,main,12,3,21470856,65536,locked,0.0
sequential,main,12,4,21470857,2048,initial,0.0
sequential,main,12,4,21470857,2048,locked,0.0
sequential,main,12,4,21470857,65536,initial,0.0
sequential,main,12,4,21470857,65536,locked,0.0
sequential,main,12,5,21470858,2048,initial,0.0
sequential,main,12,5,21470858,2048,locked,0.0
sequential,main,12,5,21470858,65536,initial,0.0
sequential,main,12,5,21470858,65536,locked,0.0
sequential,main,12,6,21470859,2048,initial,0.0
sequential,main,12,6,21470859,2048,locked,0.0
sequential,main,12,6,21470859,65536,initial,0.0
sequential,main,12,6,21470859,65536,locked,0.0
sequential,main,12,7,21470860,2048,initial,0.0
sequential,main,12,7,21470860,2048,locked,0.0
sequential,main,12,7,21470860,65536,initial,0.0
sequential,main,12,7,21470860,65536,locked,0.0
sequential,main,12,8,21470861,2048,initial,0.006666666666666667
sequential,main,12,8,21470861,2048,locked,0.0
sequential,main,12,8,21470861,65536,initial,0.006666666666666667
sequential,main,12,8,21470861,65536,locked,0.0
sequential,main,12,9,21470862,2048,initial,0.0
sequential,main,12,9,21470862,2048,locked,0.0
sequential,main,12,9,21470862,65536,initial,0.0
sequential,main,12,9,21470862,65536,locked,0.0
sequential,main,12,10,21470863,2048,initial,0.0
sequential,main,12,10,21470863,2048,locked,0.0
sequential,main,12,10,21470863,65536,initial,0.0
sequential,main,12,10,21470863,65536,locked,0.0
sequential,main,12,11,21470864,2048,initial,0.0
sequential,main,12,11,21470864,2048,locked,0.0
sequential,main,12,11,21470864,65536,initial,0.0
sequential,main,12,11,21470864,65536,locked,0.0
sequential,main,12,12,21470865,2048,initial,0.0
sequential,main,12,12,21470865,2048,locked,0.0
sequential,main,12,12,21470865,65536,initial,0.0
sequential,main,12,12,21470865,65536,locked,0.0
sequential,main,12,13,21470866,2048,initial,0.0
sequential,main,12,13,21470866,2048,locked,0.0
sequential,main,12,13,21470866,65536,initial,0.0
sequential,main,12,13,21470866,65536,locked,0.0
sequential,main,12,14,21470867,2048,initial,0.0
sequential,main,12,14,21470867,2048,locked,0.0
sequential,main,12,14,21470867,65536,initial,0.0
sequential,main,12,14,21470867,65536,locked,0.0
sequential,main,12,15,21470868,2048,initial,0.0
sequential,main,12,15,21470868,2048,locked,0.0
sequential,main,12,15,21470868,65536,initial,0.0
sequential,main,12,15,21470868,65536,locked,0.0
sequential,main,12,16,21470869,2048,initial,0.0
sequential,main,12,16,21470869,2048,locked,0.0
sequential,main,12,16,21470869,65536,initial,0.0
sequential,main,12,16,21470869,65536,locked,0.0
sequential,main,12,17,21470870,2048,initial,0.016666666666666666
sequential,main,12,17,21470870,2048,locked,0.0
sequential,main,12,17,21470870,65536,initial,0.016666666666666666
sequential,main,12,17,21470870,65536,locked,0.0
sequential,main,12,18,21470871,2048,initial,0.0
sequential,main,12,18,21470871,2048,locked,0.0
sequential,main,12,18,21470871,65536,initial,0.0
sequential,main,12,18,21470871,65536,locked,0.0
sequential,main,12,19,21470872,2048,initial,0.0
sequential,main,12,19,21470872,2048,locked,0.0
sequential,main,12,19,21470872,65536,initial,0.0
sequential,main,12,19,21470872,65536,locked,0.0
random2048,main,18,0,22060864,2048,initial,0.2
random2048,main,18,0,22060864,2048,locked,0.0
random2048,main,18,0,22060864,65536,initial,0.2
random2048,main,18,0,22060864,65536,locked,0.0
random2048,main,18,1,22060865,2048,initial,0.11666666666666667
random2048,main,18,1,22060865,2048,locked,0.0
random2048,main,18,1,22060865,65536,initial,0.11666666666666667
random2048,main,18,1,22060865,65536,locked,0.0
random2048,main,18,2,22060866,2048,initial,0.01
random2048,main,18,2,22060866,2048,locked,0.0
random2048,main,18,2,22060866,65536,initial,0.01
random2048,main,18,2,22060866,65536,locked,0.0
random2048,main,18,3,22060867,2048,initial,0.24
random2048,main,18,3,22060867,2048,locked,0.0
random2048,main,18,3,22060867,65536,initial,0.24
random2048,main,18,3,22060867,65536,locked,0.0
random2048,main,18,4,22060868,2048,initial,0.0033333333333333335
random2048,main,18,4,22060868,2048,locked,0.0
random2048,main,18,4,22060868,65536,initial,0.0033333333333333335
random2048,main,18,4,22060868,65536,locked,0.0
random2048,main,18,5,22060869,2048,initial,0.1
random2048,main,18,5,22060869,2048,locked,0.0
random2048,main,18,5,22060869,65536,initial,0.1
random2048,main,18,5,22060869,65536,locked,0.0
random2048,main,18,6,22060870,2048,initial,0.05
random2048,main,18,6,22060870,2048,locked,0.0
random2048,main,18,6,22060870,65536,initial,0.05
random2048,main,18,6,22060870,65536,locked,0.0
random2048,main,18,7,22060871,2048,initial,0.14666666666666667
random2048,main,18,7,22060871,2048,locked,0.0
random2048,main,18,7,22060871,65536,initial,0.14666666666666667
random2048,main,18,7,22060871,65536,locked,0.0
random2048,main,18,8,22060872,2048,initial,0.06666666666666667
random2048,main,18,8,22060872,2048,locked,0.0
random2048,main,18,8,22060872,65536,initial,0.06666666666666667
random2048,main,18,8,22060872,65536,locked,0.0
random2048,main,18,9,22060873,2048,initial,0.08333333333333333
random2048,main,18,9,22060873,2048,locked,0.0
random2048,main,18,9,22060873,65536,initial,0.08333333333333333
random2048,main,18,9,22060873,65536,locked,0.0
random2048,main,18,10,22060874,2048,initial,0.05333333333333334
random2048,main,18,10,22060874,2048,locked,0.0
random2048,main,18,10,22060874,65536,initial,0.05333333333333334
random2048,main,18,10,22060874,65536,locked,0.0
random2048,main,18,11,22060875,2048,initial,0.06333333333333334
random2048,main,18,11,22060875,2048,locked,0.0
random2048,main,18,11,22060875,65536,initial,0.06333333333333334
random2048,main,18,11,22060875,65536,locked,0.0
random2048,main,18,12,22060876,2048,initial,0.05333333333333334
random2048,main,18,12,22060876,2048,locked,0.0
random2048,main,18,12,22060876,65536,initial,0.05333333333333334
random2048,main,18,12,22060876,65536,locked,0.0
random2048,main,18,13,22060877,2048,initial,0.08333333333333333
random2048,main,18,13,22060877,2048,locked,0.0
random2048,main,18,13,22060877,65536,initial,0.08333333333333333
random2048,main,18,13,22060877,65536,locked,0.0
random2048,main,18,14,22060878,2048,initial,0.09
random2048,main,18,14,22060878,2048,locked,0.0
random2048,main,18,14,22060878,65536,initial,0.09
random2048,main,18,14,22060878,65536,locked,0.0
random2048,main,18,15,22060879,2048,initial,0.2
random2048,main,18,15,22060879,2048,locked,0.0
random2048,main,18,15,22060879,65536,initial,0.2
random2048,main,18,15,22060879,65536,locked,0.0
random2048,main,18,16,22060880,2048,initial,0.09333333333333334
random2048,main,18,16,22060880,2048,locked,0.0
random2048,main,18,16,22060880,65536,initial,0.09333333333333334
random2048,main,18,16,22060880,65536,locked,0.0
random2048,main,18,17,22060881,2048,initial,0.07
random2048,main,18,17,22060881,2048,locked,0.0
random2048,main,18,17,22060881,65536,initial,0.07
random2048,main,18,17,22060881,65536,locked,0.0
random2048,main,18,18,22060882,2048,initial,0.11333333333333333
random2048,main,18,18,22060882,2048,locked,0.0
random2048,main,18,18,22060882,65536,initial,0.11333333333333333
random2048,main,18,18,22060882,65536,locked,0.0
random2048,main,18,19,22060883,2048,initial,0.16333333333333333
random2048,main,18,19,22060883,2048,locked,0.0
random2048,main,18,19,22060883,65536,initial,0.16333333333333333
random2048,main,18,19,22060883,65536,locked,0.0
sequential,main,18,0,22070871,2048,initial,0.12333333333333334
sequential,main,18,0,22070871,2048,locked,0.0
sequential,main,18,0,22070871,65536,initial,0.12333333333333334
sequential,main,18,0,22070871,65536,locked,0.0
sequential,main,18,1,22070872,2048,initial,0.05
sequential,main,18,1,22070872,2048,locked,0.0
sequential,main,18,1,22070872,65536,initial,0.05
sequential,main,18,1,22070872,65536,locked,0.0
sequential,main,18,2,22070873,2048,initial,0.25333333333333335
sequential,main,18,2,22070873,2048,locked,0.0
sequential,main,18,2,22070873,65536,initial,0.25333333333333335
sequential,main,18,2,22070873,65536,locked,0.0
sequential,main,18,3,22070874,2048,initial,0.02
sequential,main,18,3,22070874,2048,locked,0.0
sequential,main,18,3,22070874,65536,initial,0.02
sequential,main,18,3,22070874,65536,locked,0.0
sequential,main,18,4,22070875,2048,initial,0.20666666666666667
sequential,main,18,4,22070875,2048,locked,0.0
sequential,main,18,4,22070875,65536,initial,0.20666666666666667
sequential,main,18,4,22070875,65536,locked,0.0
sequential,main,18,5,22070876,2048,initial,0.07666666666666666
sequential,main,18,5,22070876,2048,locked,0.0
sequential,main,18,5,22070876,65536,initial,0.07666666666666666
sequential,main,18,5,22070876,65536,locked,0.0
sequential,main,18,6,22070877,2048,initial,0.26666666666666666
sequential,main,18,6,22070877,2048,locked,0.0
sequential,main,18,6,22070877,65536,initial,0.26666666666666666
sequential,main,18,6,22070877,65536,locked,0.0
sequential,main,18,7,22070878,2048,initial,0.03
sequential,main,18,7,22070878,2048,locked,0.0
sequential,main,18,7,22070878,65536,initial,0.03
sequential,main,18,7,22070878,65536,locked,0.0
sequential,main,18,8,22070879,2048,initial,0.12666666666666668
sequential,main,18,8,22070879,2048,locked,0.0
sequential,main,18,8,22070879,65536,initial,0.12666666666666668
sequential,main,18,8,22070879,65536,locked,0.0
sequential,main,18,9,22070880,2048,initial,0.15
sequential,main,18,9,22070880,2048,locked,0.0
sequential,main,18,9,22070880,65536,initial,0.15
sequential,main,18,9,22070880,65536,locked,0.0
sequential,main,18,10,22070881,2048,initial,0.16666666666666666
sequential,main,18,10,22070881,2048,locked,0.0
sequential,main,18,10,22070881,65536,initial,0.16666666666666666
sequential,main,18,10,22070881,65536,locked,0.0
sequential,main,18,11,22070882,2048,initial,0.09666666666666666
sequential,main,18,11,22070882,2048,locked,0.0
sequential,main,18,11,22070882,65536,initial,0.09666666666666666
sequential,main,18,11,22070882,65536,locked,0.0
sequential,main,18,12,22070883,2048,initial,0.043333333333333335
sequential,main,18,12,22070883,2048,locked,0.0
sequential,main,18,12,22070883,65536,initial,0.043333333333333335
sequential,main,18,12,22070883,65536,locked,0.0
sequential,main,18,13,22070884,2048,initial,0.04666666666666667
sequential,main,18,13,22070884,2048,locked,0.0
sequential,main,18,13,22070884,65536,initial,0.04666666666666667
sequential,main,18,13,22070884,65536,locked,0.0
sequential,main,18,14,22070885,2048,initial,0.03333333333333333
sequential,main,18,14,22070885,2048,locked,0.0
sequential,main,18,14,22070885,65536,initial,0.03333333333333333
sequential,main,18,14,22070885,65536,locked,0.0
sequential,main,18,15,22070886,2048,initial,0.02
sequential,main,18,15,22070886,2048,locked,0.0
sequential,main,18,15,22070886,65536,initial,0.02
sequential,main,18,15,22070886,65536,locked,0.0
sequential,main,18,16,22070887,2048,initial,0.09666666666666666
sequential,main,18,16,22070887,2048,locked,0.0
sequential,main,18,16,22070887,65536,initial,0.09666666666666666
sequential,main,18,16,22070887,65536,locked,0.0
sequential,main,18,17,22070888,2048,initial,0.11
sequential,main,18,17,22070888,2048,locked,0.0
sequential,main,18,17,22070888,65536,initial,0.11
sequential,main,18,17,22070888,65536,locked,0.0
sequential,main,18,18,22070889,2048,initial,0.06333333333333334
sequential,main,18,18,22070889,2048,locked,0.0
sequential,main,18,18,22070889,65536,initial,0.06333333333333334
sequential,main,18,18,22070889,65536,locked,0.0
sequential,main,18,19,22070890,2048,initial,0.17666666666666667
sequential,main,18,19,22070890,2048,locked,0.0
sequential,main,18,19,22070890,65536,initial,0.17666666666666667
sequential,main,18,19,22070890,65536,locked,0.0
random2048,main,24,0,22660882,2048,initial,0.5533333333333333
random2048,main,24,0,22660882,2048,locked,0.0
random2048,main,24,0,22660882,65536,initial,0.5533333333333333
random2048,main,24,0,22660882,65536,locked,0.0
random2048,main,24,1,22660883,2048,initial,0.4533333333333333
random2048,main,24,1,22660883,2048,locked,0.0
random2048,main,24,1,22660883,65536,initial,0.4533333333333333
random2048,main,24,1,22660883,65536,locked,0.0
random2048,main,24,2,22660884,2048,initial,0.8133333333333334
random2048,main,24,2,22660884,2048,locked,0.0
random2048,main,24,2,22660884,65536,initial,0.8133333333333334
random2048,main,24,2,22660884,65536,locked,0.0
random2048,main,24,3,22660885,2048,initial,0.5033333333333333
random2048,main,24,3,22660885,2048,locked,0.0
random2048,main,24,3,22660885,65536,initial,0.5033333333333333
random2048,main,24,3,22660885,65536,locked,0.0
random2048,main,24,4,22660886,2048,initial,0.5333333333333333
random2048,main,24,4,22660886,2048,locked,0.0
random2048,main,24,4,22660886,65536,initial,0.5333333333333333
random2048,main,24,4,22660886,65536,locked,0.0
random2048,main,24,5,22660887,2048,initial,0.6866666666666666
random2048,main,24,5,22660887,2048,locked,0.0
random2048,main,24,5,22660887,65536,initial,0.6866666666666666
random2048,main,24,5,22660887,65536,locked,0.0
random2048,main,24,6,22660888,2048,initial,0.43333333333333335
random2048,main,24,6,22660888,2048,locked,0.0
random2048,main,24,6,22660888,65536,initial,0.43333333333333335
random2048,main,24,6,22660888,65536,locked,0.0
random2048,main,24,7,22660889,2048,initial,0.5233333333333333
random2048,main,24,7,22660889,2048,locked,0.0
random2048,main,24,7,22660889,65536,initial,0.5233333333333333
random2048,main,24,7,22660889,65536,locked,0.0
random2048,main,24,8,22660890,2048,initial,0.4533333333333333
random2048,main,24,8,22660890,2048,locked,0.0
random2048,main,24,8,22660890,65536,initial,0.4533333333333333
random2048,main,24,8,22660890,65536,locked,0.0
random2048,main,24,9,22660891,2048,initial,0.6633333333333333
random2048,main,24,9,22660891,2048,locked,0.0
random2048,main,24,9,22660891,65536,initial,0.6633333333333333
random2048,main,24,9,22660891,65536,locked,0.0
random2048,main,24,10,22660892,2048,initial,0.69
random2048,main,24,10,22660892,2048,locked,0.0
random2048,main,24,10,22660892,65536,initial,0.69
random2048,main,24,10,22660892,65536,locked,0.0
random2048,main,24,11,22660893,2048,initial,0.38666666666666666
random2048,main,24,11,22660893,2048,locked,0.0
random2048,main,24,11,22660893,65536,initial,0.38666666666666666
random2048,main,24,11,22660893,65536,locked,0.0
random2048,main,24,12,22660894,2048,initial,0.42333333333333334
random2048,main,24,12,22660894,2048,locked,0.0
random2048,main,24,12,22660894,65536,initial,0.42333333333333334
random2048,main,24,12,22660894,65536,locked,0.0
random2048,main,24,13,22660895,2048,initial,0.4266666666666667
random2048,main,24,13,22660895,2048,locked,0.0
random2048,main,24,13,22660895,65536,initial,0.4266666666666667
random2048,main,24,13,22660895,65536,locked,0.0
random2048,main,24,14,22660896,2048,initial,0.5933333333333334
random2048,main,24,14,22660896,2048,locked,0.0
random2048,main,24,14,22660896,65536,initial,0.5933333333333334
random2048,main,24,14,22660896,65536,locked,0.0
random2048,main,24,15,22660897,2048,initial,0.5133333333333333
random2048,main,24,15,22660897,2048,locked,0.0
random2048,main,24,15,22660897,65536,initial,0.5133333333333333
random2048,main,24,15,22660897,65536,locked,0.0
random2048,main,24,16,22660898,2048,initial,0.5666666666666667
random2048,main,24,16,22660898,2048,locked,0.0
random2048,main,24,16,22660898,65536,initial,0.5666666666666667
random2048,main,24,16,22660898,65536,locked,0.0
random2048,main,24,17,22660899,2048,initial,0.5333333333333333
random2048,main,24,17,22660899,2048,locked,0.0
random2048,main,24,17,22660899,65536,initial,0.5333333333333333
random2048,main,24,17,22660899,65536,locked,0.0
random2048,main,24,18,22660900,2048,initial,0.43333333333333335
random2048,main,24,18,22660900,2048,locked,0.0
random2048,main,24,18,22660900,65536,initial,0.43333333333333335
random2048,main,24,18,22660900,65536,locked,0.0
random2048,main,24,19,22660901,2048,initial,0.44666666666666666
random2048,main,24,19,22660901,2048,locked,0.0
random2048,main,24,19,22660901,65536,initial,0.44666666666666666
random2048,main,24,19,22660901,65536,locked,0.0
sequential,main,24,0,22670889,2048,initial,0.6566666666666666
sequential,main,24,0,22670889,2048,locked,0.0
sequential,main,24,0,22670889,65536,initial,0.6566666666666666
sequential,main,24,0,22670889,65536,locked,0.0
sequential,main,24,1,22670890,2048,initial,0.4533333333333333
sequential,main,24,1,22670890,2048,locked,0.0
sequential,main,24,1,22670890,65536,initial,0.4533333333333333
sequential,main,24,1,22670890,65536,locked,0.0
sequential,main,24,2,22670891,2048,initial,0.4533333333333333
sequential,main,24,2,22670891,2048,locked,0.0
sequential,main,24,2,22670891,65536,initial,0.4533333333333333
sequential,main,24,2,22670891,65536,locked,0.0
sequential,main,24,3,22670892,2048,initial,0.38333333333333336
sequential,main,24,3,22670892,2048,locked,0.0
sequential,main,24,3,22670892,65536,initial,0.38333333333333336
sequential,main,24,3,22670892,65536,locked,0.0
sequential,main,24,4,22670893,2048,initial,0.5433333333333333
sequential,main,24,4,22670893,2048,locked,0.0
sequential,main,24,4,22670893,65536,initial,0.5433333333333333
sequential,main,24,4,22670893,65536,locked,0.0
sequential,main,24,5,22670894,2048,initial,0.5266666666666666
sequential,main,24,5,22670894,2048,locked,0.0
sequential,main,24,5,22670894,65536,initial,0.5266666666666666
sequential,main,24,5,22670894,65536,locked,0.0
sequential,main,24,6,22670895,2048,initial,0.24
sequential,main,24,6,22670895,2048,locked,0.0
sequential,main,24,6,22670895,65536,initial,0.24
sequential,main,24,6,22670895,65536,locked,0.0
sequential,main,24,7,22670896,2048,initial,0.5633333333333334
sequential,main,24,7,22670896,2048,locked,0.0
sequential,main,24,7,22670896,65536,initial,0.5633333333333334
sequential,main,24,7,22670896,65536,locked,0.0
sequential,main,24,8,22670897,2048,initial,0.49666666666666665
sequential,main,24,8,22670897,2048,locked,0.0
sequential,main,24,8,22670897,65536,initial,0.49666666666666665
sequential,main,24,8,22670897,65536,locked,0.0
sequential,main,24,9,22670898,2048,initial,0.48
sequential,main,24,9,22670898,2048,locked,0.0
sequential,main,24,9,22670898,65536,initial,0.48
sequential,main,24,9,22670898,65536,locked,0.0
sequential,main,24,10,22670899,2048,initial,0.5733333333333334
sequential,main,24,10,22670899,2048,locked,0.0
sequential,main,24,10,22670899,65536,initial,0.5733333333333334
sequential,main,24,10,22670899,65536,locked,0.0
sequential,main,24,11,22670900,2048,initial,0.5566666666666666
sequential,main,24,11,22670900,2048,locked,0.0
sequential,main,24,11,22670900,65536,initial,0.5566666666666666
sequential,main,24,11,22670900,65536,locked,0.0
sequential,main,24,12,22670901,2048,initial,0.6233333333333333
sequential,main,24,12,22670901,2048,locked,0.0
sequential,main,24,12,22670901,65536,initial,0.6233333333333333
sequential,main,24,12,22670901,65536,locked,0.0
sequential,main,24,13,22670902,2048,initial,0.39
sequential,main,24,13,22670902,2048,locked,0.0
sequential,main,24,13,22670902,65536,initial,0.39
sequential,main,24,13,22670902,65536,locked,0.0
sequential,main,24,14,22670903,2048,initial,0.4666666666666667
sequential,main,24,14,22670903,2048,locked,0.0
sequential,main,24,14,22670903,65536,initial,0.4666666666666667
sequential,main,24,14,22670903,65536,locked,0.0
sequential,main,24,15,22670904,2048,initial,0.5333333333333333
sequential,main,24,15,22670904,2048,locked,0.0
sequential,main,24,15,22670904,65536,initial,0.5333333333333333
sequential,main,24,15,22670904,65536,locked,0.0
sequential,main,24,16,22670905,2048,initial,0.43333333333333335
sequential,main,24,16,22670905,2048,locked,0.0
sequential,main,24,16,22670905,65536,initial,0.43333333333333335
sequential,main,24,16,22670905,65536,locked,0.0
sequential,main,24,17,22670906,2048,initial,0.6366666666666667
sequential,main,24,17,22670906,2048,locked,0.0
sequential,main,24,17,22670906,65536,initial,0.6366666666666667
sequential,main,24,17,22670906,65536,locked,0.0
sequential,main,24,18,22670907,2048,initial,0.45666666666666667
sequential,main,24,18,22670907,2048,locked,0.0
sequential,main,24,18,22670907,65536,initial,0.45666666666666667
sequential,main,24,18,22670907,65536,locked,0.0
sequential,main,24,19,22670908,2048,initial,0.5466666666666666
sequential,main,24,19,22670908,2048,locked,0.0
sequential,main,24,19,22670908,65536,initial,0.5466666666666666
sequential,main,24,19,22670908,65536,locked,0.0
random2048,main,36,0,23860918,2048,initial,1.0
random2048,main,36,0,23860918,2048,locked,0.0
random2048,main,36,0,23860918,65536,initial,1.0
random2048,main,36,0,23860918,65536,locked,0.0
random2048,main,36,1,23860919,2048,initial,1.0
random2048,main,36,1,23860919,2048,locked,0.0
random2048,main,36,1,23860919,65536,initial,1.0
random2048,main,36,1,23860919,65536,locked,0.0
random2048,main,36,2,23860920,2048,initial,0.9566666666666667
random2048,main,36,2,23860920,2048,locked,0.0
random2048,main,36,2,23860920,65536,initial,0.9566666666666667
random2048,main,36,2,23860920,65536,locked,0.0
random2048,main,36,3,23860921,2048,initial,0.99
random2048,main,36,3,23860921,2048,locked,0.0
random2048,main,36,3,23860921,65536,initial,0.99
random2048,main,36,3,23860921,65536,locked,0.0
random2048,main,36,4,23860922,2048,initial,1.0
random2048,main,36,4,23860922,2048,locked,0.0
random2048,main,36,4,23860922,65536,initial,1.0
random2048,main,36,4,23860922,65536,locked,0.0
random2048,main,36,5,23860923,2048,initial,1.0
random2048,main,36,5,23860923,2048,locked,0.0
random2048,main,36,5,23860923,65536,initial,1.0
random2048,main,36,5,23860923,65536,locked,0.0
random2048,main,36,6,23860924,2048,initial,0.9966666666666667
random2048,main,36,6,23860924,2048,locked,0.0
random2048,main,36,6,23860924,65536,initial,0.9966666666666667
random2048,main,36,6,23860924,65536,locked,0.0
random2048,main,36,7,23860925,2048,initial,0.8666666666666667
random2048,main,36,7,23860925,2048,locked,0.0
random2048,main,36,7,23860925,65536,initial,0.8666666666666667
random2048,main,36,7,23860925,65536,locked,0.0
random2048,main,36,8,23860926,2048,initial,1.0
random2048,main,36,8,23860926,2048,locked,0.0
random2048,main,36,8,23860926,65536,initial,1.0
random2048,main,36,8,23860926,65536,locked,0.0
random2048,main,36,9,23860927,2048,initial,0.9166666666666666
random2048,main,36,9,23860927,2048,locked,0.0
random2048,main,36,9,23860927,65536,initial,0.9166666666666666
random2048,main,36,9,23860927,65536,locked,0.0
random2048,main,36,10,23860928,2048,initial,0.9333333333333333
random2048,main,36,10,23860928,2048,locked,0.0
random2048,main,36,10,23860928,65536,initial,0.9333333333333333
random2048,main,36,10,23860928,65536,locked,0.0
random2048,main,36,11,23860929,2048,initial,1.0
random2048,main,36,11,23860929,2048,locked,0.0
random2048,main,36,11,23860929,65536,initial,1.0
random2048,main,36,11,23860929,65536,locked,0.0
random2048,main,36,12,23860930,2048,initial,1.0
random2048,main,36,12,23860930,2048,locked,0.0
random2048,main,36,12,23860930,65536,initial,1.0
random2048,main,36,12,23860930,65536,locked,0.0
random2048,main,36,13,23860931,2048,initial,0.9733333333333334
random2048,main,36,13,23860931,2048,locked,0.0
random2048,main,36,13,23860931,65536,initial,0.9733333333333334
random2048,main,36,13,23860931,65536,locked,0.0
random2048,main,36,14,23860932,2048,initial,1.0
random2048,main,36,14,23860932,2048,locked,0.0
random2048,main,36,14,23860932,65536,initial,1.0
random2048,main,36,14,23860932,65536,locked,0.0
random2048,main,36,15,23860933,2048,initial,0.9833333333333333
random2048,main,36,15,23860933,2048,locked,0.0
random2048,main,36,15,23860933,65536,initial,0.9833333333333333
random2048,main,36,15,23860933,65536,locked,0.0
random2048,main,36,16,23860934,2048,initial,0.96
random2048,main,36,16,23860934,2048,locked,0.0
random2048,main,36,16,23860934,65536,initial,0.96
random2048,main,36,16,23860934,65536,locked,0.0
random2048,main,36,17,23860935,2048,initial,1.0
random2048,main,36,17,23860935,2048,locked,0.0
random2048,main,36,17,23860935,65536,initial,1.0
random2048,main,36,17,23860935,65536,locked,0.0
random2048,main,36,18,23860936,2048,initial,0.9866666666666667
random2048,main,36,18,23860936,2048,locked,0.0
random2048,main,36,18,23860936,65536,initial,0.9866666666666667
random2048,main,36,18,23860936,65536,locked,0.0
random2048,main,36,19,23860937,2048,initial,0.9833333333333333
random2048,main,36,19,23860937,2048,locked,0.0
random2048,main,36,19,23860937,65536,initial,0.9833333333333333
random2048,main,36,19,23860937,65536,locked,0.0
sequential,main,36,0,23870925,2048,initial,0.9866666666666667
sequential,main,36,0,23870925,2048,locked,0.0
sequential,main,36,0,23870925,65536,initial,0.9866666666666667
sequential,main,36,0,23870925,65536,locked,0.0
sequential,main,36,1,23870926,2048,initial,1.0
sequential,main,36,1,23870926,2048,locked,0.0
sequential,main,36,1,23870926,65536,initial,1.0
sequential,main,36,1,23870926,65536,locked,0.0
sequential,main,36,2,23870927,2048,initial,0.97
sequential,main,36,2,23870927,2048,locked,0.0
sequential,main,36,2,23870927,65536,initial,0.97
sequential,main,36,2,23870927,65536,locked,0.0
sequential,main,36,3,23870928,2048,initial,0.9766666666666667
sequential,main,36,3,23870928,2048,locked,0.0
sequential,main,36,3,23870928,65536,initial,0.9766666666666667
sequential,main,36,3,23870928,65536,locked,0.0
sequential,main,36,4,23870929,2048,initial,1.0
sequential,main,36,4,23870929,2048,locked,0.0
sequential,main,36,4,23870929,65536,initial,1.0
sequential,main,36,4,23870929,65536,locked,0.0
sequential,main,36,5,23870930,2048,initial,1.0
sequential,main,36,5,23870930,2048,locked,0.0
sequential,main,36,5,23870930,65536,initial,1.0
sequential,main,36,5,23870930,65536,locked,0.0
sequential,main,36,6,23870931,2048,initial,0.94
sequential,main,36,6,23870931,2048,locked,0.0
sequential,main,36,6,23870931,65536,initial,0.94
sequential,main,36,6,23870931,65536,locked,0.0
sequential,main,36,7,23870932,2048,initial,1.0
sequential,main,36,7,23870932,2048,locked,0.0
sequential,main,36,7,23870932,65536,initial,1.0
sequential,main,36,7,23870932,65536,locked,0.0
sequential,main,36,8,23870933,2048,initial,1.0
sequential,main,36,8,23870933,2048,locked,0.0
sequential,main,36,8,23870933,65536,initial,1.0
sequential,main,36,8,23870933,65536,locked,0.0
sequential,main,36,9,23870934,2048,initial,0.9466666666666667
sequential,main,36,9,23870934,2048,locked,0.0
sequential,main,36,9,23870934,65536,initial,0.9466666666666667
sequential,main,36,9,23870934,65536,locked,0.0
sequential,main,36,10,23870935,2048,initial,0.9666666666666667
sequential,main,36,10,23870935,2048,locked,0.0
sequential,main,36,10,23870935,65536,initial,0.9666666666666667
sequential,main,36,10,23870935,65536,locked,0.0
sequential,main,36,11,23870936,2048,initial,1.0
sequential,main,36,11,23870936,2048,locked,0.0
sequential,main,36,11,23870936,65536,initial,1.0
sequential,main,36,11,23870936,65536,locked,0.0
sequential,main,36,12,23870937,2048,initial,0.9533333333333334
sequential,main,36,12,23870937,2048,locked,0.0
sequential,main,36,12,23870937,65536,initial,0.9533333333333334
sequential,main,36,12,23870937,65536,locked,0.0
sequential,main,36,13,23870938,2048,initial,0.96
sequential,main,36,13,23870938,2048,locked,0.0
sequential,main,36,13,23870938,65536,initial,0.96
sequential,main,36,13,23870938,65536,locked,0.0
sequential,main,36,14,23870939,2048,initial,0.9466666666666667
sequential,main,36,14,23870939,2048,locked,0.0
sequential,main,36,14,23870939,65536,initial,0.9466666666666667
sequential,main,36,14,23870939,65536,locked,0.0
sequential,main,36,15,23870940,2048,initial,0.9066666666666666
sequential,main,36,15,23870940,2048,locked,0.0
sequential,main,36,15,23870940,65536,initial,0.9066666666666666
sequential,main,36,15,23870940,65536,locked,0.0
sequential,main,36,16,23870941,2048,initial,1.0
sequential,main,36,16,23870941,2048,locked,0.0
sequential,main,36,16,23870941,65536,initial,1.0
sequential,main,36,16,23870941,65536,locked,0.0
sequential,main,36,17,23870942,2048,initial,1.0
sequential,main,36,17,23870942,2048,locked,0.0
sequential,main,36,17,23870942,65536,initial,1.0
sequential,main,36,17,23870942,65536,locked,0.0
sequential,main,36,18,23870943,2048,initial,0.9966666666666667
sequential,main,36,18,23870943,2048,locked,0.0
sequential,main,36,18,23870943,65536,initial,0.9966666666666667
sequential,main,36,18,23870943,65536,locked,0.0
sequential,main,36,19,23870944,2048,initial,0.9633333333333334
sequential,main,36,19,23870944,2048,locked,0.0
sequential,main,36,19,23870944,65536,initial,0.9633333333333334
sequential,main,36,19,23870944,65536,locked,0.0
random2048,main,60,0,26260990,2048,initial,1.0
random2048,main,60,0,26260990,2048,locked,0.02
random2048,main,60,0,26260990,65536,initial,1.0
random2048,main,60,0,26260990,65536,locked,0.02
random2048,main,60,1,26260991,2048,initial,1.0
random2048,main,60,1,26260991,2048,locked,0.35
random2048,main,60,1,26260991,65536,initial,1.0
random2048,main,60,1,26260991,65536,locked,0.35333333333333333
random2048,main,60,2,26260992,2048,initial,1.0
random2048,main,60,2,26260992,2048,locked,0.12
random2048,main,60,2,26260992,65536,initial,1.0
random2048,main,60,2,26260992,65536,locked,0.19
random2048,main,60,3,26260993,2048,initial,1.0
random2048,main,60,3,26260993,2048,locked,0.24333333333333335
random2048,main,60,3,26260993,65536,initial,1.0
random2048,main,60,3,26260993,65536,locked,0.2866666666666667
random2048,main,60,4,26260994,2048,initial,1.0
random2048,main,60,4,26260994,2048,locked,0.4633333333333333
random2048,main,60,4,26260994,65536,initial,1.0
random2048,main,60,4,26260994,65536,locked,0.51
random2048,main,60,5,26260995,2048,initial,1.0
random2048,main,60,5,26260995,2048,locked,0.0
random2048,main,60,5,26260995,65536,initial,1.0
random2048,main,60,5,26260995,65536,locked,0.01
random2048,main,60,6,26260996,2048,initial,1.0
random2048,main,60,6,26260996,2048,locked,0.17666666666666667
random2048,main,60,6,26260996,65536,initial,1.0
random2048,main,60,6,26260996,65536,locked,0.22
random2048,main,60,7,26260997,2048,initial,1.0
random2048,main,60,7,26260997,2048,locked,0.18666666666666668
random2048,main,60,7,26260997,65536,initial,1.0
random2048,main,60,7,26260997,65536,locked,0.19333333333333333
random2048,main,60,8,26260998,2048,initial,1.0
random2048,main,60,8,26260998,2048,locked,0.17
random2048,main,60,8,26260998,65536,initial,1.0
random2048,main,60,8,26260998,65536,locked,0.2833333333333333
random2048,main,60,9,26260999,2048,initial,1.0
random2048,main,60,9,26260999,2048,locked,0.10333333333333333
random2048,main,60,9,26260999,65536,initial,1.0
random2048,main,60,9,26260999,65536,locked,0.17333333333333334
random2048,main,60,10,26261000,2048,initial,1.0
random2048,main,60,10,26261000,2048,locked,0.03666666666666667
random2048,main,60,10,26261000,65536,initial,1.0
random2048,main,60,10,26261000,65536,locked,0.07333333333333333
random2048,main,60,11,26261001,2048,initial,1.0
random2048,main,60,11,26261001,2048,locked,0.03333333333333333
random2048,main,60,11,26261001,65536,initial,1.0
random2048,main,60,11,26261001,65536,locked,0.12333333333333334
random2048,main,60,12,26261002,2048,initial,1.0
random2048,main,60,12,26261002,2048,locked,0.09666666666666666
random2048,main,60,12,26261002,65536,initial,1.0
random2048,main,60,12,26261002,65536,locked,0.19
random2048,main,60,13,26261003,2048,initial,1.0
random2048,main,60,13,26261003,2048,locked,0.15
random2048,main,60,13,26261003,65536,initial,1.0
random2048,main,60,13,26261003,65536,locked,0.15666666666666668
random2048,main,60,14,26261004,2048,initial,1.0
random2048,main,60,14,26261004,2048,locked,0.06
random2048,main,60,14,26261004,65536,initial,1.0
random2048,main,60,14,26261004,65536,locked,0.08
random2048,main,60,15,26261005,2048,initial,1.0
random2048,main,60,15,26261005,2048,locked,0.25333333333333335
random2048,main,60,15,26261005,65536,initial,1.0
random2048,main,60,15,26261005,65536,locked,0.29
random2048,main,60,16,26261006,2048,initial,1.0
random2048,main,60,16,26261006,2048,locked,0.5033333333333333
random2048,main,60,16,26261006,65536,initial,1.0
random2048,main,60,16,26261006,65536,locked,0.5166666666666667
random2048,main,60,17,26261007,2048,initial,1.0
random2048,main,60,17,26261007,2048,locked,0.31333333333333335
random2048,main,60,17,26261007,65536,initial,1.0
random2048,main,60,17,26261007,65536,locked,0.37666666666666665
random2048,main,60,18,26261008,2048,initial,1.0
random2048,main,60,18,26261008,2048,locked,0.15333333333333332
random2048,main,60,18,26261008,65536,initial,1.0
random2048,main,60,18,26261008,65536,locked,0.19333333333333333
random2048,main,60,19,26261009,2048,initial,1.0
random2048,main,60,19,26261009,2048,locked,0.44
random2048,main,60,19,26261009,65536,initial,1.0
random2048,main,60,19,26261009,65536,locked,0.57
sequential,main,60,0,26270997,2048,initial,1.0
sequential,main,60,0,26270997,2048,locked,0.42333333333333334
sequential,main,60,0,26270997,65536,initial,1.0
sequential,main,60,0,26270997,65536,locked,0.42333333333333334
sequential,main,60,1,26270998,2048,initial,1.0
sequential,main,60,1,26270998,2048,locked,0.21666666666666667
sequential,main,60,1,26270998,65536,initial,1.0
sequential,main,60,1,26270998,65536,locked,0.21666666666666667
sequential,main,60,2,26270999,2048,initial,1.0
sequential,main,60,2,26270999,2048,locked,0.4266666666666667
sequential,main,60,2,26270999,65536,initial,1.0
sequential,main,60,2,26270999,65536,locked,0.4266666666666667
sequential,main,60,3,26271000,2048,initial,1.0
sequential,main,60,3,26271000,2048,locked,0.44333333333333336
sequential,main,60,3,26271000,65536,initial,1.0
sequential,main,60,3,26271000,65536,locked,0.44333333333333336
sequential,main,60,4,26271001,2048,initial,1.0
sequential,main,60,4,26271001,2048,locked,0.4166666666666667
sequential,main,60,4,26271001,65536,initial,1.0
sequential,main,60,4,26271001,65536,locked,0.4166666666666667
sequential,main,60,5,26271002,2048,initial,1.0
sequential,main,60,5,26271002,2048,locked,0.63
sequential,main,60,5,26271002,65536,initial,1.0
sequential,main,60,5,26271002,65536,locked,0.63
sequential,main,60,6,26271003,2048,initial,1.0
sequential,main,60,6,26271003,2048,locked,0.25666666666666665
sequential,main,60,6,26271003,65536,initial,1.0
sequential,main,60,6,26271003,65536,locked,0.25666666666666665
sequential,main,60,7,26271004,2048,initial,1.0
sequential,main,60,7,26271004,2048,locked,0.35
sequential,main,60,7,26271004,65536,initial,1.0
sequential,main,60,7,26271004,65536,locked,0.35
sequential,main,60,8,26271005,2048,initial,1.0
sequential,main,60,8,26271005,2048,locked,0.21666666666666667
sequential,main,60,8,26271005,65536,initial,1.0
sequential,main,60,8,26271005,65536,locked,0.21666666666666667
sequential,main,60,9,26271006,2048,initial,1.0
sequential,main,60,9,26271006,2048,locked,0.12666666666666668
sequential,main,60,9,26271006,65536,initial,1.0
sequential,main,60,9,26271006,65536,locked,0.12666666666666668
sequential,main,60,10,26271007,2048,initial,1.0
sequential,main,60,10,26271007,2048,locked,0.21666666666666667
sequential,main,60,10,26271007,65536,initial,1.0
sequential,main,60,10,26271007,65536,locked,0.21666666666666667
sequential,main,60,11,26271008,2048,initial,1.0
sequential,main,60,11,26271008,2048,locked,0.12666666666666668
sequential,main,60,11,26271008,65536,initial,1.0
sequential,main,60,11,26271008,65536,locked,0.12666666666666668
sequential,main,60,12,26271009,2048,initial,1.0
sequential,main,60,12,26271009,2048,locked,0.043333333333333335
sequential,main,60,12,26271009,65536,initial,1.0
sequential,main,60,12,26271009,65536,locked,0.043333333333333335
sequential,main,60,13,26271010,2048,initial,1.0
sequential,main,60,13,26271010,2048,locked,0.13666666666666666
sequential,main,60,13,26271010,65536,initial,1.0
sequential,main,60,13,26271010,65536,locked,0.13666666666666666
sequential,main,60,14,26271011,2048,initial,1.0
sequential,main,60,14,26271011,2048,locked,0.4
sequential,main,60,14,26271011,65536,initial,1.0
sequential,main,60,14,26271011,65536,locked,0.4
sequential,main,60,15,26271012,2048,initial,1.0
sequential,main,60,15,26271012,2048,locked,0.49
sequential,main,60,15,26271012,65536,initial,1.0
sequential,main,60,15,26271012,65536,locked,0.49
sequential,main,60,16,26271013,2048,initial,1.0
sequential,main,60,16,26271013,2048,locked,0.43666666666666665
sequential,main,60,16,26271013,65536,initial,1.0
sequential,main,60,16,26271013,65536,locked,0.43666666666666665
sequential,main,60,17,26271014,2048,initial,1.0
sequential,main,60,17,26271014,2048,locked,0.25666666666666665
sequential,main,60,17,26271014,65536,initial,1.0
sequential,main,60,17,26271014,65536,locked,0.25666666666666665
sequential,main,60,18,26271015,2048,initial,1.0
sequential,main,60,18,26271015,2048,locked,0.5366666666666666
sequential,main,60,18,26271015,65536,initial,1.0
sequential,main,60,18,26271015,65536,locked,0.5366666666666666
sequential,main,60,19,26271016,2048,initial,1.0
sequential,main,60,19,26271016,2048,locked,0.30666666666666664
sequential,main,60,19,26271016,65536,initial,1.0
sequential,main,60,19,26271016,65536,locked,0.30666666666666664
random2048,main,120,0,32261170,2048,initial,1.0
random2048,main,120,0,32261170,2048,locked,1.0
random2048,main,120,0,32261170,65536,initial,1.0
random2048,main,120,0,32261170,65536,locked,1.0
random2048,main,120,1,32261171,2048,initial,1.0
random2048,main,120,1,32261171,2048,locked,1.0
random2048,main,120,1,32261171,65536,initial,1.0
random2048,main,120,1,32261171,65536,locked,1.0
random2048,main,120,2,32261172,2048,initial,1.0
random2048,main,120,2,32261172,2048,locked,1.0
random2048,main,120,2,32261172,65536,initial,1.0
random2048,main,120,2,32261172,65536,locked,1.0
random2048,main,120,3,32261173,2048,initial,1.0
random2048,main,120,3,32261173,2048,locked,1.0
random2048,main,120,3,32261173,65536,initial,1.0
random2048,main,120,3,32261173,65536,locked,1.0
random2048,main,120,4,32261174,2048,initial,1.0
random2048,main,120,4,32261174,2048,locked,1.0
random2048,main,120,4,32261174,65536,initial,1.0
random2048,main,120,4,32261174,65536,locked,1.0
random2048,main,120,5,32261175,2048,initial,1.0
random2048,main,120,5,32261175,2048,locked,1.0
random2048,main,120,5,32261175,65536,initial,1.0
random2048,main,120,5,32261175,65536,locked,1.0
random2048,main,120,6,32261176,2048,initial,1.0
random2048,main,120,6,32261176,2048,locked,1.0
random2048,main,120,6,32261176,65536,initial,1.0
random2048,main,120,6,32261176,65536,locked,1.0
random2048,main,120,7,32261177,2048,initial,1.0
random2048,main,120,7,32261177,2048,locked,1.0
random2048,main,120,7,32261177,65536,initial,1.0
random2048,main,120,7,32261177,65536,locked,1.0
random2048,main,120,8,32261178,2048,initial,1.0
random2048,main,120,8,32261178,2048,locked,1.0
random2048,main,120,8,32261178,65536,initial,1.0
random2048,main,120,8,32261178,65536,locked,1.0
random2048,main,120,9,32261179,2048,initial,1.0
random2048,main,120,9,32261179,2048,locked,1.0
random2048,main,120,9,32261179,65536,initial,1.0
random2048,main,120,9,32261179,65536,locked,1.0
random2048,main,120,10,32261180,2048,initial,1.0
random2048,main,120,10,32261180,2048,locked,1.0
random2048,main,120,10,32261180,65536,initial,1.0
random2048,main,120,10,32261180,65536,locked,1.0
random2048,main,120,11,32261181,2048,initial,1.0
random2048,main,120,11,32261181,2048,locked,1.0
random2048,main,120,11,32261181,65536,initial,1.0
random2048,main,120,11,32261181,65536,locked,1.0
random2048,main,120,12,32261182,2048,initial,1.0
random2048,main,120,12,32261182,2048,locked,1.0
random2048,main,120,12,32261182,65536,initial,1.0
random2048,main,120,12,32261182,65536,locked,1.0
random2048,main,120,13,32261183,2048,initial,1.0
random2048,main,120,13,32261183,2048,locked,1.0
random2048,main,120,13,32261183,65536,initial,1.0
random2048,main,120,13,32261183,65536,locked,1.0
random2048,main,120,14,32261184,2048,initial,1.0
random2048,main,120,14,32261184,2048,locked,1.0
random2048,main,120,14,32261184,65536,initial,1.0
random2048,main,120,14,32261184,65536,locked,1.0
random2048,main,120,15,32261185,2048,initial,1.0
random2048,main,120,15,32261185,2048,locked,1.0
random2048,main,120,15,32261185,65536,initial,1.0
random2048,main,120,15,32261185,65536,locked,1.0
random2048,main,120,16,32261186,2048,initial,1.0
random2048,main,120,16,32261186,2048,locked,1.0
random2048,main,120,16,32261186,65536,initial,1.0
random2048,main,120,16,32261186,65536,locked,1.0
random2048,main,120,17,32261187,2048,initial,1.0
random2048,main,120,17,32261187,2048,locked,1.0
random2048,main,120,17,32261187,65536,initial,1.0
random2048,main,120,17,32261187,65536,locked,1.0
random2048,main,120,18,32261188,2048,initial,1.0
random2048,main,120,18,32261188,2048,locked,1.0
random2048,main,120,18,32261188,65536,initial,1.0
random2048,main,120,18,32261188,65536,locked,1.0
random2048,main,120,19,32261189,2048,initial,1.0
random2048,main,120,19,32261189,2048,locked,1.0
random2048,main,120,19,32261189,65536,initial,1.0
random2048,main,120,19,32261189,65536,locked,1.0
sequential,main,120,0,32271177,2048,initial,1.0
sequential,main,120,0,32271177,2048,locked,1.0
sequential,main,120,0,32271177,65536,initial,1.0
sequential,main,120,0,32271177,65536,locked,1.0
sequential,main,120,1,32271178,2048,initial,1.0
sequential,main,120,1,32271178,2048,locked,1.0
sequential,main,120,1,32271178,65536,initial,1.0
sequential,main,120,1,32271178,65536,locked,1.0
sequential,main,120,2,32271179,2048,initial,1.0
sequential,main,120,2,32271179,2048,locked,1.0
sequential,main,120,2,32271179,65536,initial,1.0
sequential,main,120,2,32271179,65536,locked,1.0
sequential,main,120,3,32271180,2048,initial,1.0
sequential,main,120,3,32271180,2048,locked,1.0
sequential,main,120,3,32271180,65536,initial,1.0
sequential,main,120,3,32271180,65536,locked,1.0
sequential,main,120,4,32271181,2048,initial,1.0
sequential,main,120,4,32271181,2048,locked,1.0
sequential,main,120,4,32271181,65536,initial,1.0
sequential,main,120,4,32271181,65536,locked,1.0
sequential,main,120,5,32271182,2048,initial,1.0
sequential,main,120,5,32271182,2048,locked,1.0
sequential,main,120,5,32271182,65536,initial,1.0
sequential,main,120,5,32271182,65536,locked,1.0
sequential,main,120,6,32271183,2048,initial,1.0
sequential,main,120,6,32271183,2048,locked,1.0
sequential,main,120,6,32271183,65536,initial,1.0
sequential,main,120,6,32271183,65536,locked,1.0
sequential,main,120,7,32271184,2048,initial,1.0
sequential,main,120,7,32271184,2048,locked,1.0
sequential,main,120,7,32271184,65536,initial,1.0
sequential,main,120,7,32271184,65536,locked,1.0
sequential,main,120,8,32271185,2048,initial,1.0
sequential,main,120,8,32271185,2048,locked,1.0
sequential,main,120,8,32271185,65536,initial,1.0
sequential,main,120,8,32271185,65536,locked,1.0
sequential,main,120,9,32271186,2048,initial,1.0
sequential,main,120,9,32271186,2048,locked,1.0
sequential,main,120,9,32271186,65536,initial,1.0
sequential,main,120,9,32271186,65536,locked,1.0
sequential,main,120,10,32271187,2048,initial,1.0
sequential,main,120,10,32271187,2048,locked,1.0
sequential,main,120,10,32271187,65536,initial,1.0
sequential,main,120,10,32271187,65536,locked,1.0
sequential,main,120,11,32271188,2048,initial,1.0
sequential,main,120,11,32271188,2048,locked,1.0
sequential,main,120,11,32271188,65536,initial,1.0
sequential,main,120,11,32271188,65536,locked,1.0
sequential,main,120,12,32271189,2048,initial,1.0
sequential,main,120,12,32271189,2048,locked,1.0
sequential,main,120,12,32271189,65536,initial,1.0
sequential,main,120,12,32271189,65536,locked,1.0
sequential,main,120,13,32271190,2048,initial,1.0
sequential,main,120,13,32271190,2048,locked,1.0
sequential,main,120,13,32271190,65536,initial,1.0
sequential,main,120,13,32271190,65536,locked,1.0
sequential,main,120,14,32271191,2048,initial,1.0
sequential,main,120,14,32271191,2048,locked,1.0
sequential,main,120,14,32271191,65536,initial,1.0
sequential,main,120,14,32271191,65536,locked,1.0
sequential,main,120,15,32271192,2048,initial,1.0
sequential,main,120,15,32271192,2048,locked,1.0
sequential,main,120,15,32271192,65536,initial,1.0
sequential,main,120,15,32271192,65536,locked,1.0
sequential,main,120,16,32271193,2048,initial,1.0
sequential,main,120,16,32271193,2048,locked,1.0
sequential,main,120,16,32271193,65536,initial,1.0
sequential,main,120,16,32271193,65536,locked,1.0
sequential,main,120,17,32271194,2048,initial,1.0
sequential,main,120,17,32271194,2048,locked,1.0
sequential,main,120,17,32271194,65536,initial,1.0
sequential,main,120,17,32271194,65536,locked,1.0
sequential,main,120,18,32271195,2048,initial,1.0
sequential,main,120,18,32271195,2048,locked,1.0
sequential,main,120,18,32271195,65536,initial,1.0
sequential,main,120,18,32271195,65536,locked,1.0
sequential,main,120,19,32271196,2048,initial,1.0
sequential,main,120,19,32271196,2048,locked,1.0
sequential,main,120,19,32271196,65536,initial,1.0
sequential,main,120,19,32271196,65536,locked,1.0
random2048,main,300,0,50261710,2048,initial,1.0
random2048,main,300,0,50261710,2048,locked,0.9966666666666667
random2048,main,300,0,50261710,65536,initial,1.0
random2048,main,300,0,50261710,65536,locked,1.0
random2048,main,300,1,50261711,2048,initial,1.0
random2048,main,300,1,50261711,2048,locked,1.0
random2048,main,300,1,50261711,65536,initial,1.0
random2048,main,300,1,50261711,65536,locked,1.0
random2048,main,300,2,50261712,2048,initial,1.0
random2048,main,300,2,50261712,2048,locked,1.0
random2048,main,300,2,50261712,65536,initial,1.0
random2048,main,300,2,50261712,65536,locked,1.0
random2048,main,300,3,50261713,2048,initial,1.0
random2048,main,300,3,50261713,2048,locked,1.0
random2048,main,300,3,50261713,65536,initial,1.0
random2048,main,300,3,50261713,65536,locked,1.0
random2048,main,300,4,50261714,2048,initial,1.0
random2048,main,300,4,50261714,2048,locked,0.8966666666666666
random2048,main,300,4,50261714,65536,initial,1.0
random2048,main,300,4,50261714,65536,locked,1.0
random2048,main,300,5,50261715,2048,initial,1.0
random2048,main,300,5,50261715,2048,locked,1.0
random2048,main,300,5,50261715,65536,initial,1.0
random2048,main,300,5,50261715,65536,locked,1.0
random2048,main,300,6,50261716,2048,initial,1.0
random2048,main,300,6,50261716,2048,locked,1.0
random2048,main,300,6,50261716,65536,initial,1.0
random2048,main,300,6,50261716,65536,locked,1.0
random2048,main,300,7,50261717,2048,initial,1.0
random2048,main,300,7,50261717,2048,locked,1.0
random2048,main,300,7,50261717,65536,initial,1.0
random2048,main,300,7,50261717,65536,locked,1.0
random2048,main,300,8,50261718,2048,initial,1.0
random2048,main,300,8,50261718,2048,locked,1.0
random2048,main,300,8,50261718,65536,initial,1.0
random2048,main,300,8,50261718,65536,locked,1.0
random2048,main,300,9,50261719,2048,initial,1.0
random2048,main,300,9,50261719,2048,locked,1.0
random2048,main,300,9,50261719,65536,initial,1.0
random2048,main,300,9,50261719,65536,locked,1.0
random2048,main,300,10,50261720,2048,initial,1.0
random2048,main,300,10,50261720,2048,locked,0.9966666666666667
random2048,main,300,10,50261720,65536,initial,1.0
random2048,main,300,10,50261720,65536,locked,1.0
random2048,main,300,11,50261721,2048,initial,1.0
random2048,main,300,11,50261721,2048,locked,1.0
random2048,main,300,11,50261721,65536,initial,1.0
random2048,main,300,11,50261721,65536,locked,1.0
random2048,main,300,12,50261722,2048,initial,1.0
random2048,main,300,12,50261722,2048,locked,0.7533333333333333
random2048,main,300,12,50261722,65536,initial,1.0
random2048,main,300,12,50261722,65536,locked,1.0
random2048,main,300,13,50261723,2048,initial,1.0
random2048,main,300,13,50261723,2048,locked,1.0
random2048,main,300,13,50261723,65536,initial,1.0
random2048,main,300,13,50261723,65536,locked,1.0
random2048,main,300,14,50261724,2048,initial,1.0
random2048,main,300,14,50261724,2048,locked,1.0
random2048,main,300,14,50261724,65536,initial,1.0
random2048,main,300,14,50261724,65536,locked,1.0
random2048,main,300,15,50261725,2048,initial,1.0
random2048,main,300,15,50261725,2048,locked,0.9866666666666667
random2048,main,300,15,50261725,65536,initial,1.0
random2048,main,300,15,50261725,65536,locked,1.0
random2048,main,300,16,50261726,2048,initial,1.0
random2048,main,300,16,50261726,2048,locked,0.9966666666666667
random2048,main,300,16,50261726,65536,initial,1.0
random2048,main,300,16,50261726,65536,locked,1.0
random2048,main,300,17,50261727,2048,initial,1.0
random2048,main,300,17,50261727,2048,locked,1.0
random2048,main,300,17,50261727,65536,initial,1.0
random2048,main,300,17,50261727,65536,locked,1.0
random2048,main,300,18,50261728,2048,initial,1.0
random2048,main,300,18,50261728,2048,locked,1.0
random2048,main,300,18,50261728,65536,initial,1.0
random2048,main,300,18,50261728,65536,locked,1.0
random2048,main,300,19,50261729,2048,initial,1.0
random2048,main,300,19,50261729,2048,locked,0.96
random2048,main,300,19,50261729,65536,initial,1.0
random2048,main,300,19,50261729,65536,locked,1.0
sequential,main,300,0,50271717,2048,initial,1.0
sequential,main,300,0,50271717,2048,locked,1.0
sequential,main,300,0,50271717,65536,initial,1.0
sequential,main,300,0,50271717,65536,locked,1.0
sequential,main,300,1,50271718,2048,initial,1.0
sequential,main,300,1,50271718,2048,locked,1.0
sequential,main,300,1,50271718,65536,initial,1.0
sequential,main,300,1,50271718,65536,locked,1.0
sequential,main,300,2,50271719,2048,initial,1.0
sequential,main,300,2,50271719,2048,locked,1.0
sequential,main,300,2,50271719,65536,initial,1.0
sequential,main,300,2,50271719,65536,locked,1.0
sequential,main,300,3,50271720,2048,initial,1.0
sequential,main,300,3,50271720,2048,locked,1.0
sequential,main,300,3,50271720,65536,initial,1.0
sequential,main,300,3,50271720,65536,locked,1.0
sequential,main,300,4,50271721,2048,initial,1.0
sequential,main,300,4,50271721,2048,locked,1.0
sequential,main,300,4,50271721,65536,initial,1.0
sequential,main,300,4,50271721,65536,locked,1.0
sequential,main,300,5,50271722,2048,initial,1.0
sequential,main,300,5,50271722,2048,locked,1.0
sequential,main,300,5,50271722,65536,initial,1.0
sequential,main,300,5,50271722,65536,locked,1.0
sequential,main,300,6,50271723,2048,initial,1.0
sequential,main,300,6,50271723,2048,locked,1.0
sequential,main,300,6,50271723,65536,initial,1.0
sequential,main,300,6,50271723,65536,locked,1.0
sequential,main,300,7,50271724,2048,initial,1.0
sequential,main,300,7,50271724,2048,locked,1.0
sequential,main,300,7,50271724,65536,initial,1.0
sequential,main,300,7,50271724,65536,locked,1.0
sequential,main,300,8,50271725,2048,initial,1.0
sequential,main,300,8,50271725,2048,locked,1.0
sequential,main,300,8,50271725,65536,initial,1.0
sequential,main,300,8,50271725,65536,locked,1.0
sequential,main,300,9,50271726,2048,initial,1.0
sequential,main,300,9,50271726,2048,locked,1.0
sequential,main,300,9,50271726,65536,initial,1.0
sequential,main,300,9,50271726,65536,locked,1.0
sequential,main,300,10,50271727,2048,initial,1.0
sequential,main,300,10,50271727,2048,locked,1.0
sequential,main,300,10,50271727,65536,initial,1.0
sequential,main,300,10,50271727,65536,locked,1.0
sequential,main,300,11,50271728,2048,initial,1.0
sequential,main,300,11,50271728,2048,locked,1.0
sequential,main,300,11,50271728,65536,initial,1.0
sequential,main,300,11,50271728,65536,locked,1.0
sequential,main,300,12,50271729,2048,initial,1.0
sequential,main,300,12,50271729,2048,locked,1.0
sequential,main,300,12,50271729,65536,initial,1.0
sequential,main,300,12,50271729,65536,locked,1.0
sequential,main,300,13,50271730,2048,initial,1.0
sequential,main,300,13,50271730,2048,locked,1.0
sequential,main,300,13,50271730,65536,initial,1.0
sequential,main,300,13,50271730,65536,locked,1.0
sequential,main,300,14,50271731,2048,initial,1.0
sequential,main,300,14,50271731,2048,locked,1.0
sequential,main,300,14,50271731,65536,initial,1.0
sequential,main,300,14,50271731,65536,locked,1.0
sequential,main,300,15,50271732,2048,initial,1.0
sequential,main,300,15,50271732,2048,locked,1.0
sequential,main,300,15,50271732,65536,initial,1.0
sequential,main,300,15,50271732,65536,locked,1.0
sequential,main,300,16,50271733,2048,initial,1.0
sequential,main,300,16,50271733,2048,locked,1.0
sequential,main,300,16,50271733,65536,initial,1.0
sequential,main,300,16,50271733,65536,locked,1.0
sequential,main,300,17,50271734,2048,initial,1.0
sequential,main,300,17,50271734,2048,locked,1.0
sequential,main,300,17,50271734,65536,initial,1.0
sequential,main,300,17,50271734,65536,locked,1.0
sequential,main,300,18,50271735,2048,initial,1.0
sequential,main,300,18,50271735,2048,locked,1.0
sequential,main,300,18,50271735,65536,initial,1.0
sequential,main,300,18,50271735,65536,locked,1.0
sequential,main,300,19,50271736,2048,initial,1.0
sequential,main,300,19,50271736,2048,locked,1.0
sequential,main,300,19,50271736,65536,initial,1.0
sequential,main,300,19,50271736,65536,locked,1.0
random2048,high_load,600,0,80262610,2048,initial,1.0
random2048,high_load,600,0,80262610,2048,locked,0.0
random2048,high_load,600,0,80262610,65536,initial,1.0
random2048,high_load,600,0,80262610,65536,locked,1.0
random2048,high_load,600,1,80262611,2048,initial,1.0
random2048,high_load,600,1,80262611,2048,locked,0.0
random2048,high_load,600,1,80262611,65536,initial,1.0
random2048,high_load,600,1,80262611,65536,locked,1.0
random2048,high_load,600,2,80262612,2048,initial,1.0
random2048,high_load,600,2,80262612,2048,locked,0.0
random2048,high_load,600,2,80262612,65536,initial,1.0
random2048,high_load,600,2,80262612,65536,locked,1.0
random2048,high_load,600,3,80262613,2048,initial,1.0
random2048,high_load,600,3,80262613,2048,locked,0.0
random2048,high_load,600,3,80262613,65536,initial,1.0
random2048,high_load,600,3,80262613,65536,locked,1.0
random2048,high_load,600,4,80262614,2048,initial,1.0
random2048,high_load,600,4,80262614,2048,locked,0.0
random2048,high_load,600,4,80262614,65536,initial,1.0
random2048,high_load,600,4,80262614,65536,locked,1.0
random2048,high_load,600,5,80262615,2048,initial,1.0
random2048,high_load,600,5,80262615,2048,locked,0.0
random2048,high_load,600,5,80262615,65536,initial,1.0
random2048,high_load,600,5,80262615,65536,locked,1.0
random2048,high_load,600,6,80262616,2048,initial,1.0
random2048,high_load,600,6,80262616,2048,locked,0.0
random2048,high_load,600,6,80262616,65536,initial,1.0
random2048,high_load,600,6,80262616,65536,locked,1.0
random2048,high_load,600,7,80262617,2048,initial,1.0
random2048,high_load,600,7,80262617,2048,locked,0.0
random2048,high_load,600,7,80262617,65536,initial,1.0
random2048,high_load,600,7,80262617,65536,locked,1.0
random2048,high_load,600,8,80262618,2048,initial,1.0
random2048,high_load,600,8,80262618,2048,locked,0.0
random2048,high_load,600,8,80262618,65536,initial,1.0
random2048,high_load,600,8,80262618,65536,locked,1.0
random2048,high_load,600,9,80262619,2048,initial,1.0
random2048,high_load,600,9,80262619,2048,locked,0.0
random2048,high_load,600,9,80262619,65536,initial,1.0
random2048,high_load,600,9,80262619,65536,locked,1.0
random2048,high_load,600,10,80262620,2048,initial,1.0
random2048,high_load,600,10,80262620,2048,locked,0.0
random2048,high_load,600,10,80262620,65536,initial,1.0
random2048,high_load,600,10,80262620,65536,locked,1.0
random2048,high_load,600,11,80262621,2048,initial,1.0
random2048,high_load,600,11,80262621,2048,locked,0.0
random2048,high_load,600,11,80262621,65536,initial,1.0
random2048,high_load,600,11,80262621,65536,locked,1.0
random2048,high_load,600,12,80262622,2048,initial,1.0
random2048,high_load,600,12,80262622,2048,locked,0.0
random2048,high_load,600,12,80262622,65536,initial,1.0
random2048,high_load,600,12,80262622,65536,locked,1.0
random2048,high_load,600,13,80262623,2048,initial,1.0
random2048,high_load,600,13,80262623,2048,locked,0.0
random2048,high_load,600,13,80262623,65536,initial,1.0
random2048,high_load,600,13,80262623,65536,locked,1.0
random2048,high_load,600,14,80262624,2048,initial,1.0
random2048,high_load,600,14,80262624,2048,locked,0.0
random2048,high_load,600,14,80262624,65536,initial,1.0
random2048,high_load,600,14,80262624,65536,locked,1.0
random2048,high_load,600,15,80262625,2048,initial,1.0
random2048,high_load,600,15,80262625,2048,locked,0.0
random2048,high_load,600,15,80262625,65536,initial,1.0
random2048,high_load,600,15,80262625,65536,locked,1.0
random2048,high_load,600,16,80262626,2048,initial,1.0
random2048,high_load,600,16,80262626,2048,locked,0.0
random2048,high_load,600,16,80262626,65536,initial,1.0
random2048,high_load,600,16,80262626,65536,locked,1.0
random2048,high_load,600,17,80262627,2048,initial,1.0
random2048,high_load,600,17,80262627,2048,locked,0.0
random2048,high_load,600,17,80262627,65536,initial,1.0
random2048,high_load,600,17,80262627,65536,locked,1.0
random2048,high_load,600,18,80262628,2048,initial,1.0
random2048,high_load,600,18,80262628,2048,locked,0.0
random2048,high_load,600,18,80262628,65536,initial,1.0
random2048,high_load,600,18,80262628,65536,locked,1.0
random2048,high_load,600,19,80262629,2048,initial,1.0
random2048,high_load,600,19,80262629,2048,locked,0.0
random2048,high_load,600,19,80262629,65536,initial,1.0
random2048,high_load,600,19,80262629,65536,locked,1.0
random2048,high_load,1200,0,140264410,2048,initial,1.0
random2048,high_load,1200,0,140264410,2048,locked,0.0
random2048,high_load,1200,0,140264410,65536,initial,1.0
random2048,high_load,1200,0,140264410,65536,locked,1.0
random2048,high_load,1200,1,140264411,2048,initial,1.0
random2048,high_load,1200,1,140264411,2048,locked,0.0
random2048,high_load,1200,1,140264411,65536,initial,1.0
random2048,high_load,1200,1,140264411,65536,locked,1.0
random2048,high_load,1200,2,140264412,2048,initial,1.0
random2048,high_load,1200,2,140264412,2048,locked,0.0
random2048,high_load,1200,2,140264412,65536,initial,1.0
random2048,high_load,1200,2,140264412,65536,locked,1.0
random2048,high_load,1200,3,140264413,2048,initial,1.0
random2048,high_load,1200,3,140264413,2048,locked,0.0
random2048,high_load,1200,3,140264413,65536,initial,1.0
random2048,high_load,1200,3,140264413,65536,locked,1.0
random2048,high_load,1200,4,140264414,2048,initial,1.0
random2048,high_load,1200,4,140264414,2048,locked,0.0
random2048,high_load,1200,4,140264414,65536,initial,1.0
random2048,high_load,1200,4,140264414,65536,locked,1.0
random2048,high_load,1200,5,140264415,2048,initial,1.0
random2048,high_load,1200,5,140264415,2048,locked,0.0
random2048,high_load,1200,5,140264415,65536,initial,1.0
random2048,high_load,1200,5,140264415,65536,locked,1.0
random2048,high_load,1200,6,140264416,2048,initial,1.0
random2048,high_load,1200,6,140264416,2048,locked,0.0
random2048,high_load,1200,6,140264416,65536,initial,1.0
random2048,high_load,1200,6,140264416,65536,locked,1.0
random2048,high_load,1200,7,140264417,2048,initial,1.0
random2048,high_load,1200,7,140264417,2048,locked,0.0
random2048,high_load,1200,7,140264417,65536,initial,1.0
random2048,high_load,1200,7,140264417,65536,locked,1.0
random2048,high_load,1200,8,140264418,2048,initial,1.0
random2048,high_load,1200,8,140264418,2048,locked,0.0
random2048,high_load,1200,8,140264418,65536,initial,1.0
random2048,high_load,1200,8,140264418,65536,locked,1.0
random2048,high_load,1200,9,140264419,2048,initial,1.0
random2048,high_load,1200,9,140264419,2048,locked,0.0
random2048,high_load,1200,9,140264419,65536,initial,1.0
random2048,high_load,1200,9,140264419,65536,locked,1.0
random2048,high_load,1200,10,140264420,2048,initial,1.0
random2048,high_load,1200,10,140264420,2048,locked,0.0
random2048,high_load,1200,10,140264420,65536,initial,1.0
random2048,high_load,1200,10,140264420,65536,locked,1.0
random2048,high_load,1200,11,140264421,2048,initial,1.0
random2048,high_load,1200,11,140264421,2048,locked,0.0
random2048,high_load,1200,11,140264421,65536,initial,1.0
random2048,high_load,1200,11,140264421,65536,locked,1.0
random2048,high_load,1200,12,140264422,2048,initial,1.0
random2048,high_load,1200,12,140264422,2048,locked,0.0
random2048,high_load,1200,12,140264422,65536,initial,1.0
random2048,high_load,1200,12,140264422,65536,locked,1.0
random2048,high_load,1200,13,140264423,2048,initial,1.0
random2048,high_load,1200,13,140264423,2048,locked,0.0
random2048,high_load,1200,13,140264423,65536,initial,1.0
random2048,high_load,1200,13,140264423,65536,locked,1.0
random2048,high_load,1200,14,140264424,2048,initial,1.0
random2048,high_load,1200,14,140264424,2048,locked,0.0
random2048,high_load,1200,14,140264424,65536,initial,1.0
random2048,high_load,1200,14,140264424,65536,locked,1.0
random2048,high_load,1200,15,140264425,2048,initial,1.0
random2048,high_load,1200,15,140264425,2048,locked,0.0
random2048,high_load,1200,15,140264425,65536,initial,1.0
random2048,high_load,1200,15,140264425,65536,locked,1.0
random2048,high_load,1200,16,140264426,2048,initial,1.0
random2048,high_load,1200,16,140264426,2048,locked,0.0
random2048,high_load,1200,16,140264426,65536,initial,1.0
random2048,high_load,1200,16,140264426,65536,locked,1.0
random2048,high_load,1200,17,140264427,2048,initial,1.0
random2048,high_load,1200,17,140264427,2048,locked,0.0
random2048,high_load,1200,17,140264427,65536,initial,1.0
random2048,high_load,1200,17,140264427,65536,locked,1.0
random2048,high_load,1200,18,140264428,2048,initial,1.0
random2048,high_load,1200,18,140264428,2048,locked,0.0
random2048,high_load,1200,18,140264428,65536,initial,1.0
random2048,high_load,1200,18,140264428,65536,locked,1.0
random2048,high_load,1200,19,140264429,2048,initial,1.0
random2048,high_load,1200,19,140264429,2048,locked,0.0
random2048,high_load,1200,19,140264429,65536,initial,1.0
random2048,high_load,1200,19,140264429,65536,locked,1.0
random2048,high_load,1400,0,160265010,2048,initial,1.0
random2048,high_load,1400,0,160265010,2048,locked,0.0
random2048,high_load,1400,0,160265010,65536,initial,1.0
random2048,high_load,1400,0,160265010,65536,locked,1.0
random2048,high_load,1400,1,160265011,2048,initial,1.0
random2048,high_load,1400,1,160265011,2048,locked,0.0
random2048,high_load,1400,1,160265011,65536,initial,1.0
random2048,high_load,1400,1,160265011,65536,locked,1.0
random2048,high_load,1400,2,160265012,2048,initial,1.0
random2048,high_load,1400,2,160265012,2048,locked,0.0
random2048,high_load,1400,2,160265012,65536,initial,1.0
random2048,high_load,1400,2,160265012,65536,locked,1.0
random2048,high_load,1400,3,160265013,2048,initial,1.0
random2048,high_load,1400,3,160265013,2048,locked,0.0
random2048,high_load,1400,3,160265013,65536,initial,1.0
random2048,high_load,1400,3,160265013,65536,locked,1.0
random2048,high_load,1400,4,160265014,2048,initial,1.0
random2048,high_load,1400,4,160265014,2048,locked,0.0
random2048,high_load,1400,4,160265014,65536,initial,1.0
random2048,high_load,1400,4,160265014,65536,locked,1.0
random2048,high_load,1400,5,160265015,2048,initial,1.0
random2048,high_load,1400,5,160265015,2048,locked,0.0
random2048,high_load,1400,5,160265015,65536,initial,1.0
random2048,high_load,1400,5,160265015,65536,locked,1.0
random2048,high_load,1400,6,160265016,2048,initial,1.0
random2048,high_load,1400,6,160265016,2048,locked,0.0
random2048,high_load,1400,6,160265016,65536,initial,1.0
random2048,high_load,1400,6,160265016,65536,locked,1.0
random2048,high_load,1400,7,160265017,2048,initial,1.0
random2048,high_load,1400,7,160265017,2048,locked,0.0
random2048,high_load,1400,7,160265017,65536,initial,1.0
random2048,high_load,1400,7,160265017,65536,locked,1.0
random2048,high_load,1400,8,160265018,2048,initial,1.0
random2048,high_load,1400,8,160265018,2048,locked,0.0
random2048,high_load,1400,8,160265018,65536,initial,1.0
random2048,high_load,1400,8,160265018,65536,locked,1.0
random2048,high_load,1400,9,160265019,2048,initial,1.0
random2048,high_load,1400,9,160265019,2048,locked,0.0
random2048,high_load,1400,9,160265019,65536,initial,1.0
random2048,high_load,1400,9,160265019,65536,locked,1.0
random2048,high_load,1400,10,160265020,2048,initial,1.0
random2048,high_load,1400,10,160265020,2048,locked,0.0
random2048,high_load,1400,10,160265020,65536,initial,1.0
random2048,high_load,1400,10,160265020,65536,locked,1.0
random2048,high_load,1400,11,160265021,2048,initial,1.0
random2048,high_load,1400,11,160265021,2048,locked,0.0
random2048,high_load,1400,11,160265021,65536,initial,1.0
random2048,high_load,1400,11,160265021,65536,locked,1.0
random2048,high_load,1400,12,160265022,2048,initial,1.0
random2048,high_load,1400,12,160265022,2048,locked,0.0
random2048,high_load,1400,12,160265022,65536,initial,1.0
random2048,high_load,1400,12,160265022,65536,locked,1.0
random2048,high_load,1400,13,160265023,2048,initial,1.0
random2048,high_load,1400,13,160265023,2048,locked,0.0
random2048,high_load,1400,13,160265023,65536,initial,1.0
random2048,high_load,1400,13,160265023,65536,locked,1.0
random2048,high_load,1400,14,160265024,2048,initial,1.0
random2048,high_load,1400,14,160265024,2048,locked,0.0
random2048,high_load,1400,14,160265024,65536,initial,1.0
random2048,high_load,1400,14,160265024,65536,locked,1.0
random2048,high_load,1400,15,160265025,2048,initial,1.0
random2048,high_load,1400,15,160265025,2048,locked,0.0
random2048,high_load,1400,15,160265025,65536,initial,1.0
random2048,high_load,1400,15,160265025,65536,locked,1.0
random2048,high_load,1400,16,160265026,2048,initial,1.0
random2048,high_load,1400,16,160265026,2048,locked,0.0
random2048,high_load,1400,16,160265026,65536,initial,1.0
random2048,high_load,1400,16,160265026,65536,locked,1.0
random2048,high_load,1400,17,160265027,2048,initial,1.0
random2048,high_load,1400,17,160265027,2048,locked,0.0
random2048,high_load,1400,17,160265027,65536,initial,1.0
random2048,high_load,1400,17,160265027,65536,locked,1.0
random2048,high_load,1400,18,160265028,2048,initial,1.0
random2048,high_load,1400,18,160265028,2048,locked,0.0
random2048,high_load,1400,18,160265028,65536,initial,1.0
random2048,high_load,1400,18,160265028,65536,locked,1.0
random2048,high_load,1400,19,160265029,2048,initial,1.0
random2048,high_load,1400,19,160265029,2048,locked,0.0
random2048,high_load,1400,19,160265029,65536,initial,1.0
random2048,high_load,1400,19,160265029,65536,locked,1.0
random2048,high_load,1600,0,180265610,2048,initial,0.0
random2048,high_load,1600,0,180265610,2048,locked,0.0
random2048,high_load,1600,0,180265610,65536,initial,1.0
random2048,high_load,1600,0,180265610,65536,locked,1.0
random2048,high_load,1600,1,180265611,2048,initial,0.0
random2048,high_load,1600,1,180265611,2048,locked,0.0
random2048,high_load,1600,1,180265611,65536,initial,1.0
random2048,high_load,1600,1,180265611,65536,locked,1.0
random2048,high_load,1600,2,180265612,2048,initial,0.26
random2048,high_load,1600,2,180265612,2048,locked,0.0
random2048,high_load,1600,2,180265612,65536,initial,1.0
random2048,high_load,1600,2,180265612,65536,locked,1.0
random2048,high_load,1600,3,180265613,2048,initial,0.08
random2048,high_load,1600,3,180265613,2048,locked,0.0
random2048,high_load,1600,3,180265613,65536,initial,1.0
random2048,high_load,1600,3,180265613,65536,locked,1.0
random2048,high_load,1600,4,180265614,2048,initial,0.09333333333333334
random2048,high_load,1600,4,180265614,2048,locked,0.0
random2048,high_load,1600,4,180265614,65536,initial,1.0
random2048,high_load,1600,4,180265614,65536,locked,1.0
random2048,high_load,1600,5,180265615,2048,initial,0.0
random2048,high_load,1600,5,180265615,2048,locked,0.0
random2048,high_load,1600,5,180265615,65536,initial,1.0
random2048,high_load,1600,5,180265615,65536,locked,1.0
random2048,high_load,1600,6,180265616,2048,initial,0.07666666666666666
random2048,high_load,1600,6,180265616,2048,locked,0.0
random2048,high_load,1600,6,180265616,65536,initial,1.0
random2048,high_load,1600,6,180265616,65536,locked,1.0
random2048,high_load,1600,7,180265617,2048,initial,0.0
random2048,high_load,1600,7,180265617,2048,locked,0.0
random2048,high_load,1600,7,180265617,65536,initial,1.0
random2048,high_load,1600,7,180265617,65536,locked,1.0
random2048,high_load,1600,8,180265618,2048,initial,0.0
random2048,high_load,1600,8,180265618,2048,locked,0.0
random2048,high_load,1600,8,180265618,65536,initial,1.0
random2048,high_load,1600,8,180265618,65536,locked,1.0
random2048,high_load,1600,9,180265619,2048,initial,0.0
random2048,high_load,1600,9,180265619,2048,locked,0.0
random2048,high_load,1600,9,180265619,65536,initial,1.0
random2048,high_load,1600,9,180265619,65536,locked,1.0
random2048,high_load,1600,10,180265620,2048,initial,0.9666666666666667
random2048,high_load,1600,10,180265620,2048,locked,0.0
random2048,high_load,1600,10,180265620,65536,initial,1.0
random2048,high_load,1600,10,180265620,65536,locked,1.0
random2048,high_load,1600,11,180265621,2048,initial,0.0
random2048,high_load,1600,11,180265621,2048,locked,0.0
random2048,high_load,1600,11,180265621,65536,initial,1.0
random2048,high_load,1600,11,180265621,65536,locked,1.0
random2048,high_load,1600,12,180265622,2048,initial,0.0
random2048,high_load,1600,12,180265622,2048,locked,0.0
random2048,high_load,1600,12,180265622,65536,initial,1.0
random2048,high_load,1600,12,180265622,65536,locked,1.0
random2048,high_load,1600,13,180265623,2048,initial,1.0
random2048,high_load,1600,13,180265623,2048,locked,0.0
random2048,high_load,1600,13,180265623,65536,initial,1.0
random2048,high_load,1600,13,180265623,65536,locked,1.0
random2048,high_load,1600,14,180265624,2048,initial,1.0
random2048,high_load,1600,14,180265624,2048,locked,0.0
random2048,high_load,1600,14,180265624,65536,initial,1.0
random2048,high_load,1600,14,180265624,65536,locked,1.0
random2048,high_load,1600,15,180265625,2048,initial,0.0
random2048,high_load,1600,15,180265625,2048,locked,0.0
random2048,high_load,1600,15,180265625,65536,initial,1.0
random2048,high_load,1600,15,180265625,65536,locked,1.0
random2048,high_load,1600,16,180265626,2048,initial,0.0
random2048,high_load,1600,16,180265626,2048,locked,0.0
random2048,high_load,1600,16,180265626,65536,initial,1.0
random2048,high_load,1600,16,180265626,65536,locked,1.0
random2048,high_load,1600,17,180265627,2048,initial,0.8966666666666666
random2048,high_load,1600,17,180265627,2048,locked,0.0
random2048,high_load,1600,17,180265627,65536,initial,1.0
random2048,high_load,1600,17,180265627,65536,locked,1.0
random2048,high_load,1600,18,180265628,2048,initial,0.04666666666666667
random2048,high_load,1600,18,180265628,2048,locked,0.0
random2048,high_load,1600,18,180265628,65536,initial,1.0
random2048,high_load,1600,18,180265628,65536,locked,1.0
random2048,high_load,1600,19,180265629,2048,initial,0.61
random2048,high_load,1600,19,180265629,2048,locked,0.0
random2048,high_load,1600,19,180265629,65536,initial,1.0
random2048,high_load,1600,19,180265629,65536,locked,1.0
random2048,high_load,1800,0,200266210,2048,initial,0.0
random2048,high_load,1800,0,200266210,2048,locked,0.0
random2048,high_load,1800,0,200266210,65536,initial,1.0
random2048,high_load,1800,0,200266210,65536,locked,1.0
random2048,high_load,1800,1,200266211,2048,initial,0.0
random2048,high_load,1800,1,200266211,2048,locked,0.0
random2048,high_load,1800,1,200266211,65536,initial,1.0
random2048,high_load,1800,1,200266211,65536,locked,1.0
random2048,high_load,1800,2,200266212,2048,initial,0.0
random2048,high_load,1800,2,200266212,2048,locked,0.0
random2048,high_load,1800,2,200266212,65536,initial,1.0
random2048,high_load,1800,2,200266212,65536,locked,1.0
random2048,high_load,1800,3,200266213,2048,initial,0.0
random2048,high_load,1800,3,200266213,2048,locked,0.0
random2048,high_load,1800,3,200266213,65536,initial,1.0
random2048,high_load,1800,3,200266213,65536,locked,1.0
random2048,high_load,1800,4,200266214,2048,initial,0.0
random2048,high_load,1800,4,200266214,2048,locked,0.0
random2048,high_load,1800,4,200266214,65536,initial,1.0
random2048,high_load,1800,4,200266214,65536,locked,1.0
random2048,high_load,1800,5,200266215,2048,initial,0.0
random2048,high_load,1800,5,200266215,2048,locked,0.0
random2048,high_load,1800,5,200266215,65536,initial,1.0
random2048,high_load,1800,5,200266215,65536,locked,1.0
random2048,high_load,1800,6,200266216,2048,initial,0.0
random2048,high_load,1800,6,200266216,2048,locked,0.0
random2048,high_load,1800,6,200266216,65536,initial,1.0
random2048,high_load,1800,6,200266216,65536,locked,1.0
random2048,high_load,1800,7,200266217,2048,initial,0.0
random2048,high_load,1800,7,200266217,2048,locked,0.0
random2048,high_load,1800,7,200266217,65536,initial,1.0
random2048,high_load,1800,7,200266217,65536,locked,1.0
random2048,high_load,1800,8,200266218,2048,initial,0.0
random2048,high_load,1800,8,200266218,2048,locked,0.0
random2048,high_load,1800,8,200266218,65536,initial,1.0
random2048,high_load,1800,8,200266218,65536,locked,1.0
random2048,high_load,1800,9,200266219,2048,initial,0.0
random2048,high_load,1800,9,200266219,2048,locked,0.0
random2048,high_load,1800,9,200266219,65536,initial,1.0
random2048,high_load,1800,9,200266219,65536,locked,1.0
random2048,high_load,1800,10,200266220,2048,initial,0.0
random2048,high_load,1800,10,200266220,2048,locked,0.0
random2048,high_load,1800,10,200266220,65536,initial,1.0
random2048,high_load,1800,10,200266220,65536,locked,1.0
random2048,high_load,1800,11,200266221,2048,initial,0.0
random2048,high_load,1800,11,200266221,2048,locked,0.0
random2048,high_load,1800,11,200266221,65536,initial,1.0
random2048,high_load,1800,11,200266221,65536,locked,1.0
random2048,high_load,1800,12,200266222,2048,initial,0.0
random2048,high_load,1800,12,200266222,2048,locked,0.0
random2048,high_load,1800,12,200266222,65536,initial,1.0
random2048,high_load,1800,12,200266222,65536,locked,1.0
random2048,high_load,1800,13,200266223,2048,initial,0.0
random2048,high_load,1800,13,200266223,2048,locked,0.0
random2048,high_load,1800,13,200266223,65536,initial,1.0
random2048,high_load,1800,13,200266223,65536,locked,1.0
random2048,high_load,1800,14,200266224,2048,initial,0.0
random2048,high_load,1800,14,200266224,2048,locked,0.0
random2048,high_load,1800,14,200266224,65536,initial,1.0
random2048,high_load,1800,14,200266224,65536,locked,1.0
random2048,high_load,1800,15,200266225,2048,initial,0.0
random2048,high_load,1800,15,200266225,2048,locked,0.0
random2048,high_load,1800,15,200266225,65536,initial,1.0
random2048,high_load,1800,15,200266225,65536,locked,1.0
random2048,high_load,1800,16,200266226,2048,initial,0.0
random2048,high_load,1800,16,200266226,2048,locked,0.0
random2048,high_load,1800,16,200266226,65536,initial,1.0
random2048,high_load,1800,16,200266226,65536,locked,1.0
random2048,high_load,1800,17,200266227,2048,initial,0.0
random2048,high_load,1800,17,200266227,2048,locked,0.0
random2048,high_load,1800,17,200266227,65536,initial,1.0
random2048,high_load,1800,17,200266227,65536,locked,1.0
random2048,high_load,1800,18,200266228,2048,initial,0.0
random2048,high_load,1800,18,200266228,2048,locked,0.0
random2048,high_load,1800,18,200266228,65536,initial,1.0
random2048,high_load,1800,18,200266228,65536,locked,1.0
random2048,high_load,1800,19,200266229,2048,initial,0.0
random2048,high_load,1800,19,200266229,2048,locked,0.0
random2048,high_load,1800,19,200266229,65536,initial,1.0
random2048,high_load,1800,19,200266229,65536,locked,1.0
random2048,high_load,2000,0,220266810,2048,initial,0.0
random2048,high_load,2000,0,220266810,2048,locked,0.0
random2048,high_load,2000,0,220266810,65536,initial,1.0
random2048,high_load,2000,0,220266810,65536,locked,1.0
random2048,high_load,2000,1,220266811,2048,initial,0.0
random2048,high_load,2000,1,220266811,2048,locked,0.0
random2048,high_load,2000,1,220266811,65536,initial,1.0
random2048,high_load,2000,1,220266811,65536,locked,1.0
random2048,high_load,2000,2,220266812,2048,initial,0.0
random2048,high_load,2000,2,220266812,2048,locked,0.0
random2048,high_load,2000,2,220266812,65536,initial,1.0
random2048,high_load,2000,2,220266812,65536,locked,1.0
random2048,high_load,2000,3,220266813,2048,initial,0.0
random2048,high_load,2000,3,220266813,2048,locked,0.0
random2048,high_load,2000,3,220266813,65536,initial,1.0
random2048,high_load,2000,3,220266813,65536,locked,1.0
random2048,high_load,2000,4,220266814,2048,initial,0.0
random2048,high_load,2000,4,220266814,2048,locked,0.0
random2048,high_load,2000,4,220266814,65536,initial,1.0
random2048,high_load,2000,4,220266814,65536,locked,1.0
random2048,high_load,2000,5,220266815,2048,initial,0.0
random2048,high_load,2000,5,220266815,2048,locked,0.0
random2048,high_load,2000,5,220266815,65536,initial,1.0
random2048,high_load,2000,5,220266815,65536,locked,1.0
random2048,high_load,2000,6,220266816,2048,initial,0.0
random2048,high_load,2000,6,220266816,2048,locked,0.0
random2048,high_load,2000,6,220266816,65536,initial,1.0
random2048,high_load,2000,6,220266816,65536,locked,1.0
random2048,high_load,2000,7,220266817,2048,initial,0.0
random2048,high_load,2000,7,220266817,2048,locked,0.0
random2048,high_load,2000,7,220266817,65536,initial,1.0
random2048,high_load,2000,7,220266817,65536,locked,1.0
random2048,high_load,2000,8,220266818,2048,initial,0.0
random2048,high_load,2000,8,220266818,2048,locked,0.0
random2048,high_load,2000,8,220266818,65536,initial,1.0
random2048,high_load,2000,8,220266818,65536,locked,1.0
random2048,high_load,2000,9,220266819,2048,initial,0.0
random2048,high_load,2000,9,220266819,2048,locked,0.0
random2048,high_load,2000,9,220266819,65536,initial,1.0
random2048,high_load,2000,9,220266819,65536,locked,1.0
random2048,high_load,2000,10,220266820,2048,initial,0.0
random2048,high_load,2000,10,220266820,2048,locked,0.0
random2048,high_load,2000,10,220266820,65536,initial,1.0
random2048,high_load,2000,10,220266820,65536,locked,1.0
random2048,high_load,2000,11,220266821,2048,initial,0.0
random2048,high_load,2000,11,220266821,2048,locked,0.0
random2048,high_load,2000,11,220266821,65536,initial,1.0
random2048,high_load,2000,11,220266821,65536,locked,1.0
random2048,high_load,2000,12,220266822,2048,initial,0.0
random2048,high_load,2000,12,220266822,2048,locked,0.0
random2048,high_load,2000,12,220266822,65536,initial,1.0
random2048,high_load,2000,12,220266822,65536,locked,1.0
random2048,high_load,2000,13,220266823,2048,initial,0.0
random2048,high_load,2000,13,220266823,2048,locked,0.0
random2048,high_load,2000,13,220266823,65536,initial,1.0
random2048,high_load,2000,13,220266823,65536,locked,1.0
random2048,high_load,2000,14,220266824,2048,initial,0.0
random2048,high_load,2000,14,220266824,2048,locked,0.0
random2048,high_load,2000,14,220266824,65536,initial,1.0
random2048,high_load,2000,14,220266824,65536,locked,1.0
random2048,high_load,2000,15,220266825,2048,initial,0.0
random2048,high_load,2000,15,220266825,2048,locked,0.0
random2048,high_load,2000,15,220266825,65536,initial,1.0
random2048,high_load,2000,15,220266825,65536,locked,1.0
random2048,high_load,2000,16,220266826,2048,initial,0.0
random2048,high_load,2000,16,220266826,2048,locked,0.0
random2048,high_load,2000,16,220266826,65536,initial,1.0
random2048,high_load,2000,16,220266826,65536,locked,1.0
random2048,high_load,2000,17,220266827,2048,initial,0.0
random2048,high_load,2000,17,220266827,2048,locked,0.0
random2048,high_load,2000,17,220266827,65536,initial,1.0
random2048,high_load,2000,17,220266827,65536,locked,1.0
random2048,high_load,2000,18,220266828,2048,initial,0.0
random2048,high_load,2000,18,220266828,2048,locked,0.0
random2048,high_load,2000,18,220266828,65536,initial,1.0
random2048,high_load,2000,18,220266828,65536,locked,1.0
random2048,high_load,2000,19,220266829,2048,initial,0.0
random2048,high_load,2000,19,220266829,2048,locked,0.0
random2048,high_load,2000,19,220266829,65536,initial,1.0
random2048,high_load,2000,19,220266829,65536,locked,1.0
random2048,high_load,3000,0,320269810,2048,initial,0.0
random2048,high_load,3000,0,320269810,2048,locked,0.0
random2048,high_load,3000,0,320269810,65536,initial,1.0
random2048,high_load,3000,0,320269810,65536,locked,1.0
random2048,high_load,3000,1,320269811,2048,initial,0.0
random2048,high_load,3000,1,320269811,2048,locked,0.0
random2048,high_load,3000,1,320269811,65536,initial,1.0
random2048,high_load,3000,1,320269811,65536,locked,1.0
random2048,high_load,3000,2,320269812,2048,initial,0.0
random2048,high_load,3000,2,320269812,2048,locked,0.0
random2048,high_load,3000,2,320269812,65536,initial,1.0
random2048,high_load,3000,2,320269812,65536,locked,1.0
random2048,high_load,3000,3,320269813,2048,initial,0.0
random2048,high_load,3000,3,320269813,2048,locked,0.0
random2048,high_load,3000,3,320269813,65536,initial,1.0
random2048,high_load,3000,3,320269813,65536,locked,1.0
random2048,high_load,3000,4,320269814,2048,initial,0.0
random2048,high_load,3000,4,320269814,2048,locked,0.0
random2048,high_load,3000,4,320269814,65536,initial,1.0
random2048,high_load,3000,4,320269814,65536,locked,1.0
random2048,high_load,3000,5,320269815,2048,initial,0.0
random2048,high_load,3000,5,320269815,2048,locked,0.0
random2048,high_load,3000,5,320269815,65536,initial,1.0
random2048,high_load,3000,5,320269815,65536,locked,1.0
random2048,high_load,3000,6,320269816,2048,initial,0.0
random2048,high_load,3000,6,320269816,2048,locked,0.0
random2048,high_load,3000,6,320269816,65536,initial,1.0
random2048,high_load,3000,6,320269816,65536,locked,1.0
random2048,high_load,3000,7,320269817,2048,initial,0.0
random2048,high_load,3000,7,320269817,2048,locked,0.0
random2048,high_load,3000,7,320269817,65536,initial,1.0
random2048,high_load,3000,7,320269817,65536,locked,1.0
random2048,high_load,3000,8,320269818,2048,initial,0.0
random2048,high_load,3000,8,320269818,2048,locked,0.0
random2048,high_load,3000,8,320269818,65536,initial,1.0
random2048,high_load,3000,8,320269818,65536,locked,1.0
random2048,high_load,3000,9,320269819,2048,initial,0.0
random2048,high_load,3000,9,320269819,2048,locked,0.0
random2048,high_load,3000,9,320269819,65536,initial,1.0
random2048,high_load,3000,9,320269819,65536,locked,1.0
random2048,high_load,3000,10,320269820,2048,initial,0.0
random2048,high_load,3000,10,320269820,2048,locked,0.0
random2048,high_load,3000,10,320269820,65536,initial,1.0
random2048,high_load,3000,10,320269820,65536,locked,1.0
random2048,high_load,3000,11,320269821,2048,initial,0.0
random2048,high_load,3000,11,320269821,2048,locked,0.0
random2048,high_load,3000,11,320269821,65536,initial,1.0
random2048,high_load,3000,11,320269821,65536,locked,1.0
random2048,high_load,3000,12,320269822,2048,initial,0.0
random2048,high_load,3000,12,320269822,2048,locked,0.0
random2048,high_load,3000,12,320269822,65536,initial,1.0
random2048,high_load,3000,12,320269822,65536,locked,1.0
random2048,high_load,3000,13,320269823,2048,initial,0.0
random2048,high_load,3000,13,320269823,2048,locked,0.0
random2048,high_load,3000,13,320269823,65536,initial,1.0
random2048,high_load,3000,13,320269823,65536,locked,1.0
random2048,high_load,3000,14,320269824,2048,initial,0.0
random2048,high_load,3000,14,320269824,2048,locked,0.0
random2048,high_load,3000,14,320269824,65536,initial,1.0
random2048,high_load,3000,14,320269824,65536,locked,1.0
random2048,high_load,3000,15,320269825,2048,initial,0.0
random2048,high_load,3000,15,320269825,2048,locked,0.0
random2048,high_load,3000,15,320269825,65536,initial,1.0
random2048,high_load,3000,15,320269825,65536,locked,1.0
random2048,high_load,3000,16,320269826,2048,initial,0.0
random2048,high_load,3000,16,320269826,2048,locked,0.0
random2048,high_load,3000,16,320269826,65536,initial,1.0
random2048,high_load,3000,16,320269826,65536,locked,1.0
random2048,high_load,3000,17,320269827,2048,initial,0.0
random2048,high_load,3000,17,320269827,2048,locked,0.0
random2048,high_load,3000,17,320269827,65536,initial,1.0
random2048,high_load,3000,17,320269827,65536,locked,1.0
random2048,high_load,3000,18,320269828,2048,initial,0.0
random2048,high_load,3000,18,320269828,2048,locked,0.0
random2048,high_load,3000,18,320269828,65536,initial,1.0
random2048,high_load,3000,18,320269828,65536,locked,1.0
random2048,high_load,3000,19,320269829,2048,initial,0.0
random2048,high_load,3000,19,320269829,2048,locked,0.0
random2048,high_load,3000,19,320269829,65536,initial,1.0
random2048,high_load,3000,19,320269829,65536,locked,1.0
random2048,high_load,6000,0,620278810,2048,initial,0.0
random2048,high_load,6000,0,620278810,2048,locked,0.0
random2048,high_load,6000,0,620278810,65536,initial,1.0
random2048,high_load,6000,0,620278810,65536,locked,1.0
random2048,high_load,6000,1,620278811,2048,initial,0.0
random2048,high_load,6000,1,620278811,2048,locked,0.0
random2048,high_load,6000,1,620278811,65536,initial,1.0
random2048,high_load,6000,1,620278811,65536,locked,1.0
random2048,high_load,6000,2,620278812,2048,initial,0.0
random2048,high_load,6000,2,620278812,2048,locked,0.0
random2048,high_load,6000,2,620278812,65536,initial,1.0
random2048,high_load,6000,2,620278812,65536,locked,1.0
random2048,high_load,6000,3,620278813,2048,initial,0.0
random2048,high_load,6000,3,620278813,2048,locked,0.0
random2048,high_load,6000,3,620278813,65536,initial,1.0
random2048,high_load,6000,3,620278813,65536,locked,1.0
random2048,high_load,6000,4,620278814,2048,initial,0.0
random2048,high_load,6000,4,620278814,2048,locked,0.0
random2048,high_load,6000,4,620278814,65536,initial,1.0
random2048,high_load,6000,4,620278814,65536,locked,1.0
random2048,high_load,6000,5,620278815,2048,initial,0.0
random2048,high_load,6000,5,620278815,2048,locked,0.0
random2048,high_load,6000,5,620278815,65536,initial,1.0
random2048,high_load,6000,5,620278815,65536,locked,1.0
random2048,high_load,6000,6,620278816,2048,initial,0.0
random2048,high_load,6000,6,620278816,2048,locked,0.0
random2048,high_load,6000,6,620278816,65536,initial,1.0
random2048,high_load,6000,6,620278816,65536,locked,1.0
random2048,high_load,6000,7,620278817,2048,initial,0.0
random2048,high_load,6000,7,620278817,2048,locked,0.0
random2048,high_load,6000,7,620278817,65536,initial,1.0
random2048,high_load,6000,7,620278817,65536,locked,1.0
random2048,high_load,6000,8,620278818,2048,initial,0.0
random2048,high_load,6000,8,620278818,2048,locked,0.0
random2048,high_load,6000,8,620278818,65536,initial,1.0
random2048,high_load,6000,8,620278818,65536,locked,1.0
random2048,high_load,6000,9,620278819,2048,initial,0.0
random2048,high_load,6000,9,620278819,2048,locked,0.0
random2048,high_load,6000,9,620278819,65536,initial,1.0
random2048,high_load,6000,9,620278819,65536,locked,1.0
random2048,high_load,6000,10,620278820,2048,initial,0.0
random2048,high_load,6000,10,620278820,2048,locked,0.0
random2048,high_load,6000,10,620278820,65536,initial,1.0
random2048,high_load,6000,10,620278820,65536,locked,1.0
random2048,high_load,6000,11,620278821,2048,initial,0.0
random2048,high_load,6000,11,620278821,2048,locked,0.0
random2048,high_load,6000,11,620278821,65536,initial,1.0
random2048,high_load,6000,11,620278821,65536,locked,1.0
random2048,high_load,6000,12,620278822,2048,initial,0.0
random2048,high_load,6000,12,620278822,2048,locked,0.0
random2048,high_load,6000,12,620278822,65536,initial,1.0
random2048,high_load,6000,12,620278822,65536,locked,1.0
random2048,high_load,6000,13,620278823,2048,initial,0.0
random2048,high_load,6000,13,620278823,2048,locked,0.0
random2048,high_load,6000,13,620278823,65536,initial,1.0
random2048,high_load,6000,13,620278823,65536,locked,1.0
random2048,high_load,6000,14,620278824,2048,initial,0.0
random2048,high_load,6000,14,620278824,2048,locked,0.0
random2048,high_load,6000,14,620278824,65536,initial,1.0
random2048,high_load,6000,14,620278824,65536,locked,1.0
random2048,high_load,6000,15,620278825,2048,initial,0.0
random2048,high_load,6000,15,620278825,2048,locked,0.0
random2048,high_load,6000,15,620278825,65536,initial,1.0
random2048,high_load,6000,15,620278825,65536,locked,1.0
random2048,high_load,6000,16,620278826,2048,initial,0.0
random2048,high_load,6000,16,620278826,2048,locked,0.0
random2048,high_load,6000,16,620278826,65536,initial,1.0
random2048,high_load,6000,16,620278826,65536,locked,1.0
random2048,high_load,6000,17,620278827,2048,initial,0.0
random2048,high_load,6000,17,620278827,2048,locked,0.0
random2048,high_load,6000,17,620278827,65536,initial,1.0
random2048,high_load,6000,17,620278827,65536,locked,1.0
random2048,high_load,6000,18,620278828,2048,initial,0.0
random2048,high_load,6000,18,620278828,2048,locked,0.0
random2048,high_load,6000,18,620278828,65536,initial,1.0
random2048,high_load,6000,18,620278828,65536,locked,1.0
random2048,high_load,6000,19,620278829,2048,initial,0.0
random2048,high_load,6000,19,620278829,2048,locked,0.0
random2048,high_load,6000,19,620278829,65536,initial,1.0
random2048,high_load,6000,19,620278829,65536,locked,1.0
