source_experiment,source_artifact,source_hash,scope,attack_condition,benign_condition,level,variant_or_comparison,metric,estimate,ci95_low,ci95_high,n_independent_units,independent_unit,inference_method,measurement_status,notes
E1,e1_results.json,d3d5b503a5b059b749c9dec6156a98451a00af838b2d74331d139205b8750dff,primary_benign,,random2048,5,combined,benign_trigger_rate,0.0,0.0,0.0,20,run,cluster bootstrap over independent runs,measured,Benign-only FPR; not an attack-detection metric.
E1,e1_results.json,d3d5b503a5b059b749c9dec6156a98451a00af838b2d74331d139205b8750dff,primary_benign,,random2048,5,traffic_feature,samples,4.967999999999999,4.837568907222661,5.0984310927773375,20,run,cluster bootstrap over independent runs,measured,Benign controlled-emulation feature.
E1,e1_results.json,d3d5b503a5b059b749c9dec6156a98451a00af838b2d74331d139205b8750dff,primary_benign,,random2048,5,traffic_feature,entropy,2.1825719279643705,2.145253486458876,2.219890369469865,20,run,cluster bootstrap over independent runs,measured,Benign controlled-emulation feature.
E1,e1_results.json,d3d5b503a5b059b749c9dec6156a98451a00af838b2d74331d139205b8750dff,primary_benign,,random2048,5,traffic_feature,unique_ratio,0.9988917267917268,0.9977936483823313,0.9999898052011222,20,run,cluster bootstrap over independent runs,measured,Benign controlled-emulation feature.
E1,e1_results.json,d3d5b503a5b059b749c9dec6156a98451a00af838b2d74331d139205b8750dff,primary_benign,,random2048,12,combined,benign_trigger_rate,0.0006666666666666668,0.0,0.0018333333333333333,20,run,cluster bootstrap over independent runs,measured,Benign-only FPR; not an attack-detection metric.
E1,e1_results.json,d3d5b503a5b059b749c9dec6156a98451a00af838b2d74331d139205b8750dff,primary_benign,,random2048,12,traffic_feature,samples,11.708833333333335,11.43547102806927,11.9821956385974,20,run,cluster bootstrap over independent runs,measured,Benign controlled-emulation feature.
E1,e1_results.json,d3d5b503a5b059b749c9dec6156a98451a00af838b2d74331d139205b8750dff,primary_benign,,random2048,12,traffic_feature,entropy,3.4837789333581575,3.44782410041313,3.519733766303185,20,run,cluster bootstrap over independent runs,measured,Benign controlled-emulation feature.
E1,e1_results.json,d3d5b503a5b059b749c9dec6156a98451a00af838b2d74331d139205b8750dff,primary_benign,,random2048,12,traffic_feature,unique_ratio,0.9980796356020427,0.9969358892207544,0.999223381983331,20,run,cluster bootstrap over independent runs,measured,Benign controlled-emulation feature.
E1,e1_results.json,d3d5b503a5b059b749c9dec6156a98451a00af838b2d74331d139205b8750dff,primary_benign,,random2048,18,combined,benign_trigger_rate,0.1,0.07383333333333333,0.128,20,run,cluster bootstrap over independent runs,measured,Benign-only FPR; not an attack-detection metric.
E1,e1_results.json,d3d5b503a5b059b749c9dec6156a98451a00af838b2d74331d139205b8750dff,primary_benign,,random2048,18,traffic_feature,samples,18.151333333333334,17.678030573849107,18.62463609281756,20,run,cluster bootstrap over independent runs,measured,Benign controlled-emulation feature.
E1,e1_results.json,d3d5b503a5b059b749c9dec6156a98451a00af838b2d74331d139205b8750dff,primary_benign,,random2048,18,traffic_feature,entropy,4.136143651488367,4.096346876000915,4.175940426975819,20,run,cluster bootstrap over independent runs,measured,Benign controlled-emulation feature.
E1,e1_results.json,d3d5b503a5b059b749c9dec6156a98451a00af838b2d74331d139205b8750dff,primary_benign,,random2048,18,traffic_feature,unique_ratio,0.9961755775711856,0.9946521275958004,0.9976990275465708,20,run,cluster bootstrap over independent runs,measured,Benign controlled-emulation feature.
E1,e1_results.json,d3d5b503a5b059b749c9dec6156a98451a00af838b2d74331d139205b8750dff,primary_benign,,random2048,24,combined,benign_trigger_rate,0.5315000000000001,0.4876666666666667,0.5805041666666666,20,run,cluster bootstrap over independent runs,measured,Benign-only FPR; not an attack-detection metric.
E1,e1_results.json,d3d5b503a5b059b749c9dec6156a98451a00af838b2d74331d139205b8750dff,primary_benign,,random2048,24,traffic_feature,samples,23.837666666666667,23.194260977882173,24.48107235545116,20,run,cluster bootstrap over independent runs,measured,Benign controlled-emulation feature.
E1,e1_results.json,d3d5b503a5b059b749c9dec6156a98451a00af838b2d74331d139205b8750dff,primary_benign,,random2048,24,traffic_feature,entropy,4.532878403077456,4.4923074676663255,4.573449338488587,20,run,cluster bootstrap over independent runs,measured,Benign controlled-emulation feature.
E1,e1_results.json,d3d5b503a5b059b749c9dec6156a98451a00af838b2d74331d139205b8750dff,primary_benign,,random2048,24,traffic_feature,unique_ratio,0.9936529088227882,0.991944461298332,0.9953613563472444,20,run,cluster bootstrap over independent runs,measured,Benign controlled-emulation feature.
E1,e1_results.json,d3d5b503a5b059b749c9dec6156a98451a00af838b2d74331d139205b8750dff,primary_benign,,random2048,36,combined,benign_trigger_rate,0.9773333333333332,0.9604958333333333,0.991,20,run,cluster bootstrap over independent runs,measured,Benign-only FPR; not an attack-detection metric.
E1,e1_results.json,d3d5b503a5b059b749c9dec6156a98451a00af838b2d74331d139205b8750dff,primary_benign,,random2048,36,traffic_feature,samples,36.08683333333333,35.050021285132246,37.123645381534416,20,run,cluster bootstrap over independent runs,measured,Benign controlled-emulation feature.
E1,e1_results.json,d3d5b503a5b059b749c9dec6156a98451a00af838b2d74331d139205b8750dff,primary_benign,,random2048,36,traffic_feature,entropy,5.133893412605522,5.092754765809812,5.175032059401231,20,run,cluster bootstrap over independent runs,measured,Benign controlled-emulation feature.
E1,e1_results.json,d3d5b503a5b059b749c9dec6156a98451a00af838b2d74331d139205b8750dff,primary_benign,,random2048,36,traffic_feature,unique_ratio,0.991348249775057,0.9894787274853419,0.993217772064772,20,run,cluster bootstrap over independent runs,measured,Benign controlled-emulation feature.
E1,e1_results.json,d3d5b503a5b059b749c9dec6156a98451a00af838b2d74331d139205b8750dff,primary_benign,,random2048,60,combined,benign_trigger_rate,1.0,1.0,1.0,20,run,cluster bootstrap over independent runs,measured,Benign-only FPR; not an attack-detection metric.
E1,e1_results.json,d3d5b503a5b059b749c9dec6156a98451a00af838b2d74331d139205b8750dff,primary_benign,,random2048,60,traffic_feature,samples,58.61083333333333,56.76768903042046,60.4539776362462,20,run,cluster bootstrap over independent runs,measured,Benign controlled-emulation feature.
E1,e1_results.json,d3d5b503a5b059b749c9dec6156a98451a00af838b2d74331d139205b8750dff,primary_benign,,random2048,60,traffic_feature,entropy,5.834139669914203,5.786545668172699,5.881733671655707,20,run,cluster bootstrap over independent runs,measured,Benign controlled-emulation feature.
E1,e1_results.json,d3d5b503a5b059b749c9dec6156a98451a00af838b2d74331d139205b8750dff,primary_benign,,random2048,60,traffic_feature,unique_ratio,0.9866149094297174,0.9847698558760398,0.988459962983395,20,run,cluster bootstrap over independent runs,measured,Benign controlled-emulation feature.
E1,e1_results.json,d3d5b503a5b059b749c9dec6156a98451a00af838b2d74331d139205b8750dff,primary_benign,,random2048,120,combined,benign_trigger_rate,1.0,1.0,1.0,20,run,cluster bootstrap over independent runs,measured,Benign-only FPR; not an attack-detection metric.
E1,e1_results.json,d3d5b503a5b059b749c9dec6156a98451a00af838b2d74331d139205b8750dff,primary_benign,,random2048,120,traffic_feature,samples,117.75283333333334,114.18865596947606,121.31701069719063,20,run,cluster bootstrap over independent runs,measured,Benign controlled-emulation feature.
E1,e1_results.json,d3d5b503a5b059b749c9dec6156a98451a00af838b2d74331d139205b8750dff,primary_benign,,random2048,120,traffic_feature,entropy,6.825391450697905,6.782873117498683,6.867909783897128,20,run,cluster bootstrap over independent runs,measured,Benign controlled-emulation feature.
E1,e1_results.json,d3d5b503a5b059b749c9dec6156a98451a00af838b2d74331d139205b8750dff,primary_benign,,random2048,120,traffic_feature,unique_ratio,0.9761914770327673,0.9734851435041321,0.9788978105614026,20,run,cluster bootstrap over independent runs,measured,Benign controlled-emulation feature.
E1,e1_results.json,d3d5b503a5b059b749c9dec6156a98451a00af838b2d74331d139205b8750dff,primary_benign,,random2048,300,combined,benign_trigger_rate,1.0,1.0,1.0,20,run,cluster bootstrap over independent runs,measured,Benign-only FPR; not an attack-detection metric.
E1,e1_results.json,d3d5b503a5b059b749c9dec6156a98451a00af838b2d74331d139205b8750dff,primary_benign,,random2048,300,traffic_feature,samples,297.28100000000006,290.18505561931715,304.37694438068297,20,run,cluster bootstrap over independent runs,measured,Benign controlled-emulation feature.
E1,e1_results.json,d3d5b503a5b059b749c9dec6156a98451a00af838b2d74331d139205b8750dff,primary_benign,,random2048,300,traffic_feature,entropy,8.068453203951966,8.034985857954934,8.101920549948998,20,run,cluster bootstrap over independent runs,measured,Benign controlled-emulation feature.
E1,e1_results.json,d3d5b503a5b059b749c9dec6156a98451a00af838b2d74331d139205b8750dff,primary_benign,,random2048,300,traffic_feature,unique_ratio,0.9290702267250088,0.9252115724045682,0.9329288810454495,20,run,cluster bootstrap over independent runs,measured,Benign controlled-emulation feature.
E1,e1_results.json,d3d5b503a5b059b749c9dec6156a98451a00af838b2d74331d139205b8750dff,primary_benign,,sequential,5,combined,benign_trigger_rate,0.0,0.0,0.0,20,run,cluster bootstrap over independent runs,measured,Benign-only FPR; not an attack-detection metric.
E1,e1_results.json,d3d5b503a5b059b749c9dec6156a98451a00af838b2d74331d139205b8750dff,primary_benign,,sequential,5,traffic_feature,samples,4.934666666666667,4.839276663919523,5.030056669413811,20,run,cluster bootstrap over independent runs,measured,Benign controlled-emulation feature.
E1,e1_results.json,d3d5b503a5b059b749c9dec6156a98451a00af838b2d74331d139205b8750dff,primary_benign,,sequential,5,traffic_feature,entropy,2.175320629271973,2.1471677900414408,2.203473468502505,20,run,cluster bootstrap over independent runs,measured,Benign controlled-emulation feature.
E1,e1_results.json,d3d5b503a5b059b749c9dec6156a98451a00af838b2d74331d139205b8750dff,primary_benign,,sequential,5,traffic_feature,unique_ratio,1.0,1.0,1.0,20,run,cluster bootstrap over independent runs,measured,Benign controlled-emulation feature.
E1,e1_results.json,d3d5b503a5b059b749c9dec6156a98451a00af838b2d74331d139205b8750dff,primary_benign,,sequential,12,combined,benign_trigger_rate,0.0011666666666666668,0.0,0.0031666666666666666,20,run,cluster bootstrap over independent runs,measured,Benign-only FPR; not an attack-detection metric.
E1,e1_results.json,d3d5b503a5b059b749c9dec6156a98451a00af838b2d74331d139205b8750dff,primary_benign,,sequential,12,traffic_feature,samples,11.954166666666667,11.674333664345847,12.233999668987488,20,run,cluster bootstrap over independent runs,measured,Benign controlled-emulation feature.
E1,e1_results.json,d3d5b503a5b059b749c9dec6156a98451a00af838b2d74331d139205b8750dff,primary_benign,,sequential,12,traffic_feature,entropy,3.5196440898466563,3.485394088933171,3.5538940907601417,20,run,cluster bootstrap over independent runs,measured,Benign controlled-emulation feature.
E1,e1_results.json,d3d5b503a5b059b749c9dec6156a98451a00af838b2d74331d139205b8750dff,primary_benign,,sequential,12,traffic_feature,unique_ratio,1.0,1.0,1.0,20,run,cluster bootstrap over independent runs,measured,Benign controlled-emulation feature.
E1,e1_results.json,d3d5b503a5b059b749c9dec6156a98451a00af838b2d74331d139205b8750dff,primary_benign,,sequential,18,combined,benign_trigger_rate,0.10783333333333331,0.07633333333333334,0.14033749999999995,20,run,cluster bootstrap over independent runs,measured,Benign-only FPR; not an attack-detection metric.
E1,e1_results.json,d3d5b503a5b059b749c9dec6156a98451a00af838b2d74331d139205b8750dff,primary_benign,,sequential,18,traffic_feature,samples,18.052666666666667,17.579462103596597,18.525871229736737,20,run,cluster bootstrap over independent runs,measured,Benign controlled-emulation feature.
E1,e1_results.json,d3d5b503a5b059b749c9dec6156a98451a00af838b2d74331d139205b8750dff,primary_benign,,sequential,18,traffic_feature,entropy,4.133294087573189,4.097029977083257,4.169558198063121,20,run,cluster bootstrap over independent runs,measured,Benign controlled-emulation feature.
E1,e1_results.json,d3d5b503a5b059b749c9dec6156a98451a00af838b2d74331d139205b8750dff,primary_benign,,sequential,18,traffic_feature,unique_ratio,1.0,1.0,1.0,20,run,cluster bootstrap over independent runs,measured,Benign controlled-emulation feature.
E1,e1_results.json,d3d5b503a5b059b749c9dec6156a98451a00af838b2d74331d139205b8750dff,primary_benign,,sequential,24,combined,benign_trigger_rate,0.5006666666666667,0.457325,0.5408333333333334,20,run,cluster bootstrap over independent runs,measured,Benign-only FPR; not an attack-detection metric.
E1,e1_results.json,d3d5b503a5b059b749c9dec6156a98451a00af838b2d74331d139205b8750dff,primary_benign,,sequential,24,traffic_feature,samples,23.706166666666668,23.128304983595633,24.284028349737703,20,run,cluster bootstrap over independent runs,measured,Benign controlled-emulation feature.
E1,e1_results.json,d3d5b503a5b059b749c9dec6156a98451a00af838b2d74331d139205b8750dff,primary_benign,,sequential,24,traffic_feature,entropy,4.535138550392483,4.500156552624356,4.5701205481606095,20,run,cluster bootstrap over independent runs,measured,Benign controlled-emulation feature.
E1,e1_results.json,d3d5b503a5b059b749c9dec6156a98451a00af838b2d74331d139205b8750dff,primary_benign,,sequential,24,traffic_feature,unique_ratio,1.0,1.0,1.0,20,run,cluster bootstrap over independent runs,measured,Benign controlled-emulation feature.
E1,e1_results.json,d3d5b503a5b059b749c9dec6156a98451a00af838b2d74331d139205b8750dff,primary_benign,,sequential,36,combined,benign_trigger_rate,0.9756666666666668,0.9638333333333333,0.987,20,run,cluster bootstrap over independent runs,measured,Benign-only FPR; not an attack-detection metric.
E1,e1_results.json,d3d5b503a5b059b749c9dec6156a98451a00af838b2d74331d139205b8750dff,primary_benign,,sequential,36,traffic_feature,samples,35.47716666666667,34.6706439510418,36.28368938229154,20,run,cluster bootstrap over independent runs,measured,Benign controlled-emulation feature.
E1,e1_results.json,d3d5b503a5b059b749c9dec6156a98451a00af838b2d74331d139205b8750dff,primary_benign,,sequential,36,traffic_feature,entropy,5.126463746022972,5.092316334887673,5.16061115715827,20,run,cluster bootstrap over independent runs,measured,Benign controlled-emulation feature.
E1,e1_results.json,d3d5b503a5b059b749c9dec6156a98451a00af838b2d74331d139205b8750dff,primary_benign,,sequential,36,traffic_feature,unique_ratio,1.0,1.0,1.0,20,run,cluster bootstrap over independent runs,measured,Benign controlled-emulation feature.
E1,e1_results.json,d3d5b503a5b059b749c9dec6156a98451a00af838b2d74331d139205b8750dff,primary_benign,,sequential,60,combined,benign_trigger_rate,1.0,1.0,1.0,20,run,cluster bootstrap over independent runs,measured,Benign-only FPR; not an attack-detection metric.
E1,e1_results.json,d3d5b503a5b059b749c9dec6156a98451a00af838b2d74331d139205b8750dff,primary_benign,,sequential,60,traffic_feature,samples,60.233999999999995,58.920312061306355,61.547687938693635,20,run,cluster bootstrap over independent runs,measured,Benign controlled-emulation feature.
E1,e1_results.json,d3d5b503a5b059b749c9dec6156a98451a00af838b2d74331d139205b8750dff,primary_benign,,sequential,60,traffic_feature,entropy,5.901369938885383,5.868828686712373,5.933911191058392,20,run,cluster bootstrap over independent runs,measured,Benign controlled-emulation feature.
E1,e1_results.json,d3d5b503a5b059b749c9dec6156a98451a00af838b2d74331d139205b8750dff,primary_benign,,sequential,60,traffic_feature,unique_ratio,1.0,1.0,1.0,20,run,cluster bootstrap over independent runs,measured,Benign controlled-emulation feature.
E1,e1_results.json,d3d5b503a5b059b749c9dec6156a98451a00af838b2d74331d139205b8750dff,primary_benign,,sequential,120,combined,benign_trigger_rate,1.0,1.0,1.0,20,run,cluster bootstrap over independent runs,measured,Benign-only FPR; not an attack-detection metric.
E1,e1_results.json,d3d5b503a5b059b749c9dec6156a98451a00af838b2d74331d139205b8750dff,primary_benign,,sequential,120,traffic_feature,samples,122.14366666666668,118.51382948312444,125.77350385020891,20,run,cluster bootstrap over independent runs,measured,Benign controlled-emulation feature.
E1,e1_results.json,d3d5b503a5b059b749c9dec6156a98451a00af838b2d74331d139205b8750dff,primary_benign,,sequential,120,traffic_feature,entropy,6.9258280364676725,6.883014491439603,6.968641581495742,20,run,cluster bootstrap over independent runs,measured,Benign controlled-emulation feature.
E1,e1_results.json,d3d5b503a5b059b749c9dec6156a98451a00af838b2d74331d139205b8750dff,primary_benign,,sequential,120,traffic_feature,unique_ratio,1.0,1.0,1.0,20,run,cluster bootstrap over independent runs,measured,Benign controlled-emulation feature.
E1,e1_results.json,d3d5b503a5b059b749c9dec6156a98451a00af838b2d74331d139205b8750dff,primary_benign,,sequential,300,combined,benign_trigger_rate,1.0,1.0,1.0,20,run,cluster bootstrap over independent runs,measured,Benign-only FPR; not an attack-detection metric.
E1,e1_results.json,d3d5b503a5b059b749c9dec6156a98451a00af838b2d74331d139205b8750dff,primary_benign,,sequential,300,traffic_feature,samples,294.97866666666664,288.154740899138,301.8025924341953,20,run,cluster bootstrap over independent runs,measured,Benign controlled-emulation feature.
E1,e1_results.json,d3d5b503a5b059b749c9dec6156a98451a00af838b2d74331d139205b8750dff,primary_benign,,sequential,300,traffic_feature,entropy,8.201927665905444,8.168089256277563,8.235766075533325,20,run,cluster bootstrap over independent runs,measured,Benign controlled-emulation feature.
E1,e1_results.json,d3d5b503a5b059b749c9dec6156a98451a00af838b2d74331d139205b8750dff,primary_benign,,sequential,300,traffic_feature,unique_ratio,1.0,1.0,1.0,20,run,cluster bootstrap over independent runs,measured,Benign controlled-emulation feature.
E1,e1_results.json,d3d5b503a5b059b749c9dec6156a98451a00af838b2d74331d139205b8750dff,primary_benign,,smallpool16,5,combined,benign_trigger_rate,0.0,0.0,0.0,20,run,cluster bootstrap over independent runs,measured,Benign-only FPR; not an attack-detection metric.
E1,e1_results.json,d3d5b503a5b059b749c9dec6156a98451a00af838b2d74331d139205b8750dff,primary_benign,,smallpool16,5,traffic_feature,samples,4.982666666666667,4.8594601909004425,5.105873142432891,20,run,cluster bootstrap over independent runs,measured,Benign controlled-emulation feature.
E1,e1_results.json,d3d5b503a5b059b749c9dec6156a98451a00af838b2d74331d139205b8750dff,primary_benign,,smallpool16,5,traffic_feature,entropy,1.9534254716735344,1.9242508367530504,1.9826001065940184,20,run,cluster bootstrap over independent runs,measured,Benign controlled-emulation feature.
E1,e1_results.json,d3d5b503a5b059b749c9dec6156a98451a00af838b2d74331d139205b8750dff,primary_benign,,smallpool16,5,traffic_feature,unique_ratio,0.8867824037074037,0.8803544688428574,0.89321033857195,20,run,cluster bootstrap over independent runs,measured,Benign controlled-emulation feature.
E1,e1_results.json,d3d5b503a5b059b749c9dec6156a98451a00af838b2d74331d139205b8750dff,primary_benign,,smallpool16,12,combined,benign_trigger_rate,0.0,0.0,0.0,20,run,cluster bootstrap over independent runs,measured,Benign-only FPR; not an attack-detection metric.
E1,e1_results.json,d3d5b503a5b059b749c9dec6156a98451a00af838b2d74331d139205b8750dff,primary_benign,,smallpool16,12,traffic_feature,samples,11.800333333333334,11.501688548140374,12.098978118526295,20,run,cluster bootstrap over independent runs,measured,Benign controlled-emulation feature.
E1,e1_results.json,d3d5b503a5b059b749c9dec6156a98451a00af838b2d74331d139205b8750dff,primary_benign,,smallpool16,12,traffic_feature,entropy,2.9071304490356376,2.8753645426814107,2.9388963553898644,20,run,cluster bootstrap over independent runs,measured,Benign controlled-emulation feature.
E1,e1_results.json,d3d5b503a5b059b749c9dec6156a98451a00af838b2d74331d139205b8750dff,primary_benign,,smallpool16,12,traffic_feature,unique_ratio,0.7249703464229381,0.7153652795242064,0.7345754133216699,20,run,cluster bootstrap over independent runs,measured,Benign controlled-emulation feature.
E1,e1_results.json,d3d5b503a5b059b749c9dec6156a98451a00af838b2d74331d139205b8750dff,primary_benign,,smallpool16,18,combined,benign_trigger_rate,0.0,0.0,0.0,20,run,cluster bootstrap over independent runs,measured,Benign-only FPR; not an attack-detection metric.
E1,e1_results.json,d3d5b503a5b059b749c9dec6156a98451a00af838b2d74331d139205b8750dff,primary_benign,,smallpool16,18,traffic_feature,samples,18.05983333333333,17.58463314888287,18.53503351778379,20,run,cluster bootstrap over independent runs,measured,Benign controlled-emulation feature.
E1,e1_results.json,d3d5b503a5b059b749c9dec6156a98451a00af838b2d74331d139205b8750dff,primary_benign,,smallpool16,18,traffic_feature,entropy,3.254823002355841,3.2309472572117643,3.2786987474999174,20,run,cluster bootstrap over independent runs,measured,Benign controlled-emulation feature.
E1,e1_results.json,d3d5b503a5b059b749c9dec6156a98451a00af838b2d74331d139205b8750dff,primary_benign,,smallpool16,18,traffic_feature,unique_ratio,0.6133786851652647,0.6051974701028972,0.6215599002276323,20,run,cluster bootstrap over independent runs,measured,Benign controlled-emulation feature.
E1,e1_results.json,d3d5b503a5b059b749c9dec6156a98451a00af838b2d74331d139205b8750dff,primary_benign,,smallpool16,24,combined,benign_trigger_rate,0.0,0.0,0.0,20,run,cluster bootstrap over independent runs,measured,Benign-only FPR; not an attack-detection metric.
E1,e1_results.json,d3d5b503a5b059b749c9dec6156a98451a00af838b2d74331d139205b8750dff,primary_benign,,smallpool16,24,traffic_feature,samples,23.71516666666667,23.13054904924067,24.299784284092667,20,run,cluster bootstrap over independent runs,measured,Benign controlled-emulation feature.
E1,e1_results.json,d3d5b503a5b059b749c9dec6156a98451a00af838b2d74331d139205b8750dff,primary_benign,,smallpool16,24,traffic_feature,entropy,3.45507665136898,3.4339602804684,3.4761930222695603,20,run,cluster bootstrap over independent runs,measured,Benign controlled-emulation feature.
E1,e1_results.json,d3d5b503a5b059b749c9dec6156a98451a00af838b2d74331d139205b8750dff,primary_benign,,smallpool16,24,traffic_feature,unique_ratio,0.5394070498030803,0.5297327668240787,0.5490813327820819,20,run,cluster bootstrap over independent runs,measured,Benign controlled-emulation feature.
E1,e1_results.json,d3d5b503a5b059b749c9dec6156a98451a00af838b2d74331d139205b8750dff,primary_benign,,smallpool16,36,combined,benign_trigger_rate,0.0,0.0,0.0,20,run,cluster bootstrap over independent runs,measured,Benign-only FPR; not an attack-detection metric.
E1,e1_results.json,d3d5b503a5b059b749c9dec6156a98451a00af838b2d74331d139205b8750dff,primary_benign,,smallpool16,36,traffic_feature,samples,36.46150000000001,35.62206605635032,37.300933943649696,20,run,cluster bootstrap over independent runs,measured,Benign controlled-emulation feature.
E1,e1_results.json,d3d5b503a5b059b749c9dec6156a98451a00af838b2d74331d139205b8750dff,primary_benign,,smallpool16,36,traffic_feature,entropy,3.6508471866737735,3.631403882046531,3.670290491301016,20,run,cluster bootstrap over independent runs,measured,Benign controlled-emulation feature.
E1,e1_results.json,d3d5b503a5b059b749c9dec6156a98451a00af838b2d74331d139205b8750dff,primary_benign,,smallpool16,36,traffic_feature,unique_ratio,0.4016720565232691,0.3926224373797497,0.41072167566678847,20,run,cluster bootstrap over independent runs,measured,Benign controlled-emulation feature.
E1,e1_results.json,d3d5b503a5b059b749c9dec6156a98451a00af838b2d74331d139205b8750dff,primary_benign,,smallpool16,60,combined,benign_trigger_rate,0.0,0.0,0.0,20,run,cluster bootstrap over independent runs,measured,Benign-only FPR; not an attack-detection metric.
E1,e1_results.json,d3d5b503a5b059b749c9dec6156a98451a00af838b2d74331d139205b8750dff,primary_benign,,smallpool16,60,traffic_feature,samples,59.88283333333334,58.490430594333034,61.27523607233364,20,run,cluster bootstrap over independent runs,measured,Benign controlled-emulation feature.
E1,e1_results.json,d3d5b503a5b059b749c9dec6156a98451a00af838b2d74331d139205b8750dff,primary_benign,,smallpool16,60,traffic_feature,entropy,3.800431773088394,3.7863753883347275,3.81448815784206,20,run,cluster bootstrap over independent runs,measured,Benign controlled-emulation feature.
E1,e1_results.json,d3d5b503a5b059b749c9dec6156a98451a00af838b2d74331d139205b8750dff,primary_benign,,smallpool16,60,traffic_feature,unique_ratio,0.2644263711131662,0.2589676623750551,0.2698850798512773,20,run,cluster bootstrap over independent runs,measured,Benign controlled-emulation feature.
E1,e1_results.json,d3d5b503a5b059b749c9dec6156a98451a00af838b2d74331d139205b8750dff,primary_benign,,smallpool16,120,combined,benign_trigger_rate,0.0,0.0,0.0,20,run,cluster bootstrap over independent runs,measured,Benign-only FPR; not an attack-detection metric.
E1,e1_results.json,d3d5b503a5b059b749c9dec6156a98451a00af838b2d74331d139205b8750dff,primary_benign,,smallpool16,120,traffic_feature,samples,119.61216666666667,116.58810295464491,122.63623037868842,20,run,cluster bootstrap over independent runs,measured,Benign controlled-emulation feature.
E1,e1_results.json,d3d5b503a5b059b749c9dec6156a98451a00af838b2d74331d139205b8750dff,primary_benign,,smallpool16,120,traffic_feature,entropy,3.9005715562638557,3.890688780751352,3.9104543317763594,20,run,cluster bootstrap over independent runs,measured,Benign controlled-emulation feature.
E1,e1_results.json,d3d5b503a5b059b749c9dec6156a98451a00af838b2d74331d139205b8750dff,primary_benign,,smallpool16,120,traffic_feature,unique_ratio,0.13463375834767605,0.13127446058607378,0.1379930561092783,20,run,cluster bootstrap over independent runs,measured,Benign controlled-emulation feature.
E1,e1_results.json,d3d5b503a5b059b749c9dec6156a98451a00af838b2d74331d139205b8750dff,primary_benign,,smallpool16,300,combined,benign_trigger_rate,0.0,0.0,0.0,20,run,cluster bootstrap over independent runs,measured,Benign-only FPR; not an attack-detection metric.
E1,e1_results.json,d3d5b503a5b059b749c9dec6156a98451a00af838b2d74331d139205b8750dff,primary_benign,,smallpool16,300,traffic_feature,samples,299.61516666666665,293.5631560982601,305.6671772350732,20,run,cluster bootstrap over independent runs,measured,Benign controlled-emulation feature.
E1,e1_results.json,d3d5b503a5b059b749c9dec6156a98451a00af838b2d74331d139205b8750dff,primary_benign,,smallpool16,300,traffic_feature,entropy,3.963263765229393,3.958645404844883,3.967882125613903,20,run,cluster bootstrap over independent runs,measured,Benign controlled-emulation feature.
E1,e1_results.json,d3d5b503a5b059b749c9dec6156a98451a00af838b2d74331d139205b8750dff,primary_benign,,smallpool16,300,traffic_feature,unique_ratio,0.05355221200048823,0.05239874772532796,0.0547056762756485,20,run,cluster bootstrap over independent runs,measured,Benign controlled-emulation feature.
E1,e1_results.json,d3d5b503a5b059b749c9dec6156a98451a00af838b2d74331d139205b8750dff,supplementary_high_load_benign,,random2048,600,combined,benign_trigger_rate,1.0,1.0,1.0,20,run,cluster bootstrap over independent runs,measured,Supplementary high-load benign FPR; source summary fixes K=20.
E1,e1_results.json,d3d5b503a5b059b749c9dec6156a98451a00af838b2d74331d139205b8750dff,supplementary_high_load_benign,,random2048,600,traffic_feature,samples,589.9511666666667,,,20,run,cluster bootstrap over independent runs,measured_ci_not_available_in_frozen_compact_artifact,Supplementary high-load feature; no frozen feature CI in this compact artifact.
E1,e1_results.json,d3d5b503a5b059b749c9dec6156a98451a00af838b2d74331d139205b8750dff,supplementary_high_load_benign,,random2048,600,traffic_feature,entropy,8.938441031004455,,,20,run,cluster bootstrap over independent runs,measured_ci_not_available_in_frozen_compact_artifact,Supplementary high-load feature; no frozen feature CI in this compact artifact.
E1,e1_results.json,d3d5b503a5b059b749c9dec6156a98451a00af838b2d74331d139205b8750dff,supplementary_high_load_benign,,random2048,600,traffic_feature,unique_ratio,0.871670390138115,,,20,run,cluster bootstrap over independent runs,measured_ci_not_available_in_frozen_compact_artifact,Supplementary high-load feature; no frozen feature CI in this compact artifact.
E1,e1_results.json,d3d5b503a5b059b749c9dec6156a98451a00af838b2d74331d139205b8750dff,supplementary_high_load_benign,,random2048,1200,combined,benign_trigger_rate,1.0,1.0,1.0,20,run,cluster bootstrap over independent runs,measured,Supplementary high-load benign FPR; source summary fixes K=20.
E1,e1_results.json,d3d5b503a5b059b749c9dec6156a98451a00af838b2d74331d139205b8750dff,supplementary_high_load_benign,,random2048,1200,traffic_feature,samples,1179.8664999999999,,,20,run,cluster bootstrap over independent runs,measured_ci_not_available_in_frozen_compact_artifact,Supplementary high-load feature; no frozen feature CI in this compact artifact.
E1,e1_results.json,d3d5b503a5b059b749c9dec6156a98451a00af838b2d74331d139205b8750dff,supplementary_high_load_benign,,random2048,1200,traffic_feature,entropy,9.68969654014852,,,20,run,cluster bootstrap over independent runs,measured_ci_not_available_in_frozen_compact_artifact,Supplementary high-load feature; no frozen feature CI in this compact artifact.
E1,e1_results.json,d3d5b503a5b059b749c9dec6156a98451a00af838b2d74331d139205b8750dff,supplementary_high_load_benign,,random2048,1200,traffic_feature,unique_ratio,0.7595019774232546,,,20,run,cluster bootstrap over independent runs,measured_ci_not_available_in_frozen_compact_artifact,Supplementary high-load feature; no frozen feature CI in this compact artifact.
E1,e1_results.json,d3d5b503a5b059b749c9dec6156a98451a00af838b2d74331d139205b8750dff,supplementary_high_load_benign,,random2048,1400,combined,benign_trigger_rate,1.0,1.0,1.0,20,run,cluster bootstrap over independent runs,measured,Supplementary high-load benign FPR; source summary fixes K=20.
E1,e1_results.json,d3d5b503a5b059b749c9dec6156a98451a00af838b2d74331d139205b8750dff,supplementary_high_load_benign,,random2048,1400,traffic_feature,samples,1391.8425000000002,,,20,run,cluster bootstrap over independent runs,measured_ci_not_available_in_frozen_compact_artifact,Supplementary high-load feature; no frozen feature CI in this compact artifact.
E1,e1_results.json,d3d5b503a5b059b749c9dec6156a98451a00af838b2d74331d139205b8750dff,supplementary_high_load_benign,,random2048,1400,traffic_feature,entropy,9.84465119853486,,,20,run,cluster bootstrap over independent runs,measured_ci_not_available_in_frozen_compact_artifact,Supplementary high-load feature; no frozen feature CI in this compact artifact.
E1,e1_results.json,d3d5b503a5b059b749c9dec6156a98451a00af838b2d74331d139205b8750dff,supplementary_high_load_benign,,random2048,1400,traffic_feature,unique_ratio,0.724330920794447,,,20,run,cluster bootstrap over independent runs,measured_ci_not_available_in_frozen_compact_artifact,Supplementary high-load feature; no frozen feature CI in this compact artifact.
E1,e1_results.json,d3d5b503a5b059b749c9dec6156a98451a00af838b2d74331d139205b8750dff,supplementary_high_load_benign,,random2048,1600,combined,benign_trigger_rate,0.2515,0.06751562181697188,0.4354843781830281,20,run,cluster bootstrap over independent runs,measured,Supplementary high-load benign FPR; source summary fixes K=20.
E1,e1_results.json,d3d5b503a5b059b749c9dec6156a98451a00af838b2d74331d139205b8750dff,supplementary_high_load_benign,,random2048,1600,traffic_feature,samples,1596.8470000000002,,,20,run,cluster bootstrap over independent runs,measured_ci_not_available_in_frozen_compact_artifact,Supplementary high-load feature; no frozen feature CI in this compact artifact.
E1,e1_results.json,d3d5b503a5b059b749c9dec6156a98451a00af838b2d74331d139205b8750dff,supplementary_high_load_benign,,random2048,1600,traffic_feature,entropy,9.966403206317775,,,20,run,cluster bootstrap over independent runs,measured_ci_not_available_in_frozen_compact_artifact,Supplementary high-load feature; no frozen feature CI in this compact artifact.
E1,e1_results.json,d3d5b503a5b059b749c9dec6156a98451a00af838b2d74331d139205b8750dff,supplementary_high_load_benign,,random2048,1600,traffic_feature,unique_ratio,0.6922659826975702,,,20,run,cluster bootstrap over independent runs,measured_ci_not_available_in_frozen_compact_artifact,Supplementary high-load feature; no frozen feature CI in this compact artifact.
E1,e1_results.json,d3d5b503a5b059b749c9dec6156a98451a00af838b2d74331d139205b8750dff,supplementary_high_load_benign,,random2048,1800,combined,benign_trigger_rate,0.0,0.0,0.0,20,run,cluster bootstrap over independent runs,measured,Supplementary high-load benign FPR; source summary fixes K=20.
E1,e1_results.json,d3d5b503a5b059b749c9dec6156a98451a00af838b2d74331d139205b8750dff,supplementary_high_load_benign,,random2048,1800,traffic_feature,samples,1796.1956666666665,,,20,run,cluster bootstrap over independent runs,measured_ci_not_available_in_frozen_compact_artifact,Supplementary high-load feature; no frozen feature CI in this compact artifact.
E1,e1_results.json,d3d5b503a5b059b749c9dec6156a98451a00af838b2d74331d139205b8750dff,supplementary_high_load_benign,,random2048,1800,traffic_feature,entropy,10.066511616778213,,,20,run,cluster bootstrap over independent runs,measured_ci_not_available_in_frozen_compact_artifact,Supplementary high-load feature; no frozen feature CI in this compact artifact.
E1,e1_results.json,d3d5b503a5b059b749c9dec6156a98451a00af838b2d74331d139205b8750dff,supplementary_high_load_benign,,random2048,1800,traffic_feature,unique_ratio,0.6651383299766606,,,20,run,cluster bootstrap over independent runs,measured_ci_not_available_in_frozen_compact_artifact,Supplementary high-load feature; no frozen feature CI in this compact artifact.
E1,e1_results.json,d3d5b503a5b059b749c9dec6156a98451a00af838b2d74331d139205b8750dff,supplementary_high_load_benign,,random2048,2000,combined,benign_trigger_rate,0.0,0.0,0.0,20,run,cluster bootstrap over independent runs,measured,Supplementary high-load benign FPR; source summary fixes K=20.
E1,e1_results.json,d3d5b503a5b059b749c9dec6156a98451a00af838b2d74331d139205b8750dff,supplementary_high_load_benign,,random2048,2000,traffic_feature,samples,1995.314333333333,,,20,run,cluster bootstrap over independent runs,measured_ci_not_available_in_frozen_compact_artifact,Supplementary high-load feature; no frozen feature CI in this compact artifact.
E1,e1_results.json,d3d5b503a5b059b749c9dec6156a98451a00af838b2d74331d139205b8750dff,supplementary_high_load_benign,,random2048,2000,traffic_feature,entropy,10.156658756523498,,,20,run,cluster bootstrap over independent runs,measured_ci_not_available_in_frozen_compact_artifact,Supplementary high-load feature; no frozen feature CI in this compact artifact.
E1,e1_results.json,d3d5b503a5b059b749c9dec6156a98451a00af838b2d74331d139205b8750dff,supplementary_high_load_benign,,random2048,2000,traffic_feature,unique_ratio,0.6410706340508654,,,20,run,cluster bootstrap over independent runs,measured_ci_not_available_in_frozen_compact_artifact,Supplementary high-load feature; no frozen feature CI in this compact artifact.
E1,e1_results.json,d3d5b503a5b059b749c9dec6156a98451a00af838b2d74331d139205b8750dff,supplementary_high_load_benign,,random2048,3000,combined,benign_trigger_rate,0.0,0.0,0.0,20,run,cluster bootstrap over independent runs,measured,Supplementary high-load benign FPR; source summary fixes K=20.
E1,e1_results.json,d3d5b503a5b059b749c9dec6156a98451a00af838b2d74331d139205b8750dff,supplementary_high_load_benign,,random2048,3000,traffic_feature,samples,3008.8725,,,20,run,cluster bootstrap over independent runs,measured_ci_not_available_in_frozen_compact_artifact,Supplementary high-load feature; no frozen feature CI in this compact artifact.
E1,e1_results.json,d3d5b503a5b059b749c9dec6156a98451a00af838b2d74331d139205b8750dff,supplementary_high_load_benign,,random2048,3000,traffic_feature,entropy,10.432519846695225,,,20,run,cluster bootstrap over independent runs,measured_ci_not_available_in_frozen_compact_artifact,Supplementary high-load feature; no frozen feature CI in this compact artifact.
E1,e1_results.json,d3d5b503a5b059b749c9dec6156a98451a00af838b2d74331d139205b8750dff,supplementary_high_load_benign,,random2048,3000,traffic_feature,unique_ratio,0.5248140234507532,,,20,run,cluster bootstrap over independent runs,measured_ci_not_available_in_frozen_compact_artifact,Supplementary high-load feature; no frozen feature CI in this compact artifact.
E1,e1_results.json,d3d5b503a5b059b749c9dec6156a98451a00af838b2d74331d139205b8750dff,supplementary_high_load_benign,,random2048,6000,combined,benign_trigger_rate,0.0,0.0,0.0,20,run,cluster bootstrap over independent runs,measured,Supplementary high-load benign FPR; source summary fixes K=20.
E1,e1_results.json,d3d5b503a5b059b749c9dec6156a98451a00af838b2d74331d139205b8750dff,supplementary_high_load_benign,,random2048,6000,traffic_feature,samples,6000.333333333333,,,20,run,cluster bootstrap over independent runs,measured_ci_not_available_in_frozen_compact_artifact,Supplementary high-load feature; no frozen feature CI in this compact artifact.
E1,e1_results.json,d3d5b503a5b059b749c9dec6156a98451a00af838b2d74331d139205b8750dff,supplementary_high_load_benign,,random2048,6000,traffic_feature,entropy,10.730325452797318,,,20,run,cluster bootstrap over independent runs,measured_ci_not_available_in_frozen_compact_artifact,Supplementary high-load feature; no frozen feature CI in this compact artifact.
E1,e1_results.json,d3d5b503a5b059b749c9dec6156a98451a00af838b2d74331d139205b8750dff,supplementary_high_load_benign,,random2048,6000,traffic_feature,unique_ratio,0.32359995729297986,,,20,run,cluster bootstrap over independent runs,measured_ci_not_available_in_frozen_compact_artifact,Supplementary high-load feature; no frozen feature CI in this compact artifact.
E2,e2_results.json,21769dc99dff13d4dffa43962a2e27751395c722a38fe828cfe6a0e44ab45e01,all_test_cells,attack_sweep_continuous,benign_continuous,24,combined,attack_alert_rate,0.5096666666666667,0.4703333333333334,0.545,20,paired_trace,5000 whole-pair bootstrap resamples,measured,
E2,e2_results.json,21769dc99dff13d4dffa43962a2e27751395c722a38fe828cfe6a0e44ab45e01,all_test_cells,attack_sweep_continuous,benign_continuous,24,combined,benign_trigger_rate,0.5096666666666667,0.47165833333333324,0.5460083333333332,20,paired_trace,5000 whole-pair bootstrap resamples,measured,
E2,e2_results.json,21769dc99dff13d4dffa43962a2e27751395c722a38fe828cfe6a0e44ab45e01,all_test_cells,attack_sweep_continuous,benign_continuous,24,combined,FNR,0.49033333333333334,0.45600000000000007,0.5290083333333333,20,paired_trace,5000 whole-pair bootstrap resamples,measured,
E2,e2_results.json,21769dc99dff13d4dffa43962a2e27751395c722a38fe828cfe6a0e44ab45e01,all_test_cells,attack_sweep_continuous,benign_continuous,24,combined,balanced_precision,0.5,0.5,0.5,20,paired_trace,5000 whole-pair bootstrap resamples,measured,
E2,e2_results.json,21769dc99dff13d4dffa43962a2e27751395c722a38fe828cfe6a0e44ab45e01,all_test_cells,attack_sweep_continuous,benign_continuous,24,combined,J,0.0,0.0,0.0,20,paired_trace,5000 whole-pair bootstrap resamples,measured,
E2,e2_results.json,21769dc99dff13d4dffa43962a2e27751395c722a38fe828cfe6a0e44ab45e01,all_test_cells,attack_sweep_continuous,benign_continuous,24,volume,attack_alert_rate,0.5096666666666667,0.4713333333333334,0.546,20,paired_trace,5000 whole-pair bootstrap resamples,measured,
E2,e2_results.json,21769dc99dff13d4dffa43962a2e27751395c722a38fe828cfe6a0e44ab45e01,all_test_cells,attack_sweep_continuous,benign_continuous,24,volume,benign_trigger_rate,0.5096666666666667,0.471,0.5456666666666665,20,paired_trace,5000 whole-pair bootstrap resamples,measured,
E2,e2_results.json,21769dc99dff13d4dffa43962a2e27751395c722a38fe828cfe6a0e44ab45e01,all_test_cells,attack_sweep_continuous,benign_continuous,24,volume,FNR,0.49033333333333334,0.45599999999999996,0.5283333333333331,20,paired_trace,5000 whole-pair bootstrap resamples,measured,
E2,e2_results.json,21769dc99dff13d4dffa43962a2e27751395c722a38fe828cfe6a0e44ab45e01,all_test_cells,attack_sweep_continuous,benign_continuous,24,volume,balanced_precision,0.5,0.5,0.5,20,paired_trace,5000 whole-pair bootstrap resamples,measured,
E2,e2_results.json,21769dc99dff13d4dffa43962a2e27751395c722a38fe828cfe6a0e44ab45e01,all_test_cells,attack_sweep_continuous,benign_continuous,24,volume,J,0.0,0.0,0.0,20,paired_trace,5000 whole-pair bootstrap resamples,measured,
E2,e2_results.json,21769dc99dff13d4dffa43962a2e27751395c722a38fe828cfe6a0e44ab45e01,all_test_cells,attack_sweep_continuous,benign_continuous,24,entropy,feature_PR_AUC,0.513981687145164,0.5099921273719231,0.5181704401149002,20,paired_trace,5000 whole-pair bootstrap resamples,measured,Feature-level diagnostic; not the locked E3 combined-rule PR-AUC.
E2,e2_results.json,21769dc99dff13d4dffa43962a2e27751395c722a38fe828cfe6a0e44ab45e01,all_test_cells,attack_sweep_continuous,benign_continuous,24,unique_ratio,feature_PR_AUC,0.5301506460732665,0.522604558434268,0.5383037667539946,20,paired_trace,5000 whole-pair bootstrap resamples,measured,Feature-level diagnostic; not the locked E3 combined-rule PR-AUC.
E2,e2_results.json,21769dc99dff13d4dffa43962a2e27751395c722a38fe828cfe6a0e44ab45e01,all_test_cells,attack_sweep_continuous,benign_continuous,24,volume,feature_PR_AUC,0.5,0.5,0.5,20,paired_trace,5000 whole-pair bootstrap resamples,measured,Feature-level diagnostic; not the locked E3 combined-rule PR-AUC.
E2,e2_results.json,21769dc99dff13d4dffa43962a2e27751395c722a38fe828cfe6a0e44ab45e01,all_test_cells,attack_sweep_continuous,benign_continuous,60,combined,attack_alert_rate,1.0,1.0,1.0,20,paired_trace,5000 whole-pair bootstrap resamples,measured,
E2,e2_results.json,21769dc99dff13d4dffa43962a2e27751395c722a38fe828cfe6a0e44ab45e01,all_test_cells,attack_sweep_continuous,benign_continuous,60,combined,benign_trigger_rate,1.0,1.0,1.0,20,paired_trace,5000 whole-pair bootstrap resamples,measured,
E2,e2_results.json,21769dc99dff13d4dffa43962a2e27751395c722a38fe828cfe6a0e44ab45e01,all_test_cells,attack_sweep_continuous,benign_continuous,60,combined,FNR,0.0,0.0,0.0,20,paired_trace,5000 whole-pair bootstrap resamples,measured,
E2,e2_results.json,21769dc99dff13d4dffa43962a2e27751395c722a38fe828cfe6a0e44ab45e01,all_test_cells,attack_sweep_continuous,benign_continuous,60,combined,balanced_precision,0.5,0.5,0.5,20,paired_trace,5000 whole-pair bootstrap resamples,measured,
E2,e2_results.json,21769dc99dff13d4dffa43962a2e27751395c722a38fe828cfe6a0e44ab45e01,all_test_cells,attack_sweep_continuous,benign_continuous,60,combined,J,0.0,0.0,0.0,20,paired_trace,5000 whole-pair bootstrap resamples,measured,
E2,e2_results.json,21769dc99dff13d4dffa43962a2e27751395c722a38fe828cfe6a0e44ab45e01,all_test_cells,attack_sweep_continuous,benign_continuous,60,volume,attack_alert_rate,1.0,1.0,1.0,20,paired_trace,5000 whole-pair bootstrap resamples,measured,
E2,e2_results.json,21769dc99dff13d4dffa43962a2e27751395c722a38fe828cfe6a0e44ab45e01,all_test_cells,attack_sweep_continuous,benign_continuous,60,volume,benign_trigger_rate,1.0,1.0,1.0,20,paired_trace,5000 whole-pair bootstrap resamples,measured,
E2,e2_results.json,21769dc99dff13d4dffa43962a2e27751395c722a38fe828cfe6a0e44ab45e01,all_test_cells,attack_sweep_continuous,benign_continuous,60,volume,FNR,0.0,0.0,0.0,20,paired_trace,5000 whole-pair bootstrap resamples,measured,
E2,e2_results.json,21769dc99dff13d4dffa43962a2e27751395c722a38fe828cfe6a0e44ab45e01,all_test_cells,attack_sweep_continuous,benign_continuous,60,volume,balanced_precision,0.5,0.5,0.5,20,paired_trace,5000 whole-pair bootstrap resamples,measured,
E2,e2_results.json,21769dc99dff13d4dffa43962a2e27751395c722a38fe828cfe6a0e44ab45e01,all_test_cells,attack_sweep_continuous,benign_continuous,60,volume,J,0.0,0.0,0.0,20,paired_trace,5000 whole-pair bootstrap resamples,measured,
E2,e2_results.json,21769dc99dff13d4dffa43962a2e27751395c722a38fe828cfe6a0e44ab45e01,all_test_cells,attack_sweep_continuous,benign_continuous,60,entropy,feature_PR_AUC,0.5498855386698749,0.5438030294529111,0.5560629110487922,20,paired_trace,5000 whole-pair bootstrap resamples,measured,Feature-level diagnostic; not the locked E3 combined-rule PR-AUC.
E2,e2_results.json,21769dc99dff13d4dffa43962a2e27751395c722a38fe828cfe6a0e44ab45e01,all_test_cells,attack_sweep_continuous,benign_continuous,60,unique_ratio,feature_PR_AUC,0.6655159788362206,0.6474245026282328,0.6837721609989897,20,paired_trace,5000 whole-pair bootstrap resamples,measured,Feature-level diagnostic; not the locked E3 combined-rule PR-AUC.
E2,e2_results.json,21769dc99dff13d4dffa43962a2e27751395c722a38fe828cfe6a0e44ab45e01,all_test_cells,attack_sweep_continuous,benign_continuous,60,volume,feature_PR_AUC,0.5,0.5,0.5,20,paired_trace,5000 whole-pair bootstrap resamples,measured,Feature-level diagnostic; not the locked E3 combined-rule PR-AUC.
E2,e2_results.json,21769dc99dff13d4dffa43962a2e27751395c722a38fe828cfe6a0e44ab45e01,all_test_cells,attack_sweep_continuous,benign_continuous,120,combined,attack_alert_rate,1.0,1.0,1.0,20,paired_trace,5000 whole-pair bootstrap resamples,measured,
E2,e2_results.json,21769dc99dff13d4dffa43962a2e27751395c722a38fe828cfe6a0e44ab45e01,all_test_cells,attack_sweep_continuous,benign_continuous,120,combined,benign_trigger_rate,1.0,1.0,1.0,20,paired_trace,5000 whole-pair bootstrap resamples,measured,
E2,e2_results.json,21769dc99dff13d4dffa43962a2e27751395c722a38fe828cfe6a0e44ab45e01,all_test_cells,attack_sweep_continuous,benign_continuous,120,combined,FNR,0.0,0.0,0.0,20,paired_trace,5000 whole-pair bootstrap resamples,measured,
E2,e2_results.json,21769dc99dff13d4dffa43962a2e27751395c722a38fe828cfe6a0e44ab45e01,all_test_cells,attack_sweep_continuous,benign_continuous,120,combined,balanced_precision,0.5,0.5,0.5,20,paired_trace,5000 whole-pair bootstrap resamples,measured,
E2,e2_results.json,21769dc99dff13d4dffa43962a2e27751395c722a38fe828cfe6a0e44ab45e01,all_test_cells,attack_sweep_continuous,benign_continuous,120,combined,J,0.0,0.0,0.0,20,paired_trace,5000 whole-pair bootstrap resamples,measured,
E2,e2_results.json,21769dc99dff13d4dffa43962a2e27751395c722a38fe828cfe6a0e44ab45e01,all_test_cells,attack_sweep_continuous,benign_continuous,120,volume,attack_alert_rate,1.0,1.0,1.0,20,paired_trace,5000 whole-pair bootstrap resamples,measured,
E2,e2_results.json,21769dc99dff13d4dffa43962a2e27751395c722a38fe828cfe6a0e44ab45e01,all_test_cells,attack_sweep_continuous,benign_continuous,120,volume,benign_trigger_rate,1.0,1.0,1.0,20,paired_trace,5000 whole-pair bootstrap resamples,measured,
E2,e2_results.json,21769dc99dff13d4dffa43962a2e27751395c722a38fe828cfe6a0e44ab45e01,all_test_cells,attack_sweep_continuous,benign_continuous,120,volume,FNR,0.0,0.0,0.0,20,paired_trace,5000 whole-pair bootstrap resamples,measured,
E2,e2_results.json,21769dc99dff13d4dffa43962a2e27751395c722a38fe828cfe6a0e44ab45e01,all_test_cells,attack_sweep_continuous,benign_continuous,120,volume,balanced_precision,0.5,0.5,0.5,20,paired_trace,5000 whole-pair bootstrap resamples,measured,
E2,e2_results.json,21769dc99dff13d4dffa43962a2e27751395c722a38fe828cfe6a0e44ab45e01,all_test_cells,attack_sweep_continuous,benign_continuous,120,volume,J,0.0,0.0,0.0,20,paired_trace,5000 whole-pair bootstrap resamples,measured,
E2,e2_results.json,21769dc99dff13d4dffa43962a2e27751395c722a38fe828cfe6a0e44ab45e01,all_test_cells,attack_sweep_continuous,benign_continuous,120,entropy,feature_PR_AUC,0.6176687519906685,0.6083100384007835,0.6280357296745546,20,paired_trace,5000 whole-pair bootstrap resamples,measured,Feature-level diagnostic; not the locked E3 combined-rule PR-AUC.
E2,e2_results.json,21769dc99dff13d4dffa43962a2e27751395c722a38fe828cfe6a0e44ab45e01,all_test_cells,attack_sweep_continuous,benign_continuous,120,unique_ratio,feature_PR_AUC,0.887936427450204,0.8684075918226538,0.9059648661640795,20,paired_trace,5000 whole-pair bootstrap resamples,measured,Feature-level diagnostic; not the locked E3 combined-rule PR-AUC.
E2,e2_results.json,21769dc99dff13d4dffa43962a2e27751395c722a38fe828cfe6a0e44ab45e01,all_test_cells,attack_sweep_continuous,benign_continuous,120,volume,feature_PR_AUC,0.5,0.5,0.5,20,paired_trace,5000 whole-pair bootstrap resamples,measured,Feature-level diagnostic; not the locked E3 combined-rule PR-AUC.
E2,e2_results.json,21769dc99dff13d4dffa43962a2e27751395c722a38fe828cfe6a0e44ab45e01,all_test_cells,attack_sweep_continuous,benign_continuous,200,combined,attack_alert_rate,1.0,1.0,1.0,20,paired_trace,5000 whole-pair bootstrap resamples,measured,
E2,e2_results.json,21769dc99dff13d4dffa43962a2e27751395c722a38fe828cfe6a0e44ab45e01,all_test_cells,attack_sweep_continuous,benign_continuous,200,combined,benign_trigger_rate,1.0,1.0,1.0,20,paired_trace,5000 whole-pair bootstrap resamples,measured,
E2,e2_results.json,21769dc99dff13d4dffa43962a2e27751395c722a38fe828cfe6a0e44ab45e01,all_test_cells,attack_sweep_continuous,benign_continuous,200,combined,FNR,0.0,0.0,0.0,20,paired_trace,5000 whole-pair bootstrap resamples,measured,
E2,e2_results.json,21769dc99dff13d4dffa43962a2e27751395c722a38fe828cfe6a0e44ab45e01,all_test_cells,attack_sweep_continuous,benign_continuous,200,combined,balanced_precision,0.5,0.5,0.5,20,paired_trace,5000 whole-pair bootstrap resamples,measured,
E2,e2_results.json,21769dc99dff13d4dffa43962a2e27751395c722a38fe828cfe6a0e44ab45e01,all_test_cells,attack_sweep_continuous,benign_continuous,200,combined,J,0.0,0.0,0.0,20,paired_trace,5000 whole-pair bootstrap resamples,measured,
E2,e2_results.json,21769dc99dff13d4dffa43962a2e27751395c722a38fe828cfe6a0e44ab45e01,all_test_cells,attack_sweep_continuous,benign_continuous,200,volume,attack_alert_rate,1.0,1.0,1.0,20,paired_trace,5000 whole-pair bootstrap resamples,measured,
E2,e2_results.json,21769dc99dff13d4dffa43962a2e27751395c722a38fe828cfe6a0e44ab45e01,all_test_cells,attack_sweep_continuous,benign_continuous,200,volume,benign_trigger_rate,1.0,1.0,1.0,20,paired_trace,5000 whole-pair bootstrap resamples,measured,
E2,e2_results.json,21769dc99dff13d4dffa43962a2e27751395c722a38fe828cfe6a0e44ab45e01,all_test_cells,attack_sweep_continuous,benign_continuous,200,volume,FNR,0.0,0.0,0.0,20,paired_trace,5000 whole-pair bootstrap resamples,measured,
E2,e2_results.json,21769dc99dff13d4dffa43962a2e27751395c722a38fe828cfe6a0e44ab45e01,all_test_cells,attack_sweep_continuous,benign_continuous,200,volume,balanced_precision,0.5,0.5,0.5,20,paired_trace,5000 whole-pair bootstrap resamples,measured,
E2,e2_results.json,21769dc99dff13d4dffa43962a2e27751395c722a38fe828cfe6a0e44ab45e01,all_test_cells,attack_sweep_continuous,benign_continuous,200,volume,J,0.0,0.0,0.0,20,paired_trace,5000 whole-pair bootstrap resamples,measured,
E2,e2_results.json,21769dc99dff13d4dffa43962a2e27751395c722a38fe828cfe6a0e44ab45e01,all_test_cells,attack_sweep_continuous,benign_continuous,200,entropy,feature_PR_AUC,0.725785879982502,0.7142809301136476,0.7381241551064539,20,paired_trace,5000 whole-pair bootstrap resamples,measured,Feature-level diagnostic; not the locked E3 combined-rule PR-AUC.
E2,e2_results.json,21769dc99dff13d4dffa43962a2e27751395c722a38fe828cfe6a0e44ab45e01,all_test_cells,attack_sweep_continuous,benign_continuous,200,unique_ratio,feature_PR_AUC,0.9923220086262367,0.9898702433607105,0.99456440990969,20,paired_trace,5000 whole-pair bootstrap resamples,measured,Feature-level diagnostic; not the locked E3 combined-rule PR-AUC.
E2,e2_results.json,21769dc99dff13d4dffa43962a2e27751395c722a38fe828cfe6a0e44ab45e01,all_test_cells,attack_sweep_continuous,benign_continuous,200,volume,feature_PR_AUC,0.5,0.5,0.5,20,paired_trace,5000 whole-pair bootstrap resamples,measured,Feature-level diagnostic; not the locked E3 combined-rule PR-AUC.
E2,e2_results.json,21769dc99dff13d4dffa43962a2e27751395c722a38fe828cfe6a0e44ab45e01,all_test_cells,attack_random_continuous,benign_continuous,24,combined,attack_alert_rate,0.5096666666666667,0.472,0.5453333333333332,20,paired_trace,5000 whole-pair bootstrap resamples,measured,
E2,e2_results.json,21769dc99dff13d4dffa43962a2e27751395c722a38fe828cfe6a0e44ab45e01,all_test_cells,attack_random_continuous,benign_continuous,24,combined,benign_trigger_rate,0.5096666666666667,0.4706583333333332,0.5453333333333333,20,paired_trace,5000 whole-pair bootstrap resamples,measured,
E2,e2_results.json,21769dc99dff13d4dffa43962a2e27751395c722a38fe828cfe6a0e44ab45e01,all_test_cells,attack_random_continuous,benign_continuous,24,combined,FNR,0.49033333333333334,0.4549999999999999,0.5290083333333333,20,paired_trace,5000 whole-pair bootstrap resamples,measured,
E2,e2_results.json,21769dc99dff13d4dffa43962a2e27751395c722a38fe828cfe6a0e44ab45e01,all_test_cells,attack_random_continuous,benign_continuous,24,combined,balanced_precision,0.5,0.5,0.5,20,paired_trace,5000 whole-pair bootstrap resamples,measured,
E2,e2_results.json,21769dc99dff13d4dffa43962a2e27751395c722a38fe828cfe6a0e44ab45e01,all_test_cells,attack_random_continuous,benign_continuous,24,combined,J,0.0,0.0,0.0,20,paired_trace,5000 whole-pair bootstrap resamples,measured,
E2,e2_results.json,21769dc99dff13d4dffa43962a2e27751395c722a38fe828cfe6a0e44ab45e01,all_test_cells,attack_random_continuous,benign_continuous,24,volume,attack_alert_rate,0.5096666666666667,0.471,0.5449999999999999,20,paired_trace,5000 whole-pair bootstrap resamples,measured,
E2,e2_results.json,21769dc99dff13d4dffa43962a2e27751395c722a38fe828cfe6a0e44ab45e01,all_test_cells,attack_random_continuous,benign_continuous,24,volume,benign_trigger_rate,0.5096666666666667,0.47133333333333327,0.5463333333333333,20,paired_trace,5000 whole-pair bootstrap resamples,measured,
E2,e2_results.json,21769dc99dff13d4dffa43962a2e27751395c722a38fe828cfe6a0e44ab45e01,all_test_cells,attack_random_continuous,benign_continuous,24,volume,FNR,0.49033333333333334,0.4543333333333333,0.529,20,paired_trace,5000 whole-pair bootstrap resamples,measured,
E2,e2_results.json,21769dc99dff13d4dffa43962a2e27751395c722a38fe828cfe6a0e44ab45e01,all_test_cells,attack_random_continuous,benign_continuous,24,volume,balanced_precision,0.5,0.5,0.5,20,paired_trace,5000 whole-pair bootstrap resamples,measured,
E2,e2_results.json,21769dc99dff13d4dffa43962a2e27751395c722a38fe828cfe6a0e44ab45e01,all_test_cells,attack_random_continuous,benign_continuous,24,volume,J,0.0,0.0,0.0,20,paired_trace,5000 whole-pair bootstrap resamples,measured,
E2,e2_results.json,21769dc99dff13d4dffa43962a2e27751395c722a38fe828cfe6a0e44ab45e01,all_test_cells,attack_random_continuous,benign_continuous,24,entropy,feature_PR_AUC,0.5048037886088164,0.5007964224525708,0.5090550126245516,20,paired_trace,5000 whole-pair bootstrap resamples,measured,Feature-level diagnostic; not the locked E3 combined-rule PR-AUC.
E2,e2_results.json,21769dc99dff13d4dffa43962a2e27751395c722a38fe828cfe6a0e44ab45e01,all_test_cells,attack_random_continuous,benign_continuous,24,unique_ratio,feature_PR_AUC,0.5048969937952388,0.4969573340096281,0.5133112559943372,20,paired_trace,5000 whole-pair bootstrap resamples,measured,Feature-level diagnostic; not the locked E3 combined-rule PR-AUC.
E2,e2_results.json,21769dc99dff13d4dffa43962a2e27751395c722a38fe828cfe6a0e44ab45e01,all_test_cells,attack_random_continuous,benign_continuous,24,volume,feature_PR_AUC,0.5,0.5,0.5,20,paired_trace,5000 whole-pair bootstrap resamples,measured,Feature-level diagnostic; not the locked E3 combined-rule PR-AUC.
E2,e2_results.json,21769dc99dff13d4dffa43962a2e27751395c722a38fe828cfe6a0e44ab45e01,all_test_cells,attack_random_continuous,benign_continuous,60,combined,attack_alert_rate,1.0,1.0,1.0,20,paired_trace,5000 whole-pair bootstrap resamples,measured,
E2,e2_results.json,21769dc99dff13d4dffa43962a2e27751395c722a38fe828cfe6a0e44ab45e01,all_test_cells,attack_random_continuous,benign_continuous,60,combined,benign_trigger_rate,1.0,1.0,1.0,20,paired_trace,5000 whole-pair bootstrap resamples,measured,
E2,e2_results.json,21769dc99dff13d4dffa43962a2e27751395c722a38fe828cfe6a0e44ab45e01,all_test_cells,attack_random_continuous,benign_continuous,60,combined,FNR,0.0,0.0,0.0,20,paired_trace,5000 whole-pair bootstrap resamples,measured,
E2,e2_results.json,21769dc99dff13d4dffa43962a2e27751395c722a38fe828cfe6a0e44ab45e01,all_test_cells,attack_random_continuous,benign_continuous,60,combined,balanced_precision,0.5,0.5,0.5,20,paired_trace,5000 whole-pair bootstrap resamples,measured,
E2,e2_results.json,21769dc99dff13d4dffa43962a2e27751395c722a38fe828cfe6a0e44ab45e01,all_test_cells,attack_random_continuous,benign_continuous,60,combined,J,0.0,0.0,0.0,20,paired_trace,5000 whole-pair bootstrap resamples,measured,
E2,e2_results.json,21769dc99dff13d4dffa43962a2e27751395c722a38fe828cfe6a0e44ab45e01,all_test_cells,attack_random_continuous,benign_continuous,60,volume,attack_alert_rate,1.0,1.0,1.0,20,paired_trace,5000 whole-pair bootstrap resamples,measured,
E2,e2_results.json,21769dc99dff13d4dffa43962a2e27751395c722a38fe828cfe6a0e44ab45e01,all_test_cells,attack_random_continuous,benign_continuous,60,volume,benign_trigger_rate,1.0,1.0,1.0,20,paired_trace,5000 whole-pair bootstrap resamples,measured,
E2,e2_results.json,21769dc99dff13d4dffa43962a2e27751395c722a38fe828cfe6a0e44ab45e01,all_test_cells,attack_random_continuous,benign_continuous,60,volume,FNR,0.0,0.0,0.0,20,paired_trace,5000 whole-pair bootstrap resamples,measured,
E2,e2_results.json,21769dc99dff13d4dffa43962a2e27751395c722a38fe828cfe6a0e44ab45e01,all_test_cells,attack_random_continuous,benign_continuous,60,volume,balanced_precision,0.5,0.5,0.5,20,paired_trace,5000 whole-pair bootstrap resamples,measured,
E2,e2_results.json,21769dc99dff13d4dffa43962a2e27751395c722a38fe828cfe6a0e44ab45e01,all_test_cells,attack_random_continuous,benign_continuous,60,volume,J,0.0,0.0,0.0,20,paired_trace,5000 whole-pair bootstrap resamples,measured,
E2,e2_results.json,21769dc99dff13d4dffa43962a2e27751395c722a38fe828cfe6a0e44ab45e01,all_test_cells,attack_random_continuous,benign_continuous,60,entropy,feature_PR_AUC,0.5076354806025759,0.49843451312013176,0.5177264338833387,20,paired_trace,5000 whole-pair bootstrap resamples,measured,Feature-level diagnostic; not the locked E3 combined-rule PR-AUC.
E2,e2_results.json,21769dc99dff13d4dffa43962a2e27751395c722a38fe828cfe6a0e44ab45e01,all_test_cells,attack_random_continuous,benign_continuous,60,unique_ratio,feature_PR_AUC,0.5100545394693893,0.4844902012501211,0.5383240449178498,20,paired_trace,5000 whole-pair bootstrap resamples,measured,Feature-level diagnostic; not the locked E3 combined-rule PR-AUC.
E2,e2_results.json,21769dc99dff13d4dffa43962a2e27751395c722a38fe828cfe6a0e44ab45e01,all_test_cells,attack_random_continuous,benign_continuous,60,volume,feature_PR_AUC,0.5,0.5,0.5,20,paired_trace,5000 whole-pair bootstrap resamples,measured,Feature-level diagnostic; not the locked E3 combined-rule PR-AUC.
E2,e2_results.json,21769dc99dff13d4dffa43962a2e27751395c722a38fe828cfe6a0e44ab45e01,all_test_cells,attack_random_continuous,benign_continuous,120,combined,attack_alert_rate,1.0,1.0,1.0,20,paired_trace,5000 whole-pair bootstrap resamples,measured,
E2,e2_results.json,21769dc99dff13d4dffa43962a2e27751395c722a38fe828cfe6a0e44ab45e01,all_test_cells,attack_random_continuous,benign_continuous,120,combined,benign_trigger_rate,1.0,1.0,1.0,20,paired_trace,5000 whole-pair bootstrap resamples,measured,
E2,e2_results.json,21769dc99dff13d4dffa43962a2e27751395c722a38fe828cfe6a0e44ab45e01,all_test_cells,attack_random_continuous,benign_continuous,120,combined,FNR,0.0,0.0,0.0,20,paired_trace,5000 whole-pair bootstrap resamples,measured,
E2,e2_results.json,21769dc99dff13d4dffa43962a2e27751395c722a38fe828cfe6a0e44ab45e01,all_test_cells,attack_random_continuous,benign_continuous,120,combined,balanced_precision,0.5,0.5,0.5,20,paired_trace,5000 whole-pair bootstrap resamples,measured,
E2,e2_results.json,21769dc99dff13d4dffa43962a2e27751395c722a38fe828cfe6a0e44ab45e01,all_test_cells,attack_random_continuous,benign_continuous,120,combined,J,0.0,0.0,0.0,20,paired_trace,5000 whole-pair bootstrap resamples,measured,
E2,e2_results.json,21769dc99dff13d4dffa43962a2e27751395c722a38fe828cfe6a0e44ab45e01,all_test_cells,attack_random_continuous,benign_continuous,120,volume,attack_alert_rate,1.0,1.0,1.0,20,paired_trace,5000 whole-pair bootstrap resamples,measured,
E2,e2_results.json,21769dc99dff13d4dffa43962a2e27751395c722a38fe828cfe6a0e44ab45e01,all_test_cells,attack_random_continuous,benign_continuous,120,volume,benign_trigger_rate,1.0,1.0,1.0,20,paired_trace,5000 whole-pair bootstrap resamples,measured,
E2,e2_results.json,21769dc99dff13d4dffa43962a2e27751395c722a38fe828cfe6a0e44ab45e01,all_test_cells,attack_random_continuous,benign_continuous,120,volume,FNR,0.0,0.0,0.0,20,paired_trace,5000 whole-pair bootstrap resamples,measured,
E2,e2_results.json,21769dc99dff13d4dffa43962a2e27751395c722a38fe828cfe6a0e44ab45e01,all_test_cells,attack_random_continuous,benign_continuous,120,volume,balanced_precision,0.5,0.5,0.5,20,paired_trace,5000 whole-pair bootstrap resamples,measured,
E2,e2_results.json,21769dc99dff13d4dffa43962a2e27751395c722a38fe828cfe6a0e44ab45e01,all_test_cells,attack_random_continuous,benign_continuous,120,volume,J,0.0,0.0,0.0,20,paired_trace,5000 whole-pair bootstrap resamples,measured,
E2,e2_results.json,21769dc99dff13d4dffa43962a2e27751395c722a38fe828cfe6a0e44ab45e01,all_test_cells,attack_random_continuous,benign_continuous,120,entropy,feature_PR_AUC,0.5111758352945586,0.49999744789050576,0.5217945261845975,20,paired_trace,5000 whole-pair bootstrap resamples,measured,Feature-level diagnostic; not the locked E3 combined-rule PR-AUC.
E2,e2_results.json,21769dc99dff13d4dffa43962a2e27751395c722a38fe828cfe6a0e44ab45e01,all_test_cells,attack_random_continuous,benign_continuous,120,unique_ratio,feature_PR_AUC,0.5100347292377123,0.482945541011935,0.5381101869099483,20,paired_trace,5000 whole-pair bootstrap resamples,measured,Feature-level diagnostic; not the locked E3 combined-rule PR-AUC.
E2,e2_results.json,21769dc99dff13d4dffa43962a2e27751395c722a38fe828cfe6a0e44ab45e01,all_test_cells,attack_random_continuous,benign_continuous,120,volume,feature_PR_AUC,0.5,0.5,0.5,20,paired_trace,5000 whole-pair bootstrap resamples,measured,Feature-level diagnostic; not the locked E3 combined-rule PR-AUC.
E2,e2_results.json,21769dc99dff13d4dffa43962a2e27751395c722a38fe828cfe6a0e44ab45e01,all_test_cells,attack_random_continuous,benign_continuous,200,combined,attack_alert_rate,1.0,1.0,1.0,20,paired_trace,5000 whole-pair bootstrap resamples,measured,
E2,e2_results.json,21769dc99dff13d4dffa43962a2e27751395c722a38fe828cfe6a0e44ab45e01,all_test_cells,attack_random_continuous,benign_continuous,200,combined,benign_trigger_rate,1.0,1.0,1.0,20,paired_trace,5000 whole-pair bootstrap resamples,measured,
E2,e2_results.json,21769dc99dff13d4dffa43962a2e27751395c722a38fe828cfe6a0e44ab45e01,all_test_cells,attack_random_continuous,benign_continuous,200,combined,FNR,0.0,0.0,0.0,20,paired_trace,5000 whole-pair bootstrap resamples,measured,
E2,e2_results.json,21769dc99dff13d4dffa43962a2e27751395c722a38fe828cfe6a0e44ab45e01,all_test_cells,attack_random_continuous,benign_continuous,200,combined,balanced_precision,0.5,0.5,0.5,20,paired_trace,5000 whole-pair bootstrap resamples,measured,
E2,e2_results.json,21769dc99dff13d4dffa43962a2e27751395c722a38fe828cfe6a0e44ab45e01,all_test_cells,attack_random_continuous,benign_continuous,200,combined,J,0.0,0.0,0.0,20,paired_trace,5000 whole-pair bootstrap resamples,measured,
E2,e2_results.json,21769dc99dff13d4dffa43962a2e27751395c722a38fe828cfe6a0e44ab45e01,all_test_cells,attack_random_continuous,benign_continuous,200,volume,attack_alert_rate,1.0,1.0,1.0,20,paired_trace,5000 whole-pair bootstrap resamples,measured,
E2,e2_results.json,21769dc99dff13d4dffa43962a2e27751395c722a38fe828cfe6a0e44ab45e01,all_test_cells,attack_random_continuous,benign_continuous,200,volume,benign_trigger_rate,1.0,1.0,1.0,20,paired_trace,5000 whole-pair bootstrap resamples,measured,
E2,e2_results.json,21769dc99dff13d4dffa43962a2e27751395c722a38fe828cfe6a0e44ab45e01,all_test_cells,attack_random_continuous,benign_continuous,200,volume,FNR,0.0,0.0,0.0,20,paired_trace,5000 whole-pair bootstrap resamples,measured,
E2,e2_results.json,21769dc99dff13d4dffa43962a2e27751395c722a38fe828cfe6a0e44ab45e01,all_test_cells,attack_random_continuous,benign_continuous,200,volume,balanced_precision,0.5,0.5,0.5,20,paired_trace,5000 whole-pair bootstrap resamples,measured,
E2,e2_results.json,21769dc99dff13d4dffa43962a2e27751395c722a38fe828cfe6a0e44ab45e01,all_test_cells,attack_random_continuous,benign_continuous,200,volume,J,0.0,0.0,0.0,20,paired_trace,5000 whole-pair bootstrap resamples,measured,
E2,e2_results.json,21769dc99dff13d4dffa43962a2e27751395c722a38fe828cfe6a0e44ab45e01,all_test_cells,attack_random_continuous,benign_continuous,200,entropy,feature_PR_AUC,0.5130999227742619,0.5056238059546065,0.5205577180664751,20,paired_trace,5000 whole-pair bootstrap resamples,measured,Feature-level diagnostic; not the locked E3 combined-rule PR-AUC.
E2,e2_results.json,21769dc99dff13d4dffa43962a2e27751395c722a38fe828cfe6a0e44ab45e01,all_test_cells,attack_random_continuous,benign_continuous,200,unique_ratio,feature_PR_AUC,0.5073623599525735,0.48312218072243857,0.5312700459044524,20,paired_trace,5000 whole-pair bootstrap resamples,measured,Feature-level diagnostic; not the locked E3 combined-rule PR-AUC.
E2,e2_results.json,21769dc99dff13d4dffa43962a2e27751395c722a38fe828cfe6a0e44ab45e01,all_test_cells,attack_random_continuous,benign_continuous,200,volume,feature_PR_AUC,0.5,0.5,0.5,20,paired_trace,5000 whole-pair bootstrap resamples,measured,Feature-level diagnostic; not the locked E3 combined-rule PR-AUC.
E2,e2_results.json,21769dc99dff13d4dffa43962a2e27751395c722a38fe828cfe6a0e44ab45e01,all_test_cells,attack_fixed_continuous,benign_continuous,24,combined,attack_alert_rate,0.0,0.0,0.0,20,paired_trace,5000 whole-pair bootstrap resamples,measured,
E2,e2_results.json,21769dc99dff13d4dffa43962a2e27751395c722a38fe828cfe6a0e44ab45e01,all_test_cells,attack_fixed_continuous,benign_continuous,24,combined,benign_trigger_rate,0.5096666666666667,0.47165833333333324,0.5446666666666666,20,paired_trace,5000 whole-pair bootstrap resamples,measured,
E2,e2_results.json,21769dc99dff13d4dffa43962a2e27751395c722a38fe828cfe6a0e44ab45e01,all_test_cells,attack_fixed_continuous,benign_continuous,24,combined,FNR,1.0,1.0,1.0,20,paired_trace,5000 whole-pair bootstrap resamples,measured,
E2,e2_results.json,21769dc99dff13d4dffa43962a2e27751395c722a38fe828cfe6a0e44ab45e01,all_test_cells,attack_fixed_continuous,benign_continuous,24,combined,balanced_precision,0.0,0.0,0.0,20,paired_trace,5000 whole-pair bootstrap resamples,measured,
E2,e2_results.json,21769dc99dff13d4dffa43962a2e27751395c722a38fe828cfe6a0e44ab45e01,all_test_cells,attack_fixed_continuous,benign_continuous,24,combined,J,-0.5096666666666667,-0.544,-0.471,20,paired_trace,5000 whole-pair bootstrap resamples,measured,
E2,e2_results.json,21769dc99dff13d4dffa43962a2e27751395c722a38fe828cfe6a0e44ab45e01,all_test_cells,attack_fixed_continuous,benign_continuous,24,volume,attack_alert_rate,0.5096666666666667,0.472,0.5446666666666667,20,paired_trace,5000 whole-pair bootstrap resamples,measured,
E2,e2_results.json,21769dc99dff13d4dffa43962a2e27751395c722a38fe828cfe6a0e44ab45e01,all_test_cells,attack_fixed_continuous,benign_continuous,24,volume,benign_trigger_rate,0.5096666666666667,0.4703249999999999,0.5453333333333332,20,paired_trace,5000 whole-pair bootstrap resamples,measured,
E2,e2_results.json,21769dc99dff13d4dffa43962a2e27751395c722a38fe828cfe6a0e44ab45e01,all_test_cells,attack_fixed_continuous,benign_continuous,24,volume,FNR,0.49033333333333334,0.454325,0.529,20,paired_trace,5000 whole-pair bootstrap resamples,measured,
E2,e2_results.json,21769dc99dff13d4dffa43962a2e27751395c722a38fe828cfe6a0e44ab45e01,all_test_cells,attack_fixed_continuous,benign_continuous,24,volume,balanced_precision,0.5,0.5,0.5,20,paired_trace,5000 whole-pair bootstrap resamples,measured,
E2,e2_results.json,21769dc99dff13d4dffa43962a2e27751395c722a38fe828cfe6a0e44ab45e01,all_test_cells,attack_fixed_continuous,benign_continuous,24,volume,J,0.0,0.0,0.0,20,paired_trace,5000 whole-pair bootstrap resamples,measured,
E2,e2_results.json,21769dc99dff13d4dffa43962a2e27751395c722a38fe828cfe6a0e44ab45e01,all_test_cells,attack_fixed_continuous,benign_continuous,24,entropy,feature_PR_AUC,0.3128471875703661,0.3122910763599327,0.31342025376414007,20,paired_trace,5000 whole-pair bootstrap resamples,measured,Feature-level diagnostic; not the locked E3 combined-rule PR-AUC.
E2,e2_results.json,21769dc99dff13d4dffa43962a2e27751395c722a38fe828cfe6a0e44ab45e01,all_test_cells,attack_fixed_continuous,benign_continuous,24,unique_ratio,feature_PR_AUC,0.31302313376683133,0.3126693725646586,0.3134185209566403,20,paired_trace,5000 whole-pair bootstrap resamples,measured,Feature-level diagnostic; not the locked E3 combined-rule PR-AUC.
E2,e2_results.json,21769dc99dff13d4dffa43962a2e27751395c722a38fe828cfe6a0e44ab45e01,all_test_cells,attack_fixed_continuous,benign_continuous,24,volume,feature_PR_AUC,0.5,0.5,0.5,20,paired_trace,5000 whole-pair bootstrap resamples,measured,Feature-level diagnostic; not the locked E3 combined-rule PR-AUC.
E2,e2_results.json,21769dc99dff13d4dffa43962a2e27751395c722a38fe828cfe6a0e44ab45e01,all_test_cells,attack_fixed_continuous,benign_continuous,60,combined,attack_alert_rate,0.0,0.0,0.0,20,paired_trace,5000 whole-pair bootstrap resamples,measured,
E2,e2_results.json,21769dc99dff13d4dffa43962a2e27751395c722a38fe828cfe6a0e44ab45e01,all_test_cells,attack_fixed_continuous,benign_continuous,60,combined,benign_trigger_rate,1.0,1.0,1.0,20,paired_trace,5000 whole-pair bootstrap resamples,measured,
E2,e2_results.json,21769dc99dff13d4dffa43962a2e27751395c722a38fe828cfe6a0e44ab45e01,all_test_cells,attack_fixed_continuous,benign_continuous,60,combined,FNR,1.0,1.0,1.0,20,paired_trace,5000 whole-pair bootstrap resamples,measured,
E2,e2_results.json,21769dc99dff13d4dffa43962a2e27751395c722a38fe828cfe6a0e44ab45e01,all_test_cells,attack_fixed_continuous,benign_continuous,60,combined,balanced_precision,0.0,0.0,0.0,20,paired_trace,5000 whole-pair bootstrap resamples,measured,
E2,e2_results.json,21769dc99dff13d4dffa43962a2e27751395c722a38fe828cfe6a0e44ab45e01,all_test_cells,attack_fixed_continuous,benign_continuous,60,combined,J,-1.0,-1.0,-1.0,20,paired_trace,5000 whole-pair bootstrap resamples,measured,
E2,e2_results.json,21769dc99dff13d4dffa43962a2e27751395c722a38fe828cfe6a0e44ab45e01,all_test_cells,attack_fixed_continuous,benign_continuous,60,volume,attack_alert_rate,1.0,1.0,1.0,20,paired_trace,5000 whole-pair bootstrap resamples,measured,
E2,e2_results.json,21769dc99dff13d4dffa43962a2e27751395c722a38fe828cfe6a0e44ab45e01,all_test_cells,attack_fixed_continuous,benign_continuous,60,volume,benign_trigger_rate,1.0,1.0,1.0,20,paired_trace,5000 whole-pair bootstrap resamples,measured,
E2,e2_results.json,21769dc99dff13d4dffa43962a2e27751395c722a38fe828cfe6a0e44ab45e01,all_test_cells,attack_fixed_continuous,benign_continuous,60,volume,FNR,0.0,0.0,0.0,20,paired_trace,5000 whole-pair bootstrap resamples,measured,
E2,e2_results.json,21769dc99dff13d4dffa43962a2e27751395c722a38fe828cfe6a0e44ab45e01,all_test_cells,attack_fixed_continuous,benign_continuous,60,volume,balanced_precision,0.5,0.5,0.5,20,paired_trace,5000 whole-pair bootstrap resamples,measured,
E2,e2_results.json,21769dc99dff13d4dffa43962a2e27751395c722a38fe828cfe6a0e44ab45e01,all_test_cells,attack_fixed_continuous,benign_continuous,60,volume,J,0.0,0.0,0.0,20,paired_trace,5000 whole-pair bootstrap resamples,measured,
E2,e2_results.json,21769dc99dff13d4dffa43962a2e27751395c722a38fe828cfe6a0e44ab45e01,all_test_cells,attack_fixed_continuous,benign_continuous,60,entropy,feature_PR_AUC,0.3098081172121786,0.3096672127675371,0.30995952403006194,20,paired_trace,5000 whole-pair bootstrap resamples,measured,Feature-level diagnostic; not the locked E3 combined-rule PR-AUC.
E2,e2_results.json,21769dc99dff13d4dffa43962a2e27751395c722a38fe828cfe6a0e44ab45e01,all_test_cells,attack_fixed_continuous,benign_continuous,60,unique_ratio,feature_PR_AUC,0.31019381357022935,0.3100077718622104,0.3104024360969799,20,paired_trace,5000 whole-pair bootstrap resamples,measured,Feature-level diagnostic; not the locked E3 combined-rule PR-AUC.
E2,e2_results.json,21769dc99dff13d4dffa43962a2e27751395c722a38fe828cfe6a0e44ab45e01,all_test_cells,attack_fixed_continuous,benign_continuous,60,volume,feature_PR_AUC,0.5,0.5,0.5,20,paired_trace,5000 whole-pair bootstrap resamples,measured,Feature-level diagnostic; not the locked E3 combined-rule PR-AUC.
E2,e2_results.json,21769dc99dff13d4dffa43962a2e27751395c722a38fe828cfe6a0e44ab45e01,all_test_cells,attack_fixed_continuous,benign_continuous,120,combined,attack_alert_rate,0.0,0.0,0.0,20,paired_trace,5000 whole-pair bootstrap resamples,measured,
E2,e2_results.json,21769dc99dff13d4dffa43962a2e27751395c722a38fe828cfe6a0e44ab45e01,all_test_cells,attack_fixed_continuous,benign_continuous,120,combined,benign_trigger_rate,1.0,1.0,1.0,20,paired_trace,5000 whole-pair bootstrap resamples,measured,
E2,e2_results.json,21769dc99dff13d4dffa43962a2e27751395c722a38fe828cfe6a0e44ab45e01,all_test_cells,attack_fixed_continuous,benign_continuous,120,combined,FNR,1.0,1.0,1.0,20,paired_trace,5000 whole-pair bootstrap resamples,measured,
E2,e2_results.json,21769dc99dff13d4dffa43962a2e27751395c722a38fe828cfe6a0e44ab45e01,all_test_cells,attack_fixed_continuous,benign_continuous,120,combined,balanced_precision,0.0,0.0,0.0,20,paired_trace,5000 whole-pair bootstrap resamples,measured,
E2,e2_results.json,21769dc99dff13d4dffa43962a2e27751395c722a38fe828cfe6a0e44ab45e01,all_test_cells,attack_fixed_continuous,benign_continuous,120,combined,J,-1.0,-1.0,-1.0,20,paired_trace,5000 whole-pair bootstrap resamples,measured,
E2,e2_results.json,21769dc99dff13d4dffa43962a2e27751395c722a38fe828cfe6a0e44ab45e01,all_test_cells,attack_fixed_continuous,benign_continuous,120,volume,attack_alert_rate,1.0,1.0,1.0,20,paired_trace,5000 whole-pair bootstrap resamples,measured,
E2,e2_results.json,21769dc99dff13d4dffa43962a2e27751395c722a38fe828cfe6a0e44ab45e01,all_test_cells,attack_fixed_continuous,benign_continuous,120,volume,benign_trigger_rate,1.0,1.0,1.0,20,paired_trace,5000 whole-pair bootstrap resamples,measured,
E2,e2_results.json,21769dc99dff13d4dffa43962a2e27751395c722a38fe828cfe6a0e44ab45e01,all_test_cells,attack_fixed_continuous,benign_continuous,120,volume,FNR,0.0,0.0,0.0,20,paired_trace,5000 whole-pair bootstrap resamples,measured,
E2,e2_results.json,21769dc99dff13d4dffa43962a2e27751395c722a38fe828cfe6a0e44ab45e01,all_test_cells,attack_fixed_continuous,benign_continuous,120,volume,balanced_precision,0.5,0.5,0.5,20,paired_trace,5000 whole-pair bootstrap resamples,measured,
E2,e2_results.json,21769dc99dff13d4dffa43962a2e27751395c722a38fe828cfe6a0e44ab45e01,all_test_cells,attack_fixed_continuous,benign_continuous,120,volume,J,0.0,0.0,0.0,20,paired_trace,5000 whole-pair bootstrap resamples,measured,
E2,e2_results.json,21769dc99dff13d4dffa43962a2e27751395c722a38fe828cfe6a0e44ab45e01,all_test_cells,attack_fixed_continuous,benign_continuous,120,entropy,feature_PR_AUC,0.3091247121341462,0.309067041912733,0.30918453743572516,20,paired_trace,5000 whole-pair bootstrap resamples,measured,Feature-level diagnostic; not the locked E3 combined-rule PR-AUC.
E2,e2_results.json,21769dc99dff13d4dffa43962a2e27751395c722a38fe828cfe6a0e44ab45e01,all_test_cells,attack_fixed_continuous,benign_continuous,120,unique_ratio,feature_PR_AUC,0.309312858236385,0.3092510295301147,0.30937107847819195,20,paired_trace,5000 whole-pair bootstrap resamples,measured,Feature-level diagnostic; not the locked E3 combined-rule PR-AUC.
E2,e2_results.json,21769dc99dff13d4dffa43962a2e27751395c722a38fe828cfe6a0e44ab45e01,all_test_cells,attack_fixed_continuous,benign_continuous,120,volume,feature_PR_AUC,0.5,0.5,0.5,20,paired_trace,5000 whole-pair bootstrap resamples,measured,Feature-level diagnostic; not the locked E3 combined-rule PR-AUC.
E2,e2_results.json,21769dc99dff13d4dffa43962a2e27751395c722a38fe828cfe6a0e44ab45e01,all_test_cells,attack_fixed_continuous,benign_continuous,200,combined,attack_alert_rate,0.0,0.0,0.0,20,paired_trace,5000 whole-pair bootstrap resamples,measured,
E2,e2_results.json,21769dc99dff13d4dffa43962a2e27751395c722a38fe828cfe6a0e44ab45e01,all_test_cells,attack_fixed_continuous,benign_continuous,200,combined,benign_trigger_rate,1.0,1.0,1.0,20,paired_trace,5000 whole-pair bootstrap resamples,measured,
E2,e2_results.json,21769dc99dff13d4dffa43962a2e27751395c722a38fe828cfe6a0e44ab45e01,all_test_cells,attack_fixed_continuous,benign_continuous,200,combined,FNR,1.0,1.0,1.0,20,paired_trace,5000 whole-pair bootstrap resamples,measured,
E2,e2_results.json,21769dc99dff13d4dffa43962a2e27751395c722a38fe828cfe6a0e44ab45e01,all_test_cells,attack_fixed_continuous,benign_continuous,200,combined,balanced_precision,0.0,0.0,0.0,20,paired_trace,5000 whole-pair bootstrap resamples,measured,
E2,e2_results.json,21769dc99dff13d4dffa43962a2e27751395c722a38fe828cfe6a0e44ab45e01,all_test_cells,attack_fixed_continuous,benign_continuous,200,combined,J,-1.0,-1.0,-1.0,20,paired_trace,5000 whole-pair bootstrap resamples,measured,
E2,e2_results.json,21769dc99dff13d4dffa43962a2e27751395c722a38fe828cfe6a0e44ab45e01,all_test_cells,attack_fixed_continuous,benign_continuous,200,volume,attack_alert_rate,1.0,1.0,1.0,20,paired_trace,5000 whole-pair bootstrap resamples,measured,
E2,e2_results.json,21769dc99dff13d4dffa43962a2e27751395c722a38fe828cfe6a0e44ab45e01,all_test_cells,attack_fixed_continuous,benign_continuous,200,volume,benign_trigger_rate,1.0,1.0,1.0,20,paired_trace,5000 whole-pair bootstrap resamples,measured,
E2,e2_results.json,21769dc99dff13d4dffa43962a2e27751395c722a38fe828cfe6a0e44ab45e01,all_test_cells,attack_fixed_continuous,benign_continuous,200,volume,FNR,0.0,0.0,0.0,20,paired_trace,5000 whole-pair bootstrap resamples,measured,
E2,e2_results.json,21769dc99dff13d4dffa43962a2e27751395c722a38fe828cfe6a0e44ab45e01,all_test_cells,attack_fixed_continuous,benign_continuous,200,volume,balanced_precision,0.5,0.5,0.5,20,paired_trace,5000 whole-pair bootstrap resamples,measured,
E2,e2_results.json,21769dc99dff13d4dffa43962a2e27751395c722a38fe828cfe6a0e44ab45e01,all_test_cells,attack_fixed_continuous,benign_continuous,200,volume,J,0.0,0.0,0.0,20,paired_trace,5000 whole-pair bootstrap resamples,measured,
E2,e2_results.json,21769dc99dff13d4dffa43962a2e27751395c722a38fe828cfe6a0e44ab45e01,all_test_cells,attack_fixed_continuous,benign_continuous,200,entropy,feature_PR_AUC,0.308804307049222,0.30877299122731494,0.30883863803655565,20,paired_trace,5000 whole-pair bootstrap resamples,measured,Feature-level diagnostic; not the locked E3 combined-rule PR-AUC.
E2,e2_results.json,21769dc99dff13d4dffa43962a2e27751395c722a38fe828cfe6a0e44ab45e01,all_test_cells,attack_fixed_continuous,benign_continuous,200,unique_ratio,feature_PR_AUC,0.30895013972214563,0.3089116938810424,0.30898726239117774,20,paired_trace,5000 whole-pair bootstrap resamples,measured,Feature-level diagnostic; not the locked E3 combined-rule PR-AUC.
E2,e2_results.json,21769dc99dff13d4dffa43962a2e27751395c722a38fe828cfe6a0e44ab45e01,all_test_cells,attack_fixed_continuous,benign_continuous,200,volume,feature_PR_AUC,0.5,0.5,0.5,20,paired_trace,5000 whole-pair bootstrap resamples,measured,Feature-level diagnostic; not the locked E3 combined-rule PR-AUC.
E2,e2_results.json,21769dc99dff13d4dffa43962a2e27751395c722a38fe828cfe6a0e44ab45e01,all_test_cells,attack_dup_sweep_continuous,benign_continuous,24,combined,attack_alert_rate,0.0,0.0,0.0,20,paired_trace,5000 whole-pair bootstrap resamples,measured,
E2,e2_results.json,21769dc99dff13d4dffa43962a2e27751395c722a38fe828cfe6a0e44ab45e01,all_test_cells,attack_dup_sweep_continuous,benign_continuous,24,combined,benign_trigger_rate,0.5096666666666667,0.47166666666666657,0.5453333333333333,20,paired_trace,5000 whole-pair bootstrap resamples,measured,
E2,e2_results.json,21769dc99dff13d4dffa43962a2e27751395c722a38fe828cfe6a0e44ab45e01,all_test_cells,attack_dup_sweep_continuous,benign_continuous,24,combined,FNR,1.0,1.0,1.0,20,paired_trace,5000 whole-pair bootstrap resamples,measured,
E2,e2_results.json,21769dc99dff13d4dffa43962a2e27751395c722a38fe828cfe6a0e44ab45e01,all_test_cells,attack_dup_sweep_continuous,benign_continuous,24,combined,balanced_precision,0.0,0.0,0.0,20,paired_trace,5000 whole-pair bootstrap resamples,measured,
E2,e2_results.json,21769dc99dff13d4dffa43962a2e27751395c722a38fe828cfe6a0e44ab45e01,all_test_cells,attack_dup_sweep_continuous,benign_continuous,24,combined,J,-0.5096666666666667,-0.5443333333333333,-0.47165833333333335,20,paired_trace,5000 whole-pair bootstrap resamples,measured,
E2,e2_results.json,21769dc99dff13d4dffa43962a2e27751395c722a38fe828cfe6a0e44ab45e01,all_test_cells,attack_dup_sweep_continuous,benign_continuous,24,volume,attack_alert_rate,0.5096666666666667,0.4716666666666667,0.544,20,paired_trace,5000 whole-pair bootstrap resamples,measured,
E2,e2_results.json,21769dc99dff13d4dffa43962a2e27751395c722a38fe828cfe6a0e44ab45e01,all_test_cells,attack_dup_sweep_continuous,benign_continuous,24,volume,benign_trigger_rate,0.5096666666666667,0.47199166666666664,0.5460083333333333,20,paired_trace,5000 whole-pair bootstrap resamples,measured,
E2,e2_results.json,21769dc99dff13d4dffa43962a2e27751395c722a38fe828cfe6a0e44ab45e01,all_test_cells,attack_dup_sweep_continuous,benign_continuous,24,volume,FNR,0.49033333333333334,0.45599999999999996,0.5306666666666666,20,paired_trace,5000 whole-pair bootstrap resamples,measured,
E2,e2_results.json,21769dc99dff13d4dffa43962a2e27751395c722a38fe828cfe6a0e44ab45e01,all_test_cells,attack_dup_sweep_continuous,benign_continuous,24,volume,balanced_precision,0.5,0.5,0.5,20,paired_trace,5000 whole-pair bootstrap resamples,measured,
E2,e2_results.json,21769dc99dff13d4dffa43962a2e27751395c722a38fe828cfe6a0e44ab45e01,all_test_cells,attack_dup_sweep_continuous,benign_continuous,24,volume,J,0.0,0.0,0.0,20,paired_trace,5000 whole-pair bootstrap resamples,measured,
E2,e2_results.json,21769dc99dff13d4dffa43962a2e27751395c722a38fe828cfe6a0e44ab45e01,all_test_cells,attack_dup_sweep_continuous,benign_continuous,24,entropy,feature_PR_AUC,0.31531984916707706,0.3144789232915577,0.31621795581882545,20,paired_trace,5000 whole-pair bootstrap resamples,measured,Feature-level diagnostic; not the locked E3 combined-rule PR-AUC.
E2,e2_results.json,21769dc99dff13d4dffa43962a2e27751395c722a38fe828cfe6a0e44ab45e01,all_test_cells,attack_dup_sweep_continuous,benign_continuous,24,unique_ratio,feature_PR_AUC,0.31569183055628025,0.3152600439455209,0.3161748492040603,20,paired_trace,5000 whole-pair bootstrap resamples,measured,Feature-level diagnostic; not the locked E3 combined-rule PR-AUC.
E2,e2_results.json,21769dc99dff13d4dffa43962a2e27751395c722a38fe828cfe6a0e44ab45e01,all_test_cells,attack_dup_sweep_continuous,benign_continuous,24,volume,feature_PR_AUC,0.5,0.5,0.5,20,paired_trace,5000 whole-pair bootstrap resamples,measured,Feature-level diagnostic; not the locked E3 combined-rule PR-AUC.
E2,e2_results.json,21769dc99dff13d4dffa43962a2e27751395c722a38fe828cfe6a0e44ab45e01,all_test_cells,attack_dup_sweep_continuous,benign_continuous,60,combined,attack_alert_rate,0.0,0.0,0.0,20,paired_trace,5000 whole-pair bootstrap resamples,measured,
E2,e2_results.json,21769dc99dff13d4dffa43962a2e27751395c722a38fe828cfe6a0e44ab45e01,all_test_cells,attack_dup_sweep_continuous,benign_continuous,60,combined,benign_trigger_rate,1.0,1.0,1.0,20,paired_trace,5000 whole-pair bootstrap resamples,measured,
E2,e2_results.json,21769dc99dff13d4dffa43962a2e27751395c722a38fe828cfe6a0e44ab45e01,all_test_cells,attack_dup_sweep_continuous,benign_continuous,60,combined,FNR,1.0,1.0,1.0,20,paired_trace,5000 whole-pair bootstrap resamples,measured,
E2,e2_results.json,21769dc99dff13d4dffa43962a2e27751395c722a38fe828cfe6a0e44ab45e01,all_test_cells,attack_dup_sweep_continuous,benign_continuous,60,combined,balanced_precision,0.0,0.0,0.0,20,paired_trace,5000 whole-pair bootstrap resamples,measured,
E2,e2_results.json,21769dc99dff13d4dffa43962a2e27751395c722a38fe828cfe6a0e44ab45e01,all_test_cells,attack_dup_sweep_continuous,benign_continuous,60,combined,J,-1.0,-1.0,-1.0,20,paired_trace,5000 whole-pair bootstrap resamples,measured,
E2,e2_results.json,21769dc99dff13d4dffa43962a2e27751395c722a38fe828cfe6a0e44ab45e01,all_test_cells,attack_dup_sweep_continuous,benign_continuous,60,volume,attack_alert_rate,1.0,1.0,1.0,20,paired_trace,5000 whole-pair bootstrap resamples,measured,
E2,e2_results.json,21769dc99dff13d4dffa43962a2e27751395c722a38fe828cfe6a0e44ab45e01,all_test_cells,attack_dup_sweep_continuous,benign_continuous,60,volume,benign_trigger_rate,1.0,1.0,1.0,20,paired_trace,5000 whole-pair bootstrap resamples,measured,
E2,e2_results.json,21769dc99dff13d4dffa43962a2e27751395c722a38fe828cfe6a0e44ab45e01,all_test_cells,attack_dup_sweep_continuous,benign_continuous,60,volume,FNR,0.0,0.0,0.0,20,paired_trace,5000 whole-pair bootstrap resamples,measured,
E2,e2_results.json,21769dc99dff13d4dffa43962a2e27751395c722a38fe828cfe6a0e44ab45e01,all_test_cells,attack_dup_sweep_continuous,benign_continuous,60,volume,balanced_precision,0.5,0.5,0.5,20,paired_trace,5000 whole-pair bootstrap resamples,measured,
E2,e2_results.json,21769dc99dff13d4dffa43962a2e27751395c722a38fe828cfe6a0e44ab45e01,all_test_cells,attack_dup_sweep_continuous,benign_continuous,60,volume,J,0.0,0.0,0.0,20,paired_trace,5000 whole-pair bootstrap resamples,measured,
E2,e2_results.json,21769dc99dff13d4dffa43962a2e27751395c722a38fe828cfe6a0e44ab45e01,all_test_cells,attack_dup_sweep_continuous,benign_continuous,60,entropy,feature_PR_AUC,0.30976110885183533,0.30964898293263277,0.30988616998860047,20,paired_trace,5000 whole-pair bootstrap resamples,measured,Feature-level diagnostic; not the locked E3 combined-rule PR-AUC.
E2,e2_results.json,21769dc99dff13d4dffa43962a2e27751395c722a38fe828cfe6a0e44ab45e01,all_test_cells,attack_dup_sweep_continuous,benign_continuous,60,unique_ratio,feature_PR_AUC,0.31156868975164953,0.3113809433924057,0.31175945151803275,20,paired_trace,5000 whole-pair bootstrap resamples,measured,Feature-level diagnostic; not the locked E3 combined-rule PR-AUC.
E2,e2_results.json,21769dc99dff13d4dffa43962a2e27751395c722a38fe828cfe6a0e44ab45e01,all_test_cells,attack_dup_sweep_continuous,benign_continuous,60,volume,feature_PR_AUC,0.5,0.5,0.5,20,paired_trace,5000 whole-pair bootstrap resamples,measured,Feature-level diagnostic; not the locked E3 combined-rule PR-AUC.
E2,e2_results.json,21769dc99dff13d4dffa43962a2e27751395c722a38fe828cfe6a0e44ab45e01,all_test_cells,attack_dup_sweep_continuous,benign_continuous,120,combined,attack_alert_rate,0.0,0.0,0.0,20,paired_trace,5000 whole-pair bootstrap resamples,measured,
E2,e2_results.json,21769dc99dff13d4dffa43962a2e27751395c722a38fe828cfe6a0e44ab45e01,all_test_cells,attack_dup_sweep_continuous,benign_continuous,120,combined,benign_trigger_rate,1.0,1.0,1.0,20,paired_trace,5000 whole-pair bootstrap resamples,measured,
E2,e2_results.json,21769dc99dff13d4dffa43962a2e27751395c722a38fe828cfe6a0e44ab45e01,all_test_cells,attack_dup_sweep_continuous,benign_continuous,120,combined,FNR,1.0,1.0,1.0,20,paired_trace,5000 whole-pair bootstrap resamples,measured,
E2,e2_results.json,21769dc99dff13d4dffa43962a2e27751395c722a38fe828cfe6a0e44ab45e01,all_test_cells,attack_dup_sweep_continuous,benign_continuous,120,combined,balanced_precision,0.0,0.0,0.0,20,paired_trace,5000 whole-pair bootstrap resamples,measured,
E2,e2_results.json,21769dc99dff13d4dffa43962a2e27751395c722a38fe828cfe6a0e44ab45e01,all_test_cells,attack_dup_sweep_continuous,benign_continuous,120,combined,J,-1.0,-1.0,-1.0,20,paired_trace,5000 whole-pair bootstrap resamples,measured,
E2,e2_results.json,21769dc99dff13d4dffa43962a2e27751395c722a38fe828cfe6a0e44ab45e01,all_test_cells,attack_dup_sweep_continuous,benign_continuous,120,volume,attack_alert_rate,1.0,1.0,1.0,20,paired_trace,5000 whole-pair bootstrap resamples,measured,
E2,e2_results.json,21769dc99dff13d4dffa43962a2e27751395c722a38fe828cfe6a0e44ab45e01,all_test_cells,attack_dup_sweep_continuous,benign_continuous,120,volume,benign_trigger_rate,1.0,1.0,1.0,20,paired_trace,5000 whole-pair bootstrap resamples,measured,
E2,e2_results.json,21769dc99dff13d4dffa43962a2e27751395c722a38fe828cfe6a0e44ab45e01,all_test_cells,attack_dup_sweep_continuous,benign_continuous,120,volume,FNR,0.0,0.0,0.0,20,paired_trace,5000 whole-pair bootstrap resamples,measured,
E2,e2_results.json,21769dc99dff13d4dffa43962a2e27751395c722a38fe828cfe6a0e44ab45e01,all_test_cells,attack_dup_sweep_continuous,benign_continuous,120,volume,balanced_precision,0.5,0.5,0.5,20,paired_trace,5000 whole-pair bootstrap resamples,measured,
E2,e2_results.json,21769dc99dff13d4dffa43962a2e27751395c722a38fe828cfe6a0e44ab45e01,all_test_cells,attack_dup_sweep_continuous,benign_continuous,120,volume,J,0.0,0.0,0.0,20,paired_trace,5000 whole-pair bootstrap resamples,measured,
E2,e2_results.json,21769dc99dff13d4dffa43962a2e27751395c722a38fe828cfe6a0e44ab45e01,all_test_cells,attack_dup_sweep_continuous,benign_continuous,120,entropy,feature_PR_AUC,0.30891492195426234,0.3088536181659822,0.3089770935906814,20,paired_trace,5000 whole-pair bootstrap resamples,measured,Feature-level diagnostic; not the locked E3 combined-rule PR-AUC.
E2,e2_results.json,21769dc99dff13d4dffa43962a2e27751395c722a38fe828cfe6a0e44ab45e01,all_test_cells,attack_dup_sweep_continuous,benign_continuous,120,unique_ratio,feature_PR_AUC,0.310033590565158,0.30987445200685537,0.3101962996435157,20,paired_trace,5000 whole-pair bootstrap resamples,measured,Feature-level diagnostic; not the locked E3 combined-rule PR-AUC.
E2,e2_results.json,21769dc99dff13d4dffa43962a2e27751395c722a38fe828cfe6a0e44ab45e01,all_test_cells,attack_dup_sweep_continuous,benign_continuous,120,volume,feature_PR_AUC,0.5,0.5,0.5,20,paired_trace,5000 whole-pair bootstrap resamples,measured,Feature-level diagnostic; not the locked E3 combined-rule PR-AUC.
E2,e2_results.json,21769dc99dff13d4dffa43962a2e27751395c722a38fe828cfe6a0e44ab45e01,all_test_cells,attack_dup_sweep_continuous,benign_continuous,200,combined,attack_alert_rate,0.0,0.0,0.0,20,paired_trace,5000 whole-pair bootstrap resamples,measured,
E2,e2_results.json,21769dc99dff13d4dffa43962a2e27751395c722a38fe828cfe6a0e44ab45e01,all_test_cells,attack_dup_sweep_continuous,benign_continuous,200,combined,benign_trigger_rate,1.0,1.0,1.0,20,paired_trace,5000 whole-pair bootstrap resamples,measured,
E2,e2_results.json,21769dc99dff13d4dffa43962a2e27751395c722a38fe828cfe6a0e44ab45e01,all_test_cells,attack_dup_sweep_continuous,benign_continuous,200,combined,FNR,1.0,1.0,1.0,20,paired_trace,5000 whole-pair bootstrap resamples,measured,
E2,e2_results.json,21769dc99dff13d4dffa43962a2e27751395c722a38fe828cfe6a0e44ab45e01,all_test_cells,attack_dup_sweep_continuous,benign_continuous,200,combined,balanced_precision,0.0,0.0,0.0,20,paired_trace,5000 whole-pair bootstrap resamples,measured,
E2,e2_results.json,21769dc99dff13d4dffa43962a2e27751395c722a38fe828cfe6a0e44ab45e01,all_test_cells,attack_dup_sweep_continuous,benign_continuous,200,combined,J,-1.0,-1.0,-1.0,20,paired_trace,5000 whole-pair bootstrap resamples,measured,
E2,e2_results.json,21769dc99dff13d4dffa43962a2e27751395c722a38fe828cfe6a0e44ab45e01,all_test_cells,attack_dup_sweep_continuous,benign_continuous,200,volume,attack_alert_rate,1.0,1.0,1.0,20,paired_trace,5000 whole-pair bootstrap resamples,measured,
E2,e2_results.json,21769dc99dff13d4dffa43962a2e27751395c722a38fe828cfe6a0e44ab45e01,all_test_cells,attack_dup_sweep_continuous,benign_continuous,200,volume,benign_trigger_rate,1.0,1.0,1.0,20,paired_trace,5000 whole-pair bootstrap resamples,measured,
E2,e2_results.json,21769dc99dff13d4dffa43962a2e27751395c722a38fe828cfe6a0e44ab45e01,all_test_cells,attack_dup_sweep_continuous,benign_continuous,200,volume,FNR,0.0,0.0,0.0,20,paired_trace,5000 whole-pair bootstrap resamples,measured,
E2,e2_results.json,21769dc99dff13d4dffa43962a2e27751395c722a38fe828cfe6a0e44ab45e01,all_test_cells,attack_dup_sweep_continuous,benign_continuous,200,volume,balanced_precision,0.5,0.5,0.5,20,paired_trace,5000 whole-pair bootstrap resamples,measured,
E2,e2_results.json,21769dc99dff13d4dffa43962a2e27751395c722a38fe828cfe6a0e44ab45e01,all_test_cells,attack_dup_sweep_continuous,benign_continuous,200,volume,J,0.0,0.0,0.0,20,paired_trace,5000 whole-pair bootstrap resamples,measured,
E2,e2_results.json,21769dc99dff13d4dffa43962a2e27751395c722a38fe828cfe6a0e44ab45e01,all_test_cells,attack_dup_sweep_continuous,benign_continuous,200,entropy,feature_PR_AUC,0.3086295942899476,0.3086010430437111,0.30865898439329137,20,paired_trace,5000 whole-pair bootstrap resamples,measured,Feature-level diagnostic; not the locked E3 combined-rule PR-AUC.
E2,e2_results.json,21769dc99dff13d4dffa43962a2e27751395c722a38fe828cfe6a0e44ab45e01,all_test_cells,attack_dup_sweep_continuous,benign_continuous,200,unique_ratio,feature_PR_AUC,0.30938977417431685,0.3092963977537675,0.3094852093009651,20,paired_trace,5000 whole-pair bootstrap resamples,measured,Feature-level diagnostic; not the locked E3 combined-rule PR-AUC.
E2,e2_results.json,21769dc99dff13d4dffa43962a2e27751395c722a38fe828cfe6a0e44ab45e01,all_test_cells,attack_dup_sweep_continuous,benign_continuous,200,volume,feature_PR_AUC,0.5,0.5,0.5,20,paired_trace,5000 whole-pair bootstrap resamples,measured,Feature-level diagnostic; not the locked E3 combined-rule PR-AUC.
E2,e2_results.json,21769dc99dff13d4dffa43962a2e27751395c722a38fe828cfe6a0e44ab45e01,all_test_cells,attack_sweep_bursty,benign_bursty,24,combined,attack_alert_rate,0.49399999999999994,0.4796666666666667,0.5086666666666666,20,paired_trace,5000 whole-pair bootstrap resamples,measured,
E2,e2_results.json,21769dc99dff13d4dffa43962a2e27751395c722a38fe828cfe6a0e44ab45e01,all_test_cells,attack_sweep_bursty,benign_bursty,24,combined,benign_trigger_rate,0.49399999999999994,0.4796666666666667,0.5083333333333333,20,paired_trace,5000 whole-pair bootstrap resamples,measured,
E2,e2_results.json,21769dc99dff13d4dffa43962a2e27751395c722a38fe828cfe6a0e44ab45e01,all_test_cells,attack_sweep_bursty,benign_bursty,24,combined,FNR,0.506,0.4916666666666667,0.5193333333333333,20,paired_trace,5000 whole-pair bootstrap resamples,measured,
E2,e2_results.json,21769dc99dff13d4dffa43962a2e27751395c722a38fe828cfe6a0e44ab45e01,all_test_cells,attack_sweep_bursty,benign_bursty,24,combined,balanced_precision,0.5,0.5,0.5,20,paired_trace,5000 whole-pair bootstrap resamples,measured,
E2,e2_results.json,21769dc99dff13d4dffa43962a2e27751395c722a38fe828cfe6a0e44ab45e01,all_test_cells,attack_sweep_bursty,benign_bursty,24,combined,J,0.0,0.0,0.0,20,paired_trace,5000 whole-pair bootstrap resamples,measured,
E2,e2_results.json,21769dc99dff13d4dffa43962a2e27751395c722a38fe828cfe6a0e44ab45e01,all_test_cells,attack_sweep_bursty,benign_bursty,24,volume,attack_alert_rate,0.49399999999999994,0.4803333333333333,0.5083333333333334,20,paired_trace,5000 whole-pair bootstrap resamples,measured,
E2,e2_results.json,21769dc99dff13d4dffa43962a2e27751395c722a38fe828cfe6a0e44ab45e01,all_test_cells,attack_sweep_bursty,benign_bursty,24,volume,benign_trigger_rate,0.49399999999999994,0.4806666666666666,0.508,20,paired_trace,5000 whole-pair bootstrap resamples,measured,
E2,e2_results.json,21769dc99dff13d4dffa43962a2e27751395c722a38fe828cfe6a0e44ab45e01,all_test_cells,attack_sweep_bursty,benign_bursty,24,volume,FNR,0.506,0.492,0.5203333333333334,20,paired_trace,5000 whole-pair bootstrap resamples,measured,
E2,e2_results.json,21769dc99dff13d4dffa43962a2e27751395c722a38fe828cfe6a0e44ab45e01,all_test_cells,attack_sweep_bursty,benign_bursty,24,volume,balanced_precision,0.5,0.5,0.5,20,paired_trace,5000 whole-pair bootstrap resamples,measured,
E2,e2_results.json,21769dc99dff13d4dffa43962a2e27751395c722a38fe828cfe6a0e44ab45e01,all_test_cells,attack_sweep_bursty,benign_bursty,24,volume,J,0.0,0.0,0.0,20,paired_trace,5000 whole-pair bootstrap resamples,measured,
E2,e2_results.json,21769dc99dff13d4dffa43962a2e27751395c722a38fe828cfe6a0e44ab45e01,all_test_cells,attack_sweep_bursty,benign_bursty,24,entropy,feature_PR_AUC,0.518286717910504,0.5143885237808948,0.5225054560612707,20,paired_trace,5000 whole-pair bootstrap resamples,measured,Feature-level diagnostic; not the locked E3 combined-rule PR-AUC.
E2,e2_results.json,21769dc99dff13d4dffa43962a2e27751395c722a38fe828cfe6a0e44ab45e01,all_test_cells,attack_sweep_bursty,benign_bursty,24,unique_ratio,feature_PR_AUC,0.5436378758681731,0.5336677318426652,0.5536726423340205,20,paired_trace,5000 whole-pair bootstrap resamples,measured,Feature-level diagnostic; not the locked E3 combined-rule PR-AUC.
E2,e2_results.json,21769dc99dff13d4dffa43962a2e27751395c722a38fe828cfe6a0e44ab45e01,all_test_cells,attack_sweep_bursty,benign_bursty,24,volume,feature_PR_AUC,0.5,0.5,0.5,20,paired_trace,5000 whole-pair bootstrap resamples,measured,Feature-level diagnostic; not the locked E3 combined-rule PR-AUC.
E2,e2_results.json,21769dc99dff13d4dffa43962a2e27751395c722a38fe828cfe6a0e44ab45e01,all_test_cells,attack_sweep_bursty,benign_bursty,60,combined,attack_alert_rate,0.9986666666666666,0.9969999999999999,1.0,20,paired_trace,5000 whole-pair bootstrap resamples,measured,
E2,e2_results.json,21769dc99dff13d4dffa43962a2e27751395c722a38fe828cfe6a0e44ab45e01,all_test_cells,attack_sweep_bursty,benign_bursty,60,combined,benign_trigger_rate,0.9986666666666666,0.9970000000000001,1.0,20,paired_trace,5000 whole-pair bootstrap resamples,measured,
E2,e2_results.json,21769dc99dff13d4dffa43962a2e27751395c722a38fe828cfe6a0e44ab45e01,all_test_cells,attack_sweep_bursty,benign_bursty,60,combined,FNR,0.0013333333333333363,0.0,0.0030000000000000027,20,paired_trace,5000 whole-pair bootstrap resamples,measured,
E2,e2_results.json,21769dc99dff13d4dffa43962a2e27751395c722a38fe828cfe6a0e44ab45e01,all_test_cells,attack_sweep_bursty,benign_bursty,60,combined,balanced_precision,0.5,0.5,0.5,20,paired_trace,5000 whole-pair bootstrap resamples,measured,
E2,e2_results.json,21769dc99dff13d4dffa43962a2e27751395c722a38fe828cfe6a0e44ab45e01,all_test_cells,attack_sweep_bursty,benign_bursty,60,combined,J,0.0,0.0,0.0,20,paired_trace,5000 whole-pair bootstrap resamples,measured,
E2,e2_results.json,21769dc99dff13d4dffa43962a2e27751395c722a38fe828cfe6a0e44ab45e01,all_test_cells,attack_sweep_bursty,benign_bursty,60,volume,attack_alert_rate,0.9986666666666666,0.9969999999999999,1.0,20,paired_trace,5000 whole-pair bootstrap resamples,measured,
E2,e2_results.json,21769dc99dff13d4dffa43962a2e27751395c722a38fe828cfe6a0e44ab45e01,all_test_cells,attack_sweep_bursty,benign_bursty,60,volume,benign_trigger_rate,0.9986666666666666,0.9969999999999999,1.0,20,paired_trace,5000 whole-pair bootstrap resamples,measured,
E2,e2_results.json,21769dc99dff13d4dffa43962a2e27751395c722a38fe828cfe6a0e44ab45e01,all_test_cells,attack_sweep_bursty,benign_bursty,60,volume,FNR,0.0013333333333333363,0.0,0.0030000000000000083,20,paired_trace,5000 whole-pair bootstrap resamples,measured,
E2,e2_results.json,21769dc99dff13d4dffa43962a2e27751395c722a38fe828cfe6a0e44ab45e01,all_test_cells,attack_sweep_bursty,benign_bursty,60,volume,balanced_precision,0.5,0.5,0.5,20,paired_trace,5000 whole-pair bootstrap resamples,measured,
E2,e2_results.json,21769dc99dff13d4dffa43962a2e27751395c722a38fe828cfe6a0e44ab45e01,all_test_cells,attack_sweep_bursty,benign_bursty,60,volume,J,0.0,0.0,0.0,20,paired_trace,5000 whole-pair bootstrap resamples,measured,
E2,e2_results.json,21769dc99dff13d4dffa43962a2e27751395c722a38fe828cfe6a0e44ab45e01,all_test_cells,attack_sweep_bursty,benign_bursty,60,entropy,feature_PR_AUC,0.5362951389623165,0.5317047892564206,0.5409050302436712,20,paired_trace,5000 whole-pair bootstrap resamples,measured,Feature-level diagnostic; not the locked E3 combined-rule PR-AUC.
E2,e2_results.json,21769dc99dff13d4dffa43962a2e27751395c722a38fe828cfe6a0e44ab45e01,all_test_cells,attack_sweep_bursty,benign_bursty,60,unique_ratio,feature_PR_AUC,0.6547107184963041,0.6377316547281658,0.6718257879483063,20,paired_trace,5000 whole-pair bootstrap resamples,measured,Feature-level diagnostic; not the locked E3 combined-rule PR-AUC.
E2,e2_results.json,21769dc99dff13d4dffa43962a2e27751395c722a38fe828cfe6a0e44ab45e01,all_test_cells,attack_sweep_bursty,benign_bursty,60,volume,feature_PR_AUC,0.5,0.5,0.5,20,paired_trace,5000 whole-pair bootstrap resamples,measured,Feature-level diagnostic; not the locked E3 combined-rule PR-AUC.
E2,e2_results.json,21769dc99dff13d4dffa43962a2e27751395c722a38fe828cfe6a0e44ab45e01,all_test_cells,attack_sweep_bursty,benign_bursty,120,combined,attack_alert_rate,1.0,1.0,1.0,20,paired_trace,5000 whole-pair bootstrap resamples,measured,
E2,e2_results.json,21769dc99dff13d4dffa43962a2e27751395c722a38fe828cfe6a0e44ab45e01,all_test_cells,attack_sweep_bursty,benign_bursty,120,combined,benign_trigger_rate,1.0,1.0,1.0,20,paired_trace,5000 whole-pair bootstrap resamples,measured,
E2,e2_results.json,21769dc99dff13d4dffa43962a2e27751395c722a38fe828cfe6a0e44ab45e01,all_test_cells,attack_sweep_bursty,benign_bursty,120,combined,FNR,0.0,0.0,0.0,20,paired_trace,5000 whole-pair bootstrap resamples,measured,
E2,e2_results.json,21769dc99dff13d4dffa43962a2e27751395c722a38fe828cfe6a0e44ab45e01,all_test_cells,attack_sweep_bursty,benign_bursty,120,combined,balanced_precision,0.5,0.5,0.5,20,paired_trace,5000 whole-pair bootstrap resamples,measured,
E2,e2_results.json,21769dc99dff13d4dffa43962a2e27751395c722a38fe828cfe6a0e44ab45e01,all_test_cells,attack_sweep_bursty,benign_bursty,120,combined,J,0.0,0.0,0.0,20,paired_trace,5000 whole-pair bootstrap resamples,measured,
E2,e2_results.json,21769dc99dff13d4dffa43962a2e27751395c722a38fe828cfe6a0e44ab45e01,all_test_cells,attack_sweep_bursty,benign_bursty,120,volume,attack_alert_rate,1.0,1.0,1.0,20,paired_trace,5000 whole-pair bootstrap resamples,measured,
E2,e2_results.json,21769dc99dff13d4dffa43962a2e27751395c722a38fe828cfe6a0e44ab45e01,all_test_cells,attack_sweep_bursty,benign_bursty,120,volume,benign_trigger_rate,1.0,1.0,1.0,20,paired_trace,5000 whole-pair bootstrap resamples,measured,
E2,e2_results.json,21769dc99dff13d4dffa43962a2e27751395c722a38fe828cfe6a0e44ab45e01,all_test_cells,attack_sweep_bursty,benign_bursty,120,volume,FNR,0.0,0.0,0.0,20,paired_trace,5000 whole-pair bootstrap resamples,measured,
E2,e2_results.json,21769dc99dff13d4dffa43962a2e27751395c722a38fe828cfe6a0e44ab45e01,all_test_cells,attack_sweep_bursty,benign_bursty,120,volume,balanced_precision,0.5,0.5,0.5,20,paired_trace,5000 whole-pair bootstrap resamples,measured,
E2,e2_results.json,21769dc99dff13d4dffa43962a2e27751395c722a38fe828cfe6a0e44ab45e01,all_test_cells,attack_sweep_bursty,benign_bursty,120,volume,J,0.0,0.0,0.0,20,paired_trace,5000 whole-pair bootstrap resamples,measured,
E2,e2_results.json,21769dc99dff13d4dffa43962a2e27751395c722a38fe828cfe6a0e44ab45e01,all_test_cells,attack_sweep_bursty,benign_bursty,120,entropy,feature_PR_AUC,0.5655041102491996,0.5604012933232428,0.5705228896382628,20,paired_trace,5000 whole-pair bootstrap resamples,measured,Feature-level diagnostic; not the locked E3 combined-rule PR-AUC.
E2,e2_results.json,21769dc99dff13d4dffa43962a2e27751395c722a38fe828cfe6a0e44ab45e01,all_test_cells,attack_sweep_bursty,benign_bursty,120,unique_ratio,feature_PR_AUC,0.8440432928064107,0.8278878025179395,0.860373312171283,20,paired_trace,5000 whole-pair bootstrap resamples,measured,Feature-level diagnostic; not the locked E3 combined-rule PR-AUC.
E2,e2_results.json,21769dc99dff13d4dffa43962a2e27751395c722a38fe828cfe6a0e44ab45e01,all_test_cells,attack_sweep_bursty,benign_bursty,120,volume,feature_PR_AUC,0.5,0.5,0.5,20,paired_trace,5000 whole-pair bootstrap resamples,measured,Feature-level diagnostic; not the locked E3 combined-rule PR-AUC.
E2,e2_results.json,21769dc99dff13d4dffa43962a2e27751395c722a38fe828cfe6a0e44ab45e01,all_test_cells,attack_sweep_bursty,benign_bursty,200,combined,attack_alert_rate,1.0,1.0,1.0,20,paired_trace,5000 whole-pair bootstrap resamples,measured,
E2,e2_results.json,21769dc99dff13d4dffa43962a2e27751395c722a38fe828cfe6a0e44ab45e01,all_test_cells,attack_sweep_bursty,benign_bursty,200,combined,benign_trigger_rate,1.0,1.0,1.0,20,paired_trace,5000 whole-pair bootstrap resamples,measured,
E2,e2_results.json,21769dc99dff13d4dffa43962a2e27751395c722a38fe828cfe6a0e44ab45e01,all_test_cells,attack_sweep_bursty,benign_bursty,200,combined,FNR,0.0,0.0,0.0,20,paired_trace,5000 whole-pair bootstrap resamples,measured,
E2,e2_results.json,21769dc99dff13d4dffa43962a2e27751395c722a38fe828cfe6a0e44ab45e01,all_test_cells,attack_sweep_bursty,benign_bursty,200,combined,balanced_precision,0.5,0.5,0.5,20,paired_trace,5000 whole-pair bootstrap resamples,measured,
E2,e2_results.json,21769dc99dff13d4dffa43962a2e27751395c722a38fe828cfe6a0e44ab45e01,all_test_cells,attack_sweep_bursty,benign_bursty,200,combined,J,0.0,0.0,0.0,20,paired_trace,5000 whole-pair bootstrap resamples,measured,
E2,e2_results.json,21769dc99dff13d4dffa43962a2e27751395c722a38fe828cfe6a0e44ab45e01,all_test_cells,attack_sweep_bursty,benign_bursty,200,volume,attack_alert_rate,1.0,1.0,1.0,20,paired_trace,5000 whole-pair bootstrap resamples,measured,
E2,e2_results.json,21769dc99dff13d4dffa43962a2e27751395c722a38fe828cfe6a0e44ab45e01,all_test_cells,attack_sweep_bursty,benign_bursty,200,volume,benign_trigger_rate,1.0,1.0,1.0,20,paired_trace,5000 whole-pair bootstrap resamples,measured,
E2,e2_results.json,21769dc99dff13d4dffa43962a2e27751395c722a38fe828cfe6a0e44ab45e01,all_test_cells,attack_sweep_bursty,benign_bursty,200,volume,FNR,0.0,0.0,0.0,20,paired_trace,5000 whole-pair bootstrap resamples,measured,
E2,e2_results.json,21769dc99dff13d4dffa43962a2e27751395c722a38fe828cfe6a0e44ab45e01,all_test_cells,attack_sweep_bursty,benign_bursty,200,volume,balanced_precision,0.5,0.5,0.5,20,paired_trace,5000 whole-pair bootstrap resamples,measured,
E2,e2_results.json,21769dc99dff13d4dffa43962a2e27751395c722a38fe828cfe6a0e44ab45e01,all_test_cells,attack_sweep_bursty,benign_bursty,200,volume,J,0.0,0.0,0.0,20,paired_trace,5000 whole-pair bootstrap resamples,measured,
E2,e2_results.json,21769dc99dff13d4dffa43962a2e27751395c722a38fe828cfe6a0e44ab45e01,all_test_cells,attack_sweep_bursty,benign_bursty,200,entropy,feature_PR_AUC,0.612917320100823,0.6075525660650704,0.6180253306560711,20,paired_trace,5000 whole-pair bootstrap resamples,measured,Feature-level diagnostic; not the locked E3 combined-rule PR-AUC.
E2,e2_results.json,21769dc99dff13d4dffa43962a2e27751395c722a38fe828cfe6a0e44ab45e01,all_test_cells,attack_sweep_bursty,benign_bursty,200,unique_ratio,feature_PR_AUC,0.9501887087449867,0.9417802367870319,0.9581873071029994,20,paired_trace,5000 whole-pair bootstrap resamples,measured,Feature-level diagnostic; not the locked E3 combined-rule PR-AUC.
E2,e2_results.json,21769dc99dff13d4dffa43962a2e27751395c722a38fe828cfe6a0e44ab45e01,all_test_cells,attack_sweep_bursty,benign_bursty,200,volume,feature_PR_AUC,0.5,0.5,0.5,20,paired_trace,5000 whole-pair bootstrap resamples,measured,Feature-level diagnostic; not the locked E3 combined-rule PR-AUC.
E3,e3_test_results.json,7bf6071371b849620514db3f0d3ea4ee766c8e17299da04fbdb293c2df48ed64,primary,attack_sweep_continuous,benign_continuous,24,B2,attack_alert_rate,0.49333333333333335,0.44111111111111106,0.5466666666666667,6,paired_trace,5000 paired-trace bootstrap resamples,measured,
E3,e3_test_results.json,7bf6071371b849620514db3f0d3ea4ee766c8e17299da04fbdb293c2df48ed64,primary,attack_sweep_continuous,benign_continuous,24,B2,benign_trigger_rate,0.49333333333333335,0.44111111111111106,0.5466666666666667,6,paired_trace,5000 paired-trace bootstrap resamples,measured,
E3,e3_test_results.json,7bf6071371b849620514db3f0d3ea4ee766c8e17299da04fbdb293c2df48ed64,primary,attack_sweep_continuous,benign_continuous,24,B2,FNR,0.5066666666666667,0.4533333333333333,0.5533333333333333,6,paired_trace,5000 paired-trace bootstrap resamples,measured,
E3,e3_test_results.json,7bf6071371b849620514db3f0d3ea4ee766c8e17299da04fbdb293c2df48ed64,primary,attack_sweep_continuous,benign_continuous,24,B2,balanced_precision,0.5,0.5,0.5,6,paired_trace,5000 paired-trace bootstrap resamples,measured,
E3,e3_test_results.json,7bf6071371b849620514db3f0d3ea4ee766c8e17299da04fbdb293c2df48ed64,primary,attack_sweep_continuous,benign_continuous,24,B2,J,0.0,0.0,0.0,6,paired_trace,5000 paired-trace bootstrap resamples,measured,
E3,e3_test_results.json,7bf6071371b849620514db3f0d3ea4ee766c8e17299da04fbdb293c2df48ed64,primary,attack_sweep_continuous,benign_continuous,24,new_B5,attack_alert_rate,0.0,0.0,0.0,6,paired_trace,5000 paired-trace bootstrap resamples,measured,
E3,e3_test_results.json,7bf6071371b849620514db3f0d3ea4ee766c8e17299da04fbdb293c2df48ed64,primary,attack_sweep_continuous,benign_continuous,24,new_B5,benign_trigger_rate,0.0,0.0,0.0,6,paired_trace,5000 paired-trace bootstrap resamples,measured,
E3,e3_test_results.json,7bf6071371b849620514db3f0d3ea4ee766c8e17299da04fbdb293c2df48ed64,primary,attack_sweep_continuous,benign_continuous,24,new_B5,FNR,1.0,1.0,1.0,6,paired_trace,5000 paired-trace bootstrap resamples,measured,
E3,e3_test_results.json,7bf6071371b849620514db3f0d3ea4ee766c8e17299da04fbdb293c2df48ed64,primary,attack_sweep_continuous,benign_continuous,24,new_B5,balanced_precision,0.5,0.5,0.5,6,paired_trace,5000 paired-trace bootstrap resamples,measured,
E3,e3_test_results.json,7bf6071371b849620514db3f0d3ea4ee766c8e17299da04fbdb293c2df48ed64,primary,attack_sweep_continuous,benign_continuous,24,new_B5,J,0.0,0.0,0.0,6,paired_trace,5000 paired-trace bootstrap resamples,measured,
E3,e3_test_results.json,7bf6071371b849620514db3f0d3ea4ee766c8e17299da04fbdb293c2df48ed64,primary,attack_sweep_continuous,benign_continuous,24,old_B5,attack_alert_rate,0.49333333333333335,0.44,0.5466666666666667,6,paired_trace,5000 paired-trace bootstrap resamples,measured,
E3,e3_test_results.json,7bf6071371b849620514db3f0d3ea4ee766c8e17299da04fbdb293c2df48ed64,primary,attack_sweep_continuous,benign_continuous,24,old_B5,benign_trigger_rate,0.49333333333333335,0.44111111111111106,0.5433333333333333,6,paired_trace,5000 paired-trace bootstrap resamples,measured,
E3,e3_test_results.json,7bf6071371b849620514db3f0d3ea4ee766c8e17299da04fbdb293c2df48ed64,primary,attack_sweep_continuous,benign_continuous,24,old_B5,FNR,0.5066666666666667,0.4533333333333333,0.5533333333333333,6,paired_trace,5000 paired-trace bootstrap resamples,measured,
E3,e3_test_results.json,7bf6071371b849620514db3f0d3ea4ee766c8e17299da04fbdb293c2df48ed64,primary,attack_sweep_continuous,benign_continuous,24,old_B5,balanced_precision,0.5,0.5,0.5,6,paired_trace,5000 paired-trace bootstrap resamples,measured,
E3,e3_test_results.json,7bf6071371b849620514db3f0d3ea4ee766c8e17299da04fbdb293c2df48ed64,primary,attack_sweep_continuous,benign_continuous,24,old_B5,J,0.0,0.0,0.0,6,paired_trace,5000 paired-trace bootstrap resamples,measured,
E3,e3_test_results.json,7bf6071371b849620514db3f0d3ea4ee766c8e17299da04fbdb293c2df48ed64,primary,attack_sweep_continuous,benign_continuous,60,B2,attack_alert_rate,1.0,1.0,1.0,6,paired_trace,5000 paired-trace bootstrap resamples,measured,
E3,e3_test_results.json,7bf6071371b849620514db3f0d3ea4ee766c8e17299da04fbdb293c2df48ed64,primary,attack_sweep_continuous,benign_continuous,60,B2,benign_trigger_rate,1.0,1.0,1.0,6,paired_trace,5000 paired-trace bootstrap resamples,measured,
E3,e3_test_results.json,7bf6071371b849620514db3f0d3ea4ee766c8e17299da04fbdb293c2df48ed64,primary,attack_sweep_continuous,benign_continuous,60,B2,FNR,0.0,0.0,0.0,6,paired_trace,5000 paired-trace bootstrap resamples,measured,
E3,e3_test_results.json,7bf6071371b849620514db3f0d3ea4ee766c8e17299da04fbdb293c2df48ed64,primary,attack_sweep_continuous,benign_continuous,60,B2,balanced_precision,0.5,0.5,0.5,6,paired_trace,5000 paired-trace bootstrap resamples,measured,
E3,e3_test_results.json,7bf6071371b849620514db3f0d3ea4ee766c8e17299da04fbdb293c2df48ed64,primary,attack_sweep_continuous,benign_continuous,60,B2,J,0.0,0.0,0.0,6,paired_trace,5000 paired-trace bootstrap resamples,measured,
E3,e3_test_results.json,7bf6071371b849620514db3f0d3ea4ee766c8e17299da04fbdb293c2df48ed64,primary,attack_sweep_continuous,benign_continuous,60,new_B5,attack_alert_rate,0.3166666666666667,0.26333333333333336,0.3711111111111111,6,paired_trace,5000 paired-trace bootstrap resamples,measured,
E3,e3_test_results.json,7bf6071371b849620514db3f0d3ea4ee766c8e17299da04fbdb293c2df48ed64,primary,attack_sweep_continuous,benign_continuous,60,new_B5,benign_trigger_rate,0.2688888888888889,0.22,0.31555555555555553,6,paired_trace,5000 paired-trace bootstrap resamples,measured,
E3,e3_test_results.json,7bf6071371b849620514db3f0d3ea4ee766c8e17299da04fbdb293c2df48ed64,primary,attack_sweep_continuous,benign_continuous,60,new_B5,FNR,0.6833333333333332,0.63,0.7355555555555555,6,paired_trace,5000 paired-trace bootstrap resamples,measured,
E3,e3_test_results.json,7bf6071371b849620514db3f0d3ea4ee766c8e17299da04fbdb293c2df48ed64,primary,attack_sweep_continuous,benign_continuous,60,new_B5,balanced_precision,0.523888888888889,0.5133333333333333,0.533888888888889,6,paired_trace,5000 paired-trace bootstrap resamples,measured,
E3,e3_test_results.json,7bf6071371b849620514db3f0d3ea4ee766c8e17299da04fbdb293c2df48ed64,primary,attack_sweep_continuous,benign_continuous,60,new_B5,J,0.04777777777777779,0.026666666666666696,0.06777777777777778,6,paired_trace,5000 paired-trace bootstrap resamples,measured,
E3,e3_test_results.json,7bf6071371b849620514db3f0d3ea4ee766c8e17299da04fbdb293c2df48ed64,primary,attack_sweep_continuous,benign_continuous,60,old_B5,attack_alert_rate,1.0,1.0,1.0,6,paired_trace,5000 paired-trace bootstrap resamples,measured,
E3,e3_test_results.json,7bf6071371b849620514db3f0d3ea4ee766c8e17299da04fbdb293c2df48ed64,primary,attack_sweep_continuous,benign_continuous,60,old_B5,benign_trigger_rate,1.0,1.0,1.0,6,paired_trace,5000 paired-trace bootstrap resamples,measured,
E3,e3_test_results.json,7bf6071371b849620514db3f0d3ea4ee766c8e17299da04fbdb293c2df48ed64,primary,attack_sweep_continuous,benign_continuous,60,old_B5,FNR,0.0,0.0,0.0,6,paired_trace,5000 paired-trace bootstrap resamples,measured,
E3,e3_test_results.json,7bf6071371b849620514db3f0d3ea4ee766c8e17299da04fbdb293c2df48ed64,primary,attack_sweep_continuous,benign_continuous,60,old_B5,balanced_precision,0.5,0.5,0.5,6,paired_trace,5000 paired-trace bootstrap resamples,measured,
E3,e3_test_results.json,7bf6071371b849620514db3f0d3ea4ee766c8e17299da04fbdb293c2df48ed64,primary,attack_sweep_continuous,benign_continuous,60,old_B5,J,0.0,0.0,0.0,6,paired_trace,5000 paired-trace bootstrap resamples,measured,
E3,e3_test_results.json,7bf6071371b849620514db3f0d3ea4ee766c8e17299da04fbdb293c2df48ed64,primary,attack_sweep_continuous,benign_continuous,120,B2,attack_alert_rate,1.0,1.0,1.0,6,paired_trace,5000 paired-trace bootstrap resamples,measured,
E3,e3_test_results.json,7bf6071371b849620514db3f0d3ea4ee766c8e17299da04fbdb293c2df48ed64,primary,attack_sweep_continuous,benign_continuous,120,B2,benign_trigger_rate,1.0,1.0,1.0,6,paired_trace,5000 paired-trace bootstrap resamples,measured,
E3,e3_test_results.json,7bf6071371b849620514db3f0d3ea4ee766c8e17299da04fbdb293c2df48ed64,primary,attack_sweep_continuous,benign_continuous,120,B2,FNR,0.0,0.0,0.0,6,paired_trace,5000 paired-trace bootstrap resamples,measured,
E3,e3_test_results.json,7bf6071371b849620514db3f0d3ea4ee766c8e17299da04fbdb293c2df48ed64,primary,attack_sweep_continuous,benign_continuous,120,B2,balanced_precision,0.5,0.5,0.5,6,paired_trace,5000 paired-trace bootstrap resamples,measured,
E3,e3_test_results.json,7bf6071371b849620514db3f0d3ea4ee766c8e17299da04fbdb293c2df48ed64,primary,attack_sweep_continuous,benign_continuous,120,B2,J,0.0,0.0,0.0,6,paired_trace,5000 paired-trace bootstrap resamples,measured,
E3,e3_test_results.json,7bf6071371b849620514db3f0d3ea4ee766c8e17299da04fbdb293c2df48ed64,primary,attack_sweep_continuous,benign_continuous,120,new_B5,attack_alert_rate,1.0,1.0,1.0,6,paired_trace,5000 paired-trace bootstrap resamples,measured,
E3,e3_test_results.json,7bf6071371b849620514db3f0d3ea4ee766c8e17299da04fbdb293c2df48ed64,primary,attack_sweep_continuous,benign_continuous,120,new_B5,benign_trigger_rate,1.0,1.0,1.0,6,paired_trace,5000 paired-trace bootstrap resamples,measured,
E3,e3_test_results.json,7bf6071371b849620514db3f0d3ea4ee766c8e17299da04fbdb293c2df48ed64,primary,attack_sweep_continuous,benign_continuous,120,new_B5,FNR,0.0,0.0,0.0,6,paired_trace,5000 paired-trace bootstrap resamples,measured,
E3,e3_test_results.json,7bf6071371b849620514db3f0d3ea4ee766c8e17299da04fbdb293c2df48ed64,primary,attack_sweep_continuous,benign_continuous,120,new_B5,balanced_precision,0.5,0.5,0.5,6,paired_trace,5000 paired-trace bootstrap resamples,measured,
E3,e3_test_results.json,7bf6071371b849620514db3f0d3ea4ee766c8e17299da04fbdb293c2df48ed64,primary,attack_sweep_continuous,benign_continuous,120,new_B5,J,0.0,0.0,0.0,6,paired_trace,5000 paired-trace bootstrap resamples,measured,
E3,e3_test_results.json,7bf6071371b849620514db3f0d3ea4ee766c8e17299da04fbdb293c2df48ed64,primary,attack_sweep_continuous,benign_continuous,120,old_B5,attack_alert_rate,1.0,1.0,1.0,6,paired_trace,5000 paired-trace bootstrap resamples,measured,
E3,e3_test_results.json,7bf6071371b849620514db3f0d3ea4ee766c8e17299da04fbdb293c2df48ed64,primary,attack_sweep_continuous,benign_continuous,120,old_B5,benign_trigger_rate,1.0,1.0,1.0,6,paired_trace,5000 paired-trace bootstrap resamples,measured,
E3,e3_test_results.json,7bf6071371b849620514db3f0d3ea4ee766c8e17299da04fbdb293c2df48ed64,primary,attack_sweep_continuous,benign_continuous,120,old_B5,FNR,0.0,0.0,0.0,6,paired_trace,5000 paired-trace bootstrap resamples,measured,
E3,e3_test_results.json,7bf6071371b849620514db3f0d3ea4ee766c8e17299da04fbdb293c2df48ed64,primary,attack_sweep_continuous,benign_continuous,120,old_B5,balanced_precision,0.5,0.5,0.5,6,paired_trace,5000 paired-trace bootstrap resamples,measured,
E3,e3_test_results.json,7bf6071371b849620514db3f0d3ea4ee766c8e17299da04fbdb293c2df48ed64,primary,attack_sweep_continuous,benign_continuous,120,old_B5,J,0.0,0.0,0.0,6,paired_trace,5000 paired-trace bootstrap resamples,measured,
E3,e3_test_results.json,7bf6071371b849620514db3f0d3ea4ee766c8e17299da04fbdb293c2df48ed64,primary,attack_sweep_continuous,benign_continuous,200,B2,attack_alert_rate,1.0,1.0,1.0,6,paired_trace,5000 paired-trace bootstrap resamples,measured,
E3,e3_test_results.json,7bf6071371b849620514db3f0d3ea4ee766c8e17299da04fbdb293c2df48ed64,primary,attack_sweep_continuous,benign_continuous,200,B2,benign_trigger_rate,1.0,1.0,1.0,6,paired_trace,5000 paired-trace bootstrap resamples,measured,
E3,e3_test_results.json,7bf6071371b849620514db3f0d3ea4ee766c8e17299da04fbdb293c2df48ed64,primary,attack_sweep_continuous,benign_continuous,200,B2,FNR,0.0,0.0,0.0,6,paired_trace,5000 paired-trace bootstrap resamples,measured,
E3,e3_test_results.json,7bf6071371b849620514db3f0d3ea4ee766c8e17299da04fbdb293c2df48ed64,primary,attack_sweep_continuous,benign_continuous,200,B2,balanced_precision,0.5,0.5,0.5,6,paired_trace,5000 paired-trace bootstrap resamples,measured,
E3,e3_test_results.json,7bf6071371b849620514db3f0d3ea4ee766c8e17299da04fbdb293c2df48ed64,primary,attack_sweep_continuous,benign_continuous,200,B2,J,0.0,0.0,0.0,6,paired_trace,5000 paired-trace bootstrap resamples,measured,
E3,e3_test_results.json,7bf6071371b849620514db3f0d3ea4ee766c8e17299da04fbdb293c2df48ed64,primary,attack_sweep_continuous,benign_continuous,200,new_B5,attack_alert_rate,1.0,1.0,1.0,6,paired_trace,5000 paired-trace bootstrap resamples,measured,
E3,e3_test_results.json,7bf6071371b849620514db3f0d3ea4ee766c8e17299da04fbdb293c2df48ed64,primary,attack_sweep_continuous,benign_continuous,200,new_B5,benign_trigger_rate,0.9988888888888888,0.9966666666666666,1.0,6,paired_trace,5000 paired-trace bootstrap resamples,measured,
E3,e3_test_results.json,7bf6071371b849620514db3f0d3ea4ee766c8e17299da04fbdb293c2df48ed64,primary,attack_sweep_continuous,benign_continuous,200,new_B5,FNR,0.0,0.0,0.0,6,paired_trace,5000 paired-trace bootstrap resamples,measured,
E3,e3_test_results.json,7bf6071371b849620514db3f0d3ea4ee766c8e17299da04fbdb293c2df48ed64,primary,attack_sweep_continuous,benign_continuous,200,new_B5,balanced_precision,0.5005555555555555,0.5,0.5016666666666667,6,paired_trace,5000 paired-trace bootstrap resamples,measured,
E3,e3_test_results.json,7bf6071371b849620514db3f0d3ea4ee766c8e17299da04fbdb293c2df48ed64,primary,attack_sweep_continuous,benign_continuous,200,new_B5,J,0.0011111111111111183,0.0,0.003333333333333355,6,paired_trace,5000 paired-trace bootstrap resamples,measured,
E3,e3_test_results.json,7bf6071371b849620514db3f0d3ea4ee766c8e17299da04fbdb293c2df48ed64,primary,attack_sweep_continuous,benign_continuous,200,old_B5,attack_alert_rate,1.0,1.0,1.0,6,paired_trace,5000 paired-trace bootstrap resamples,measured,
E3,e3_test_results.json,7bf6071371b849620514db3f0d3ea4ee766c8e17299da04fbdb293c2df48ed64,primary,attack_sweep_continuous,benign_continuous,200,old_B5,benign_trigger_rate,1.0,1.0,1.0,6,paired_trace,5000 paired-trace bootstrap resamples,measured,
E3,e3_test_results.json,7bf6071371b849620514db3f0d3ea4ee766c8e17299da04fbdb293c2df48ed64,primary,attack_sweep_continuous,benign_continuous,200,old_B5,FNR,0.0,0.0,0.0,6,paired_trace,5000 paired-trace bootstrap resamples,measured,
E3,e3_test_results.json,7bf6071371b849620514db3f0d3ea4ee766c8e17299da04fbdb293c2df48ed64,primary,attack_sweep_continuous,benign_continuous,200,old_B5,balanced_precision,0.5,0.5,0.5,6,paired_trace,5000 paired-trace bootstrap resamples,measured,
E3,e3_test_results.json,7bf6071371b849620514db3f0d3ea4ee766c8e17299da04fbdb293c2df48ed64,primary,attack_sweep_continuous,benign_continuous,200,old_B5,J,0.0,0.0,0.0,6,paired_trace,5000 paired-trace bootstrap resamples,measured,
E3,e3_test_results.json,7bf6071371b849620514db3f0d3ea4ee766c8e17299da04fbdb293c2df48ed64,primary,attack_sweep_bursty,benign_bursty,24,B2,attack_alert_rate,0.4777777777777778,0.4566666666666666,0.5022222222222222,6,paired_trace,5000 paired-trace bootstrap resamples,measured,
E3,e3_test_results.json,7bf6071371b849620514db3f0d3ea4ee766c8e17299da04fbdb293c2df48ed64,primary,attack_sweep_bursty,benign_bursty,24,B2,benign_trigger_rate,0.4777777777777778,0.4566666666666666,0.5011111111111111,6,paired_trace,5000 paired-trace bootstrap resamples,measured,
E3,e3_test_results.json,7bf6071371b849620514db3f0d3ea4ee766c8e17299da04fbdb293c2df48ed64,primary,attack_sweep_bursty,benign_bursty,24,B2,FNR,0.5222222222222223,0.4988888888888889,0.5433333333333333,6,paired_trace,5000 paired-trace bootstrap resamples,measured,
E3,e3_test_results.json,7bf6071371b849620514db3f0d3ea4ee766c8e17299da04fbdb293c2df48ed64,primary,attack_sweep_bursty,benign_bursty,24,B2,balanced_precision,0.5,0.5,0.5,6,paired_trace,5000 paired-trace bootstrap resamples,measured,
E3,e3_test_results.json,7bf6071371b849620514db3f0d3ea4ee766c8e17299da04fbdb293c2df48ed64,primary,attack_sweep_bursty,benign_bursty,24,B2,J,0.0,0.0,0.0,6,paired_trace,5000 paired-trace bootstrap resamples,measured,
E3,e3_test_results.json,7bf6071371b849620514db3f0d3ea4ee766c8e17299da04fbdb293c2df48ed64,primary,attack_sweep_bursty,benign_bursty,24,new_B5,attack_alert_rate,0.0,0.0,0.0,6,paired_trace,5000 paired-trace bootstrap resamples,measured,
E3,e3_test_results.json,7bf6071371b849620514db3f0d3ea4ee766c8e17299da04fbdb293c2df48ed64,primary,attack_sweep_bursty,benign_bursty,24,new_B5,benign_trigger_rate,0.0,0.0,0.0,6,paired_trace,5000 paired-trace bootstrap resamples,measured,
E3,e3_test_results.json,7bf6071371b849620514db3f0d3ea4ee766c8e17299da04fbdb293c2df48ed64,primary,attack_sweep_bursty,benign_bursty,24,new_B5,FNR,1.0,1.0,1.0,6,paired_trace,5000 paired-trace bootstrap resamples,measured,
E3,e3_test_results.json,7bf6071371b849620514db3f0d3ea4ee766c8e17299da04fbdb293c2df48ed64,primary,attack_sweep_bursty,benign_bursty,24,new_B5,balanced_precision,0.5,0.5,0.5,6,paired_trace,5000 paired-trace bootstrap resamples,measured,
E3,e3_test_results.json,7bf6071371b849620514db3f0d3ea4ee766c8e17299da04fbdb293c2df48ed64,primary,attack_sweep_bursty,benign_bursty,24,new_B5,J,0.0,0.0,0.0,6,paired_trace,5000 paired-trace bootstrap resamples,measured,
E3,e3_test_results.json,7bf6071371b849620514db3f0d3ea4ee766c8e17299da04fbdb293c2df48ed64,primary,attack_sweep_bursty,benign_bursty,24,old_B5,attack_alert_rate,0.4777777777777778,0.4577777777777778,0.5022222222222222,6,paired_trace,5000 paired-trace bootstrap resamples,measured,
E3,e3_test_results.json,7bf6071371b849620514db3f0d3ea4ee766c8e17299da04fbdb293c2df48ed64,primary,attack_sweep_bursty,benign_bursty,24,old_B5,benign_trigger_rate,0.4777777777777778,0.4566666666666667,0.5011111111111111,6,paired_trace,5000 paired-trace bootstrap resamples,measured,
E3,e3_test_results.json,7bf6071371b849620514db3f0d3ea4ee766c8e17299da04fbdb293c2df48ed64,primary,attack_sweep_bursty,benign_bursty,24,old_B5,FNR,0.5222222222222223,0.4977777777777778,0.5433333333333333,6,paired_trace,5000 paired-trace bootstrap resamples,measured,
E3,e3_test_results.json,7bf6071371b849620514db3f0d3ea4ee766c8e17299da04fbdb293c2df48ed64,primary,attack_sweep_bursty,benign_bursty,24,old_B5,balanced_precision,0.5,0.5,0.5,6,paired_trace,5000 paired-trace bootstrap resamples,measured,
E3,e3_test_results.json,7bf6071371b849620514db3f0d3ea4ee766c8e17299da04fbdb293c2df48ed64,primary,attack_sweep_bursty,benign_bursty,24,old_B5,J,0.0,0.0,0.0,6,paired_trace,5000 paired-trace bootstrap resamples,measured,
E3,e3_test_results.json,7bf6071371b849620514db3f0d3ea4ee766c8e17299da04fbdb293c2df48ed64,primary,attack_sweep_bursty,benign_bursty,60,B2,attack_alert_rate,0.9988888888888888,0.9966666666666666,1.0,6,paired_trace,5000 paired-trace bootstrap resamples,measured,
E3,e3_test_results.json,7bf6071371b849620514db3f0d3ea4ee766c8e17299da04fbdb293c2df48ed64,primary,attack_sweep_bursty,benign_bursty,60,B2,benign_trigger_rate,0.9988888888888888,0.9966666666666666,1.0,6,paired_trace,5000 paired-trace bootstrap resamples,measured,
E3,e3_test_results.json,7bf6071371b849620514db3f0d3ea4ee766c8e17299da04fbdb293c2df48ed64,primary,attack_sweep_bursty,benign_bursty,60,B2,FNR,0.0011111111111111183,0.0,0.003333333333333355,6,paired_trace,5000 paired-trace bootstrap resamples,measured,
E3,e3_test_results.json,7bf6071371b849620514db3f0d3ea4ee766c8e17299da04fbdb293c2df48ed64,primary,attack_sweep_bursty,benign_bursty,60,B2,balanced_precision,0.5,0.5,0.5,6,paired_trace,5000 paired-trace bootstrap resamples,measured,
E3,e3_test_results.json,7bf6071371b849620514db3f0d3ea4ee766c8e17299da04fbdb293c2df48ed64,primary,attack_sweep_bursty,benign_bursty,60,B2,J,0.0,0.0,0.0,6,paired_trace,5000 paired-trace bootstrap resamples,measured,
E3,e3_test_results.json,7bf6071371b849620514db3f0d3ea4ee766c8e17299da04fbdb293c2df48ed64,primary,attack_sweep_bursty,benign_bursty,60,new_B5,attack_alert_rate,0.43222222222222223,0.3977777777777778,0.46222222222222226,6,paired_trace,5000 paired-trace bootstrap resamples,measured,
E3,e3_test_results.json,7bf6071371b849620514db3f0d3ea4ee766c8e17299da04fbdb293c2df48ed64,primary,attack_sweep_bursty,benign_bursty,60,new_B5,benign_trigger_rate,0.4066666666666667,0.36999999999999994,0.4388888888888889,6,paired_trace,5000 paired-trace bootstrap resamples,measured,
E3,e3_test_results.json,7bf6071371b849620514db3f0d3ea4ee766c8e17299da04fbdb293c2df48ed64,primary,attack_sweep_bursty,benign_bursty,60,new_B5,FNR,0.5677777777777778,0.5388888888888889,0.6,6,paired_trace,5000 paired-trace bootstrap resamples,measured,
E3,e3_test_results.json,7bf6071371b849620514db3f0d3ea4ee766c8e17299da04fbdb293c2df48ed64,primary,attack_sweep_bursty,benign_bursty,60,new_B5,balanced_precision,0.5127777777777778,0.5099999999999999,0.5155555555555557,6,paired_trace,5000 paired-trace bootstrap resamples,measured,
E3,e3_test_results.json,7bf6071371b849620514db3f0d3ea4ee766c8e17299da04fbdb293c2df48ed64,primary,attack_sweep_bursty,benign_bursty,60,new_B5,J,0.025555555555555564,0.020000000000000018,0.031111111111111107,6,paired_trace,5000 paired-trace bootstrap resamples,measured,
E3,e3_test_results.json,7bf6071371b849620514db3f0d3ea4ee766c8e17299da04fbdb293c2df48ed64,primary,attack_sweep_bursty,benign_bursty,60,old_B5,attack_alert_rate,0.9988888888888888,0.9966666666666666,1.0,6,paired_trace,5000 paired-trace bootstrap resamples,measured,
E3,e3_test_results.json,7bf6071371b849620514db3f0d3ea4ee766c8e17299da04fbdb293c2df48ed64,primary,attack_sweep_bursty,benign_bursty,60,old_B5,benign_trigger_rate,0.9988888888888888,0.9966666666666666,1.0,6,paired_trace,5000 paired-trace bootstrap resamples,measured,
E3,e3_test_results.json,7bf6071371b849620514db3f0d3ea4ee766c8e17299da04fbdb293c2df48ed64,primary,attack_sweep_bursty,benign_bursty,60,old_B5,FNR,0.0011111111111111183,0.0,0.003333333333333355,6,paired_trace,5000 paired-trace bootstrap resamples,measured,
E3,e3_test_results.json,7bf6071371b849620514db3f0d3ea4ee766c8e17299da04fbdb293c2df48ed64,primary,attack_sweep_bursty,benign_bursty,60,old_B5,balanced_precision,0.5,0.5,0.5,6,paired_trace,5000 paired-trace bootstrap resamples,measured,
E3,e3_test_results.json,7bf6071371b849620514db3f0d3ea4ee766c8e17299da04fbdb293c2df48ed64,primary,attack_sweep_bursty,benign_bursty,60,old_B5,J,0.0,0.0,0.0,6,paired_trace,5000 paired-trace bootstrap resamples,measured,
E3,e3_test_results.json,7bf6071371b849620514db3f0d3ea4ee766c8e17299da04fbdb293c2df48ed64,primary,attack_sweep_bursty,benign_bursty,120,B2,attack_alert_rate,1.0,1.0,1.0,6,paired_trace,5000 paired-trace bootstrap resamples,measured,
E3,e3_test_results.json,7bf6071371b849620514db3f0d3ea4ee766c8e17299da04fbdb293c2df48ed64,primary,attack_sweep_bursty,benign_bursty,120,B2,benign_trigger_rate,1.0,1.0,1.0,6,paired_trace,5000 paired-trace bootstrap resamples,measured,
E3,e3_test_results.json,7bf6071371b849620514db3f0d3ea4ee766c8e17299da04fbdb293c2df48ed64,primary,attack_sweep_bursty,benign_bursty,120,B2,FNR,0.0,0.0,0.0,6,paired_trace,5000 paired-trace bootstrap resamples,measured,
E3,e3_test_results.json,7bf6071371b849620514db3f0d3ea4ee766c8e17299da04fbdb293c2df48ed64,primary,attack_sweep_bursty,benign_bursty,120,B2,balanced_precision,0.5,0.5,0.5,6,paired_trace,5000 paired-trace bootstrap resamples,measured,
E3,e3_test_results.json,7bf6071371b849620514db3f0d3ea4ee766c8e17299da04fbdb293c2df48ed64,primary,attack_sweep_bursty,benign_bursty,120,B2,J,0.0,0.0,0.0,6,paired_trace,5000 paired-trace bootstrap resamples,measured,
E3,e3_test_results.json,7bf6071371b849620514db3f0d3ea4ee766c8e17299da04fbdb293c2df48ed64,primary,attack_sweep_bursty,benign_bursty,120,new_B5,attack_alert_rate,0.9811111111111112,0.971111111111111,0.9888888888888889,6,paired_trace,5000 paired-trace bootstrap resamples,measured,
E3,e3_test_results.json,7bf6071371b849620514db3f0d3ea4ee766c8e17299da04fbdb293c2df48ed64,primary,attack_sweep_bursty,benign_bursty,120,new_B5,benign_trigger_rate,0.9744444444444444,0.9644444444444445,0.9833333333333334,6,paired_trace,5000 paired-trace bootstrap resamples,measured,
E3,e3_test_results.json,7bf6071371b849620514db3f0d3ea4ee766c8e17299da04fbdb293c2df48ed64,primary,attack_sweep_bursty,benign_bursty,120,new_B5,FNR,0.018888888888888882,0.011111111111111108,0.02888888888888889,6,paired_trace,5000 paired-trace bootstrap resamples,measured,
E3,e3_test_results.json,7bf6071371b849620514db3f0d3ea4ee766c8e17299da04fbdb293c2df48ed64,primary,attack_sweep_bursty,benign_bursty,120,new_B5,balanced_precision,0.5033333333333333,0.5011111111111112,0.5055555555555555,6,paired_trace,5000 paired-trace bootstrap resamples,measured,
E3,e3_test_results.json,7bf6071371b849620514db3f0d3ea4ee766c8e17299da04fbdb293c2df48ed64,primary,attack_sweep_bursty,benign_bursty,120,new_B5,J,0.006666666666666672,0.002222222222222218,0.011111111111111127,6,paired_trace,5000 paired-trace bootstrap resamples,measured,
E3,e3_test_results.json,7bf6071371b849620514db3f0d3ea4ee766c8e17299da04fbdb293c2df48ed64,primary,attack_sweep_bursty,benign_bursty,120,old_B5,attack_alert_rate,1.0,1.0,1.0,6,paired_trace,5000 paired-trace bootstrap resamples,measured,
E3,e3_test_results.json,7bf6071371b849620514db3f0d3ea4ee766c8e17299da04fbdb293c2df48ed64,primary,attack_sweep_bursty,benign_bursty,120,old_B5,benign_trigger_rate,1.0,1.0,1.0,6,paired_trace,5000 paired-trace bootstrap resamples,measured,
E3,e3_test_results.json,7bf6071371b849620514db3f0d3ea4ee766c8e17299da04fbdb293c2df48ed64,primary,attack_sweep_bursty,benign_bursty,120,old_B5,FNR,0.0,0.0,0.0,6,paired_trace,5000 paired-trace bootstrap resamples,measured,
E3,e3_test_results.json,7bf6071371b849620514db3f0d3ea4ee766c8e17299da04fbdb293c2df48ed64,primary,attack_sweep_bursty,benign_bursty,120,old_B5,balanced_precision,0.5,0.5,0.5,6,paired_trace,5000 paired-trace bootstrap resamples,measured,
E3,e3_test_results.json,7bf6071371b849620514db3f0d3ea4ee766c8e17299da04fbdb293c2df48ed64,primary,attack_sweep_bursty,benign_bursty,120,old_B5,J,0.0,0.0,0.0,6,paired_trace,5000 paired-trace bootstrap resamples,measured,
E3,e3_test_results.json,7bf6071371b849620514db3f0d3ea4ee766c8e17299da04fbdb293c2df48ed64,primary,attack_sweep_bursty,benign_bursty,200,B2,attack_alert_rate,1.0,1.0,1.0,6,paired_trace,5000 paired-trace bootstrap resamples,measured,
E3,e3_test_results.json,7bf6071371b849620514db3f0d3ea4ee766c8e17299da04fbdb293c2df48ed64,primary,attack_sweep_bursty,benign_bursty,200,B2,benign_trigger_rate,1.0,1.0,1.0,6,paired_trace,5000 paired-trace bootstrap resamples,measured,
E3,e3_test_results.json,7bf6071371b849620514db3f0d3ea4ee766c8e17299da04fbdb293c2df48ed64,primary,attack_sweep_bursty,benign_bursty,200,B2,FNR,0.0,0.0,0.0,6,paired_trace,5000 paired-trace bootstrap resamples,measured,
E3,e3_test_results.json,7bf6071371b849620514db3f0d3ea4ee766c8e17299da04fbdb293c2df48ed64,primary,attack_sweep_bursty,benign_bursty,200,B2,balanced_precision,0.5,0.5,0.5,6,paired_trace,5000 paired-trace bootstrap resamples,measured,
E3,e3_test_results.json,7bf6071371b849620514db3f0d3ea4ee766c8e17299da04fbdb293c2df48ed64,primary,attack_sweep_bursty,benign_bursty,200,B2,J,0.0,0.0,0.0,6,paired_trace,5000 paired-trace bootstrap resamples,measured,
E3,e3_test_results.json,7bf6071371b849620514db3f0d3ea4ee766c8e17299da04fbdb293c2df48ed64,primary,attack_sweep_bursty,benign_bursty,200,new_B5,attack_alert_rate,1.0,1.0,1.0,6,paired_trace,5000 paired-trace bootstrap resamples,measured,
E3,e3_test_results.json,7bf6071371b849620514db3f0d3ea4ee766c8e17299da04fbdb293c2df48ed64,primary,attack_sweep_bursty,benign_bursty,200,new_B5,benign_trigger_rate,0.9944444444444445,0.9833333333333334,1.0,6,paired_trace,5000 paired-trace bootstrap resamples,measured,
E3,e3_test_results.json,7bf6071371b849620514db3f0d3ea4ee766c8e17299da04fbdb293c2df48ed64,primary,attack_sweep_bursty,benign_bursty,200,new_B5,FNR,0.0,0.0,0.0,6,paired_trace,5000 paired-trace bootstrap resamples,measured,
E3,e3_test_results.json,7bf6071371b849620514db3f0d3ea4ee766c8e17299da04fbdb293c2df48ed64,primary,attack_sweep_bursty,benign_bursty,200,new_B5,balanced_precision,0.5027777777777778,0.5,0.5083333333333333,6,paired_trace,5000 paired-trace bootstrap resamples,measured,
E3,e3_test_results.json,7bf6071371b849620514db3f0d3ea4ee766c8e17299da04fbdb293c2df48ed64,primary,attack_sweep_bursty,benign_bursty,200,new_B5,J,0.005555555555555554,0.0,0.016666666666666663,6,paired_trace,5000 paired-trace bootstrap resamples,measured,
E3,e3_test_results.json,7bf6071371b849620514db3f0d3ea4ee766c8e17299da04fbdb293c2df48ed64,primary,attack_sweep_bursty,benign_bursty,200,old_B5,attack_alert_rate,1.0,1.0,1.0,6,paired_trace,5000 paired-trace bootstrap resamples,measured,
E3,e3_test_results.json,7bf6071371b849620514db3f0d3ea4ee766c8e17299da04fbdb293c2df48ed64,primary,attack_sweep_bursty,benign_bursty,200,old_B5,benign_trigger_rate,1.0,1.0,1.0,6,paired_trace,5000 paired-trace bootstrap resamples,measured,
E3,e3_test_results.json,7bf6071371b849620514db3f0d3ea4ee766c8e17299da04fbdb293c2df48ed64,primary,attack_sweep_bursty,benign_bursty,200,old_B5,FNR,0.0,0.0,0.0,6,paired_trace,5000 paired-trace bootstrap resamples,measured,
E3,e3_test_results.json,7bf6071371b849620514db3f0d3ea4ee766c8e17299da04fbdb293c2df48ed64,primary,attack_sweep_bursty,benign_bursty,200,old_B5,balanced_precision,0.5,0.5,0.5,6,paired_trace,5000 paired-trace bootstrap resamples,measured,
E3,e3_test_results.json,7bf6071371b849620514db3f0d3ea4ee766c8e17299da04fbdb293c2df48ed64,primary,attack_sweep_bursty,benign_bursty,200,old_B5,J,0.0,0.0,0.0,6,paired_trace,5000 paired-trace bootstrap resamples,measured,
E3,e3_test_results.json,7bf6071371b849620514db3f0d3ea4ee766c8e17299da04fbdb293c2df48ed64,failure_probe,attack_fixed_continuous,benign_continuous,24,B2,attack_alert_rate,0.49333333333333335,0.44111111111111106,0.5466666666666667,6,paired_trace,5000 paired-trace bootstrap resamples,measured,
E3,e3_test_results.json,7bf6071371b849620514db3f0d3ea4ee766c8e17299da04fbdb293c2df48ed64,failure_probe,attack_fixed_continuous,benign_continuous,24,B2,benign_trigger_rate,0.49333333333333335,0.44,0.5434166666666654,6,paired_trace,5000 paired-trace bootstrap resamples,measured,
E3,e3_test_results.json,7bf6071371b849620514db3f0d3ea4ee766c8e17299da04fbdb293c2df48ed64,failure_probe,attack_fixed_continuous,benign_continuous,24,B2,FNR,0.5066666666666667,0.4533333333333333,0.5533333333333333,6,paired_trace,5000 paired-trace bootstrap resamples,measured,
E3,e3_test_results.json,7bf6071371b849620514db3f0d3ea4ee766c8e17299da04fbdb293c2df48ed64,failure_probe,attack_fixed_continuous,benign_continuous,24,B2,balanced_precision,0.5,0.5,0.5,6,paired_trace,5000 paired-trace bootstrap resamples,measured,
E3,e3_test_results.json,7bf6071371b849620514db3f0d3ea4ee766c8e17299da04fbdb293c2df48ed64,failure_probe,attack_fixed_continuous,benign_continuous,24,B2,J,0.0,0.0,0.0,6,paired_trace,5000 paired-trace bootstrap resamples,measured,
E3,e3_test_results.json,7bf6071371b849620514db3f0d3ea4ee766c8e17299da04fbdb293c2df48ed64,failure_probe,attack_fixed_continuous,benign_continuous,24,new_B5,attack_alert_rate,0.0,0.0,0.0,6,paired_trace,5000 paired-trace bootstrap resamples,measured,
E3,e3_test_results.json,7bf6071371b849620514db3f0d3ea4ee766c8e17299da04fbdb293c2df48ed64,failure_probe,attack_fixed_continuous,benign_continuous,24,new_B5,benign_trigger_rate,0.0,0.0,0.0,6,paired_trace,5000 paired-trace bootstrap resamples,measured,
E3,e3_test_results.json,7bf6071371b849620514db3f0d3ea4ee766c8e17299da04fbdb293c2df48ed64,failure_probe,attack_fixed_continuous,benign_continuous,24,new_B5,FNR,1.0,1.0,1.0,6,paired_trace,5000 paired-trace bootstrap resamples,measured,
E3,e3_test_results.json,7bf6071371b849620514db3f0d3ea4ee766c8e17299da04fbdb293c2df48ed64,failure_probe,attack_fixed_continuous,benign_continuous,24,new_B5,balanced_precision,0.5,0.5,0.5,6,paired_trace,5000 paired-trace bootstrap resamples,measured,
E3,e3_test_results.json,7bf6071371b849620514db3f0d3ea4ee766c8e17299da04fbdb293c2df48ed64,failure_probe,attack_fixed_continuous,benign_continuous,24,new_B5,J,0.0,0.0,0.0,6,paired_trace,5000 paired-trace bootstrap resamples,measured,
E3,e3_test_results.json,7bf6071371b849620514db3f0d3ea4ee766c8e17299da04fbdb293c2df48ed64,failure_probe,attack_fixed_continuous,benign_continuous,24,old_B5,attack_alert_rate,0.0,0.0,0.0,6,paired_trace,5000 paired-trace bootstrap resamples,measured,
E3,e3_test_results.json,7bf6071371b849620514db3f0d3ea4ee766c8e17299da04fbdb293c2df48ed64,failure_probe,attack_fixed_continuous,benign_continuous,24,old_B5,benign_trigger_rate,0.49333333333333335,0.44,0.5466666666666667,6,paired_trace,5000 paired-trace bootstrap resamples,measured,
E3,e3_test_results.json,7bf6071371b849620514db3f0d3ea4ee766c8e17299da04fbdb293c2df48ed64,failure_probe,attack_fixed_continuous,benign_continuous,24,old_B5,FNR,1.0,1.0,1.0,6,paired_trace,5000 paired-trace bootstrap resamples,measured,
E3,e3_test_results.json,7bf6071371b849620514db3f0d3ea4ee766c8e17299da04fbdb293c2df48ed64,failure_probe,attack_fixed_continuous,benign_continuous,24,old_B5,balanced_precision,0.25333333333333335,0.22666666666666666,0.28,6,paired_trace,5000 paired-trace bootstrap resamples,measured,
E3,e3_test_results.json,7bf6071371b849620514db3f0d3ea4ee766c8e17299da04fbdb293c2df48ed64,failure_probe,attack_fixed_continuous,benign_continuous,24,old_B5,J,-0.49333333333333335,-0.5466666666666667,-0.44,6,paired_trace,5000 paired-trace bootstrap resamples,measured,
E3,e3_test_results.json,7bf6071371b849620514db3f0d3ea4ee766c8e17299da04fbdb293c2df48ed64,failure_probe,attack_fixed_continuous,benign_continuous,60,B2,attack_alert_rate,1.0,1.0,1.0,6,paired_trace,5000 paired-trace bootstrap resamples,measured,
E3,e3_test_results.json,7bf6071371b849620514db3f0d3ea4ee766c8e17299da04fbdb293c2df48ed64,failure_probe,attack_fixed_continuous,benign_continuous,60,B2,benign_trigger_rate,1.0,1.0,1.0,6,paired_trace,5000 paired-trace bootstrap resamples,measured,
E3,e3_test_results.json,7bf6071371b849620514db3f0d3ea4ee766c8e17299da04fbdb293c2df48ed64,failure_probe,attack_fixed_continuous,benign_continuous,60,B2,FNR,0.0,0.0,0.0,6,paired_trace,5000 paired-trace bootstrap resamples,measured,
E3,e3_test_results.json,7bf6071371b849620514db3f0d3ea4ee766c8e17299da04fbdb293c2df48ed64,failure_probe,attack_fixed_continuous,benign_continuous,60,B2,balanced_precision,0.5,0.5,0.5,6,paired_trace,5000 paired-trace bootstrap resamples,measured,
E3,e3_test_results.json,7bf6071371b849620514db3f0d3ea4ee766c8e17299da04fbdb293c2df48ed64,failure_probe,attack_fixed_continuous,benign_continuous,60,B2,J,0.0,0.0,0.0,6,paired_trace,5000 paired-trace bootstrap resamples,measured,
E3,e3_test_results.json,7bf6071371b849620514db3f0d3ea4ee766c8e17299da04fbdb293c2df48ed64,failure_probe,attack_fixed_continuous,benign_continuous,60,new_B5,attack_alert_rate,0.0,0.0,0.0,6,paired_trace,5000 paired-trace bootstrap resamples,measured,
E3,e3_test_results.json,7bf6071371b849620514db3f0d3ea4ee766c8e17299da04fbdb293c2df48ed64,failure_probe,attack_fixed_continuous,benign_continuous,60,new_B5,benign_trigger_rate,0.2688888888888889,0.22,0.31444444444444447,6,paired_trace,5000 paired-trace bootstrap resamples,measured,
E3,e3_test_results.json,7bf6071371b849620514db3f0d3ea4ee766c8e17299da04fbdb293c2df48ed64,failure_probe,attack_fixed_continuous,benign_continuous,60,new_B5,FNR,1.0,1.0,1.0,6,paired_trace,5000 paired-trace bootstrap resamples,measured,
E3,e3_test_results.json,7bf6071371b849620514db3f0d3ea4ee766c8e17299da04fbdb293c2df48ed64,failure_probe,attack_fixed_continuous,benign_continuous,60,new_B5,balanced_precision,0.3655555555555556,0.3427777777777778,0.3894444444444445,6,paired_trace,5000 paired-trace bootstrap resamples,measured,
E3,e3_test_results.json,7bf6071371b849620514db3f0d3ea4ee766c8e17299da04fbdb293c2df48ed64,failure_probe,attack_fixed_continuous,benign_continuous,60,new_B5,J,-0.2688888888888889,-0.31555555555555553,-0.22111111111111112,6,paired_trace,5000 paired-trace bootstrap resamples,measured,
E3,e3_test_results.json,7bf6071371b849620514db3f0d3ea4ee766c8e17299da04fbdb293c2df48ed64,failure_probe,attack_fixed_continuous,benign_continuous,60,old_B5,attack_alert_rate,0.0,0.0,0.0,6,paired_trace,5000 paired-trace bootstrap resamples,measured,
E3,e3_test_results.json,7bf6071371b849620514db3f0d3ea4ee766c8e17299da04fbdb293c2df48ed64,failure_probe,attack_fixed_continuous,benign_continuous,60,old_B5,benign_trigger_rate,1.0,1.0,1.0,6,paired_trace,5000 paired-trace bootstrap resamples,measured,
E3,e3_test_results.json,7bf6071371b849620514db3f0d3ea4ee766c8e17299da04fbdb293c2df48ed64,failure_probe,attack_fixed_continuous,benign_continuous,60,old_B5,FNR,1.0,1.0,1.0,6,paired_trace,5000 paired-trace bootstrap resamples,measured,
E3,e3_test_results.json,7bf6071371b849620514db3f0d3ea4ee766c8e17299da04fbdb293c2df48ed64,failure_probe,attack_fixed_continuous,benign_continuous,60,old_B5,balanced_precision,0.0,0.0,0.0,6,paired_trace,5000 paired-trace bootstrap resamples,measured,
E3,e3_test_results.json,7bf6071371b849620514db3f0d3ea4ee766c8e17299da04fbdb293c2df48ed64,failure_probe,attack_fixed_continuous,benign_continuous,60,old_B5,J,-1.0,-1.0,-1.0,6,paired_trace,5000 paired-trace bootstrap resamples,measured,
E3,e3_test_results.json,7bf6071371b849620514db3f0d3ea4ee766c8e17299da04fbdb293c2df48ed64,failure_probe,attack_fixed_continuous,benign_continuous,120,B2,attack_alert_rate,1.0,1.0,1.0,6,paired_trace,5000 paired-trace bootstrap resamples,measured,
E3,e3_test_results.json,7bf6071371b849620514db3f0d3ea4ee766c8e17299da04fbdb293c2df48ed64,failure_probe,attack_fixed_continuous,benign_continuous,120,B2,benign_trigger_rate,1.0,1.0,1.0,6,paired_trace,5000 paired-trace bootstrap resamples,measured,
E3,e3_test_results.json,7bf6071371b849620514db3f0d3ea4ee766c8e17299da04fbdb293c2df48ed64,failure_probe,attack_fixed_continuous,benign_continuous,120,B2,FNR,0.0,0.0,0.0,6,paired_trace,5000 paired-trace bootstrap resamples,measured,
E3,e3_test_results.json,7bf6071371b849620514db3f0d3ea4ee766c8e17299da04fbdb293c2df48ed64,failure_probe,attack_fixed_continuous,benign_continuous,120,B2,balanced_precision,0.5,0.5,0.5,6,paired_trace,5000 paired-trace bootstrap resamples,measured,
E3,e3_test_results.json,7bf6071371b849620514db3f0d3ea4ee766c8e17299da04fbdb293c2df48ed64,failure_probe,attack_fixed_continuous,benign_continuous,120,B2,J,0.0,0.0,0.0,6,paired_trace,5000 paired-trace bootstrap resamples,measured,
E3,e3_test_results.json,7bf6071371b849620514db3f0d3ea4ee766c8e17299da04fbdb293c2df48ed64,failure_probe,attack_fixed_continuous,benign_continuous,120,new_B5,attack_alert_rate,0.0,0.0,0.0,6,paired_trace,5000 paired-trace bootstrap resamples,measured,
E3,e3_test_results.json,7bf6071371b849620514db3f0d3ea4ee766c8e17299da04fbdb293c2df48ed64,failure_probe,attack_fixed_continuous,benign_continuous,120,new_B5,benign_trigger_rate,1.0,1.0,1.0,6,paired_trace,5000 paired-trace bootstrap resamples,measured,
E3,e3_test_results.json,7bf6071371b849620514db3f0d3ea4ee766c8e17299da04fbdb293c2df48ed64,failure_probe,attack_fixed_continuous,benign_continuous,120,new_B5,FNR,1.0,1.0,1.0,6,paired_trace,5000 paired-trace bootstrap resamples,measured,
E3,e3_test_results.json,7bf6071371b849620514db3f0d3ea4ee766c8e17299da04fbdb293c2df48ed64,failure_probe,attack_fixed_continuous,benign_continuous,120,new_B5,balanced_precision,0.0,0.0,0.0,6,paired_trace,5000 paired-trace bootstrap resamples,measured,
E3,e3_test_results.json,7bf6071371b849620514db3f0d3ea4ee766c8e17299da04fbdb293c2df48ed64,failure_probe,attack_fixed_continuous,benign_continuous,120,new_B5,J,-1.0,-1.0,-1.0,6,paired_trace,5000 paired-trace bootstrap resamples,measured,
E3,e3_test_results.json,7bf6071371b849620514db3f0d3ea4ee766c8e17299da04fbdb293c2df48ed64,failure_probe,attack_fixed_continuous,benign_continuous,120,old_B5,attack_alert_rate,0.0,0.0,0.0,6,paired_trace,5000 paired-trace bootstrap resamples,measured,
E3,e3_test_results.json,7bf6071371b849620514db3f0d3ea4ee766c8e17299da04fbdb293c2df48ed64,failure_probe,attack_fixed_continuous,benign_continuous,120,old_B5,benign_trigger_rate,1.0,1.0,1.0,6,paired_trace,5000 paired-trace bootstrap resamples,measured,
E3,e3_test_results.json,7bf6071371b849620514db3f0d3ea4ee766c8e17299da04fbdb293c2df48ed64,failure_probe,attack_fixed_continuous,benign_continuous,120,old_B5,FNR,1.0,1.0,1.0,6,paired_trace,5000 paired-trace bootstrap resamples,measured,
E3,e3_test_results.json,7bf6071371b849620514db3f0d3ea4ee766c8e17299da04fbdb293c2df48ed64,failure_probe,attack_fixed_continuous,benign_continuous,120,old_B5,balanced_precision,0.0,0.0,0.0,6,paired_trace,5000 paired-trace bootstrap resamples,measured,
E3,e3_test_results.json,7bf6071371b849620514db3f0d3ea4ee766c8e17299da04fbdb293c2df48ed64,failure_probe,attack_fixed_continuous,benign_continuous,120,old_B5,J,-1.0,-1.0,-1.0,6,paired_trace,5000 paired-trace bootstrap resamples,measured,
E3,e3_test_results.json,7bf6071371b849620514db3f0d3ea4ee766c8e17299da04fbdb293c2df48ed64,failure_probe,attack_fixed_continuous,benign_continuous,200,B2,attack_alert_rate,1.0,1.0,1.0,6,paired_trace,5000 paired-trace bootstrap resamples,measured,
E3,e3_test_results.json,7bf6071371b849620514db3f0d3ea4ee766c8e17299da04fbdb293c2df48ed64,failure_probe,attack_fixed_continuous,benign_continuous,200,B2,benign_trigger_rate,1.0,1.0,1.0,6,paired_trace,5000 paired-trace bootstrap resamples,measured,
E3,e3_test_results.json,7bf6071371b849620514db3f0d3ea4ee766c8e17299da04fbdb293c2df48ed64,failure_probe,attack_fixed_continuous,benign_continuous,200,B2,FNR,0.0,0.0,0.0,6,paired_trace,5000 paired-trace bootstrap resamples,measured,
E3,e3_test_results.json,7bf6071371b849620514db3f0d3ea4ee766c8e17299da04fbdb293c2df48ed64,failure_probe,attack_fixed_continuous,benign_continuous,200,B2,balanced_precision,0.5,0.5,0.5,6,paired_trace,5000 paired-trace bootstrap resamples,measured,
E3,e3_test_results.json,7bf6071371b849620514db3f0d3ea4ee766c8e17299da04fbdb293c2df48ed64,failure_probe,attack_fixed_continuous,benign_continuous,200,B2,J,0.0,0.0,0.0,6,paired_trace,5000 paired-trace bootstrap resamples,measured,
E3,e3_test_results.json,7bf6071371b849620514db3f0d3ea4ee766c8e17299da04fbdb293c2df48ed64,failure_probe,attack_fixed_continuous,benign_continuous,200,new_B5,attack_alert_rate,0.0,0.0,0.0,6,paired_trace,5000 paired-trace bootstrap resamples,measured,
E3,e3_test_results.json,7bf6071371b849620514db3f0d3ea4ee766c8e17299da04fbdb293c2df48ed64,failure_probe,attack_fixed_continuous,benign_continuous,200,new_B5,benign_trigger_rate,0.9988888888888888,0.9966666666666666,1.0,6,paired_trace,5000 paired-trace bootstrap resamples,measured,
E3,e3_test_results.json,7bf6071371b849620514db3f0d3ea4ee766c8e17299da04fbdb293c2df48ed64,failure_probe,attack_fixed_continuous,benign_continuous,200,new_B5,FNR,1.0,1.0,1.0,6,paired_trace,5000 paired-trace bootstrap resamples,measured,
E3,e3_test_results.json,7bf6071371b849620514db3f0d3ea4ee766c8e17299da04fbdb293c2df48ed64,failure_probe,attack_fixed_continuous,benign_continuous,200,new_B5,balanced_precision,0.0005555555555555591,0.0,0.0016666666666666774,6,paired_trace,5000 paired-trace bootstrap resamples,measured,
E3,e3_test_results.json,7bf6071371b849620514db3f0d3ea4ee766c8e17299da04fbdb293c2df48ed64,failure_probe,attack_fixed_continuous,benign_continuous,200,new_B5,J,-0.9988888888888888,-1.0,-0.9966666666666666,6,paired_trace,5000 paired-trace bootstrap resamples,measured,
E3,e3_test_results.json,7bf6071371b849620514db3f0d3ea4ee766c8e17299da04fbdb293c2df48ed64,failure_probe,attack_fixed_continuous,benign_continuous,200,old_B5,attack_alert_rate,0.0,0.0,0.0,6,paired_trace,5000 paired-trace bootstrap resamples,measured,
E3,e3_test_results.json,7bf6071371b849620514db3f0d3ea4ee766c8e17299da04fbdb293c2df48ed64,failure_probe,attack_fixed_continuous,benign_continuous,200,old_B5,benign_trigger_rate,1.0,1.0,1.0,6,paired_trace,5000 paired-trace bootstrap resamples,measured,
E3,e3_test_results.json,7bf6071371b849620514db3f0d3ea4ee766c8e17299da04fbdb293c2df48ed64,failure_probe,attack_fixed_continuous,benign_continuous,200,old_B5,FNR,1.0,1.0,1.0,6,paired_trace,5000 paired-trace bootstrap resamples,measured,
E3,e3_test_results.json,7bf6071371b849620514db3f0d3ea4ee766c8e17299da04fbdb293c2df48ed64,failure_probe,attack_fixed_continuous,benign_continuous,200,old_B5,balanced_precision,0.0,0.0,0.0,6,paired_trace,5000 paired-trace bootstrap resamples,measured,
E3,e3_test_results.json,7bf6071371b849620514db3f0d3ea4ee766c8e17299da04fbdb293c2df48ed64,failure_probe,attack_fixed_continuous,benign_continuous,200,old_B5,J,-1.0,-1.0,-1.0,6,paired_trace,5000 paired-trace bootstrap resamples,measured,
E3,e3_test_results.json,7bf6071371b849620514db3f0d3ea4ee766c8e17299da04fbdb293c2df48ed64,failure_probe,attack_dup_sweep_continuous,benign_continuous,24,B2,attack_alert_rate,0.49333333333333335,0.44111111111111106,0.5466666666666667,6,paired_trace,5000 paired-trace bootstrap resamples,measured,
E3,e3_test_results.json,7bf6071371b849620514db3f0d3ea4ee766c8e17299da04fbdb293c2df48ed64,failure_probe,attack_dup_sweep_continuous,benign_continuous,24,B2,benign_trigger_rate,0.49333333333333335,0.44,0.5466666666666667,6,paired_trace,5000 paired-trace bootstrap resamples,measured,
E3,e3_test_results.json,7bf6071371b849620514db3f0d3ea4ee766c8e17299da04fbdb293c2df48ed64,failure_probe,attack_dup_sweep_continuous,benign_continuous,24,B2,FNR,0.5066666666666667,0.4533333333333333,0.56,6,paired_trace,5000 paired-trace bootstrap resamples,measured,
E3,e3_test_results.json,7bf6071371b849620514db3f0d3ea4ee766c8e17299da04fbdb293c2df48ed64,failure_probe,attack_dup_sweep_continuous,benign_continuous,24,B2,balanced_precision,0.5,0.5,0.5,6,paired_trace,5000 paired-trace bootstrap resamples,measured,
E3,e3_test_results.json,7bf6071371b849620514db3f0d3ea4ee766c8e17299da04fbdb293c2df48ed64,failure_probe,attack_dup_sweep_continuous,benign_continuous,24,B2,J,0.0,0.0,0.0,6,paired_trace,5000 paired-trace bootstrap resamples,measured,
E3,e3_test_results.json,7bf6071371b849620514db3f0d3ea4ee766c8e17299da04fbdb293c2df48ed64,failure_probe,attack_dup_sweep_continuous,benign_continuous,24,new_B5,attack_alert_rate,0.0,0.0,0.0,6,paired_trace,5000 paired-trace bootstrap resamples,measured,
E3,e3_test_results.json,7bf6071371b849620514db3f0d3ea4ee766c8e17299da04fbdb293c2df48ed64,failure_probe,attack_dup_sweep_continuous,benign_continuous,24,new_B5,benign_trigger_rate,0.0,0.0,0.0,6,paired_trace,5000 paired-trace bootstrap resamples,measured,
E3,e3_test_results.json,7bf6071371b849620514db3f0d3ea4ee766c8e17299da04fbdb293c2df48ed64,failure_probe,attack_dup_sweep_continuous,benign_continuous,24,new_B5,FNR,1.0,1.0,1.0,6,paired_trace,5000 paired-trace bootstrap resamples,measured,
E3,e3_test_results.json,7bf6071371b849620514db3f0d3ea4ee766c8e17299da04fbdb293c2df48ed64,failure_probe,attack_dup_sweep_continuous,benign_continuous,24,new_B5,balanced_precision,0.5,0.5,0.5,6,paired_trace,5000 paired-trace bootstrap resamples,measured,
E3,e3_test_results.json,7bf6071371b849620514db3f0d3ea4ee766c8e17299da04fbdb293c2df48ed64,failure_probe,attack_dup_sweep_continuous,benign_continuous,24,new_B5,J,0.0,0.0,0.0,6,paired_trace,5000 paired-trace bootstrap resamples,measured,
E3,e3_test_results.json,7bf6071371b849620514db3f0d3ea4ee766c8e17299da04fbdb293c2df48ed64,failure_probe,attack_dup_sweep_continuous,benign_continuous,24,old_B5,attack_alert_rate,0.0,0.0,0.0,6,paired_trace,5000 paired-trace bootstrap resamples,measured,
E3,e3_test_results.json,7bf6071371b849620514db3f0d3ea4ee766c8e17299da04fbdb293c2df48ed64,failure_probe,attack_dup_sweep_continuous,benign_continuous,24,old_B5,benign_trigger_rate,0.49333333333333335,0.44111111111111106,0.5433333333333333,6,paired_trace,5000 paired-trace bootstrap resamples,measured,
E3,e3_test_results.json,7bf6071371b849620514db3f0d3ea4ee766c8e17299da04fbdb293c2df48ed64,failure_probe,attack_dup_sweep_continuous,benign_continuous,24,old_B5,FNR,1.0,1.0,1.0,6,paired_trace,5000 paired-trace bootstrap resamples,measured,
E3,e3_test_results.json,7bf6071371b849620514db3f0d3ea4ee766c8e17299da04fbdb293c2df48ed64,failure_probe,attack_dup_sweep_continuous,benign_continuous,24,old_B5,balanced_precision,0.25333333333333335,0.22944444444444445,0.27666666666666667,6,paired_trace,5000 paired-trace bootstrap resamples,measured,
E3,e3_test_results.json,7bf6071371b849620514db3f0d3ea4ee766c8e17299da04fbdb293c2df48ed64,failure_probe,attack_dup_sweep_continuous,benign_continuous,24,old_B5,J,-0.49333333333333335,-0.5466666666666667,-0.4466666666666667,6,paired_trace,5000 paired-trace bootstrap resamples,measured,
E3,e3_test_results.json,7bf6071371b849620514db3f0d3ea4ee766c8e17299da04fbdb293c2df48ed64,failure_probe,attack_dup_sweep_continuous,benign_continuous,60,B2,attack_alert_rate,1.0,1.0,1.0,6,paired_trace,5000 paired-trace bootstrap resamples,measured,
E3,e3_test_results.json,7bf6071371b849620514db3f0d3ea4ee766c8e17299da04fbdb293c2df48ed64,failure_probe,attack_dup_sweep_continuous,benign_continuous,60,B2,benign_trigger_rate,1.0,1.0,1.0,6,paired_trace,5000 paired-trace bootstrap resamples,measured,
E3,e3_test_results.json,7bf6071371b849620514db3f0d3ea4ee766c8e17299da04fbdb293c2df48ed64,failure_probe,attack_dup_sweep_continuous,benign_continuous,60,B2,FNR,0.0,0.0,0.0,6,paired_trace,5000 paired-trace bootstrap resamples,measured,
E3,e3_test_results.json,7bf6071371b849620514db3f0d3ea4ee766c8e17299da04fbdb293c2df48ed64,failure_probe,attack_dup_sweep_continuous,benign_continuous,60,B2,balanced_precision,0.5,0.5,0.5,6,paired_trace,5000 paired-trace bootstrap resamples,measured,
E3,e3_test_results.json,7bf6071371b849620514db3f0d3ea4ee766c8e17299da04fbdb293c2df48ed64,failure_probe,attack_dup_sweep_continuous,benign_continuous,60,B2,J,0.0,0.0,0.0,6,paired_trace,5000 paired-trace bootstrap resamples,measured,
E3,e3_test_results.json,7bf6071371b849620514db3f0d3ea4ee766c8e17299da04fbdb293c2df48ed64,failure_probe,attack_dup_sweep_continuous,benign_continuous,60,new_B5,attack_alert_rate,0.0,0.0,0.0,6,paired_trace,5000 paired-trace bootstrap resamples,measured,
E3,e3_test_results.json,7bf6071371b849620514db3f0d3ea4ee766c8e17299da04fbdb293c2df48ed64,failure_probe,attack_dup_sweep_continuous,benign_continuous,60,new_B5,benign_trigger_rate,0.2688888888888889,0.22,0.31444444444444447,6,paired_trace,5000 paired-trace bootstrap resamples,measured,
E3,e3_test_results.json,7bf6071371b849620514db3f0d3ea4ee766c8e17299da04fbdb293c2df48ed64,failure_probe,attack_dup_sweep_continuous,benign_continuous,60,new_B5,FNR,1.0,1.0,1.0,6,paired_trace,5000 paired-trace bootstrap resamples,measured,
E3,e3_test_results.json,7bf6071371b849620514db3f0d3ea4ee766c8e17299da04fbdb293c2df48ed64,failure_probe,attack_dup_sweep_continuous,benign_continuous,60,new_B5,balanced_precision,0.3655555555555556,0.3427638888888889,0.3894444444444445,6,paired_trace,5000 paired-trace bootstrap resamples,measured,
E3,e3_test_results.json,7bf6071371b849620514db3f0d3ea4ee766c8e17299da04fbdb293c2df48ed64,failure_probe,attack_dup_sweep_continuous,benign_continuous,60,new_B5,J,-0.2688888888888889,-0.31447222222222226,-0.22111111111111112,6,paired_trace,5000 paired-trace bootstrap resamples,measured,
E3,e3_test_results.json,7bf6071371b849620514db3f0d3ea4ee766c8e17299da04fbdb293c2df48ed64,failure_probe,attack_dup_sweep_continuous,benign_continuous,60,old_B5,attack_alert_rate,0.0,0.0,0.0,6,paired_trace,5000 paired-trace bootstrap resamples,measured,
E3,e3_test_results.json,7bf6071371b849620514db3f0d3ea4ee766c8e17299da04fbdb293c2df48ed64,failure_probe,attack_dup_sweep_continuous,benign_continuous,60,old_B5,benign_trigger_rate,1.0,1.0,1.0,6,paired_trace,5000 paired-trace bootstrap resamples,measured,
E3,e3_test_results.json,7bf6071371b849620514db3f0d3ea4ee766c8e17299da04fbdb293c2df48ed64,failure_probe,attack_dup_sweep_continuous,benign_continuous,60,old_B5,FNR,1.0,1.0,1.0,6,paired_trace,5000 paired-trace bootstrap resamples,measured,
E3,e3_test_results.json,7bf6071371b849620514db3f0d3ea4ee766c8e17299da04fbdb293c2df48ed64,failure_probe,attack_dup_sweep_continuous,benign_continuous,60,old_B5,balanced_precision,0.0,0.0,0.0,6,paired_trace,5000 paired-trace bootstrap resamples,measured,
E3,e3_test_results.json,7bf6071371b849620514db3f0d3ea4ee766c8e17299da04fbdb293c2df48ed64,failure_probe,attack_dup_sweep_continuous,benign_continuous,60,old_B5,J,-1.0,-1.0,-1.0,6,paired_trace,5000 paired-trace bootstrap resamples,measured,
E3,e3_test_results.json,7bf6071371b849620514db3f0d3ea4ee766c8e17299da04fbdb293c2df48ed64,failure_probe,attack_dup_sweep_continuous,benign_continuous,120,B2,attack_alert_rate,1.0,1.0,1.0,6,paired_trace,5000 paired-trace bootstrap resamples,measured,
E3,e3_test_results.json,7bf6071371b849620514db3f0d3ea4ee766c8e17299da04fbdb293c2df48ed64,failure_probe,attack_dup_sweep_continuous,benign_continuous,120,B2,benign_trigger_rate,1.0,1.0,1.0,6,paired_trace,5000 paired-trace bootstrap resamples,measured,
E3,e3_test_results.json,7bf6071371b849620514db3f0d3ea4ee766c8e17299da04fbdb293c2df48ed64,failure_probe,attack_dup_sweep_continuous,benign_continuous,120,B2,FNR,0.0,0.0,0.0,6,paired_trace,5000 paired-trace bootstrap resamples,measured,
E3,e3_test_results.json,7bf6071371b849620514db3f0d3ea4ee766c8e17299da04fbdb293c2df48ed64,failure_probe,attack_dup_sweep_continuous,benign_continuous,120,B2,balanced_precision,0.5,0.5,0.5,6,paired_trace,5000 paired-trace bootstrap resamples,measured,
E3,e3_test_results.json,7bf6071371b849620514db3f0d3ea4ee766c8e17299da04fbdb293c2df48ed64,failure_probe,attack_dup_sweep_continuous,benign_continuous,120,B2,J,0.0,0.0,0.0,6,paired_trace,5000 paired-trace bootstrap resamples,measured,
E3,e3_test_results.json,7bf6071371b849620514db3f0d3ea4ee766c8e17299da04fbdb293c2df48ed64,failure_probe,attack_dup_sweep_continuous,benign_continuous,120,new_B5,attack_alert_rate,0.0,0.0,0.0,6,paired_trace,5000 paired-trace bootstrap resamples,measured,
E3,e3_test_results.json,7bf6071371b849620514db3f0d3ea4ee766c8e17299da04fbdb293c2df48ed64,failure_probe,attack_dup_sweep_continuous,benign_continuous,120,new_B5,benign_trigger_rate,1.0,1.0,1.0,6,paired_trace,5000 paired-trace bootstrap resamples,measured,
E3,e3_test_results.json,7bf6071371b849620514db3f0d3ea4ee766c8e17299da04fbdb293c2df48ed64,failure_probe,attack_dup_sweep_continuous,benign_continuous,120,new_B5,FNR,1.0,1.0,1.0,6,paired_trace,5000 paired-trace bootstrap resamples,measured,
E3,e3_test_results.json,7bf6071371b849620514db3f0d3ea4ee766c8e17299da04fbdb293c2df48ed64,failure_probe,attack_dup_sweep_continuous,benign_continuous,120,new_B5,balanced_precision,0.0,0.0,0.0,6,paired_trace,5000 paired-trace bootstrap resamples,measured,
E3,e3_test_results.json,7bf6071371b849620514db3f0d3ea4ee766c8e17299da04fbdb293c2df48ed64,failure_probe,attack_dup_sweep_continuous,benign_continuous,120,new_B5,J,-1.0,-1.0,-1.0,6,paired_trace,5000 paired-trace bootstrap resamples,measured,
E3,e3_test_results.json,7bf6071371b849620514db3f0d3ea4ee766c8e17299da04fbdb293c2df48ed64,failure_probe,attack_dup_sweep_continuous,benign_continuous,120,old_B5,attack_alert_rate,0.0,0.0,0.0,6,paired_trace,5000 paired-trace bootstrap resamples,measured,
E3,e3_test_results.json,7bf6071371b849620514db3f0d3ea4ee766c8e17299da04fbdb293c2df48ed64,failure_probe,attack_dup_sweep_continuous,benign_continuous,120,old_B5,benign_trigger_rate,1.0,1.0,1.0,6,paired_trace,5000 paired-trace bootstrap resamples,measured,
E3,e3_test_results.json,7bf6071371b849620514db3f0d3ea4ee766c8e17299da04fbdb293c2df48ed64,failure_probe,attack_dup_sweep_continuous,benign_continuous,120,old_B5,FNR,1.0,1.0,1.0,6,paired_trace,5000 paired-trace bootstrap resamples,measured,
E3,e3_test_results.json,7bf6071371b849620514db3f0d3ea4ee766c8e17299da04fbdb293c2df48ed64,failure_probe,attack_dup_sweep_continuous,benign_continuous,120,old_B5,balanced_precision,0.0,0.0,0.0,6,paired_trace,5000 paired-trace bootstrap resamples,measured,
E3,e3_test_results.json,7bf6071371b849620514db3f0d3ea4ee766c8e17299da04fbdb293c2df48ed64,failure_probe,attack_dup_sweep_continuous,benign_continuous,120,old_B5,J,-1.0,-1.0,-1.0,6,paired_trace,5000 paired-trace bootstrap resamples,measured,
E3,e3_test_results.json,7bf6071371b849620514db3f0d3ea4ee766c8e17299da04fbdb293c2df48ed64,failure_probe,attack_dup_sweep_continuous,benign_continuous,200,B2,attack_alert_rate,1.0,1.0,1.0,6,paired_trace,5000 paired-trace bootstrap resamples,measured,
E3,e3_test_results.json,7bf6071371b849620514db3f0d3ea4ee766c8e17299da04fbdb293c2df48ed64,failure_probe,attack_dup_sweep_continuous,benign_continuous,200,B2,benign_trigger_rate,1.0,1.0,1.0,6,paired_trace,5000 paired-trace bootstrap resamples,measured,
E3,e3_test_results.json,7bf6071371b849620514db3f0d3ea4ee766c8e17299da04fbdb293c2df48ed64,failure_probe,attack_dup_sweep_continuous,benign_continuous,200,B2,FNR,0.0,0.0,0.0,6,paired_trace,5000 paired-trace bootstrap resamples,measured,
E3,e3_test_results.json,7bf6071371b849620514db3f0d3ea4ee766c8e17299da04fbdb293c2df48ed64,failure_probe,attack_dup_sweep_continuous,benign_continuous,200,B2,balanced_precision,0.5,0.5,0.5,6,paired_trace,5000 paired-trace bootstrap resamples,measured,
E3,e3_test_results.json,7bf6071371b849620514db3f0d3ea4ee766c8e17299da04fbdb293c2df48ed64,failure_probe,attack_dup_sweep_continuous,benign_continuous,200,B2,J,0.0,0.0,0.0,6,paired_trace,5000 paired-trace bootstrap resamples,measured,
E3,e3_test_results.json,7bf6071371b849620514db3f0d3ea4ee766c8e17299da04fbdb293c2df48ed64,failure_probe,attack_dup_sweep_continuous,benign_continuous,200,new_B5,attack_alert_rate,0.0,0.0,0.0,6,paired_trace,5000 paired-trace bootstrap resamples,measured,
E3,e3_test_results.json,7bf6071371b849620514db3f0d3ea4ee766c8e17299da04fbdb293c2df48ed64,failure_probe,attack_dup_sweep_continuous,benign_continuous,200,new_B5,benign_trigger_rate,0.9988888888888888,0.9966666666666666,1.0,6,paired_trace,5000 paired-trace bootstrap resamples,measured,
E3,e3_test_results.json,7bf6071371b849620514db3f0d3ea4ee766c8e17299da04fbdb293c2df48ed64,failure_probe,attack_dup_sweep_continuous,benign_continuous,200,new_B5,FNR,1.0,1.0,1.0,6,paired_trace,5000 paired-trace bootstrap resamples,measured,
E3,e3_test_results.json,7bf6071371b849620514db3f0d3ea4ee766c8e17299da04fbdb293c2df48ed64,failure_probe,attack_dup_sweep_continuous,benign_continuous,200,new_B5,balanced_precision,0.0005555555555555591,0.0,0.0016666666666666774,6,paired_trace,5000 paired-trace bootstrap resamples,measured,
E3,e3_test_results.json,7bf6071371b849620514db3f0d3ea4ee766c8e17299da04fbdb293c2df48ed64,failure_probe,attack_dup_sweep_continuous,benign_continuous,200,new_B5,J,-0.9988888888888888,-1.0,-0.9966666666666666,6,paired_trace,5000 paired-trace bootstrap resamples,measured,
E3,e3_test_results.json,7bf6071371b849620514db3f0d3ea4ee766c8e17299da04fbdb293c2df48ed64,failure_probe,attack_dup_sweep_continuous,benign_continuous,200,old_B5,attack_alert_rate,0.0,0.0,0.0,6,paired_trace,5000 paired-trace bootstrap resamples,measured,
E3,e3_test_results.json,7bf6071371b849620514db3f0d3ea4ee766c8e17299da04fbdb293c2df48ed64,failure_probe,attack_dup_sweep_continuous,benign_continuous,200,old_B5,benign_trigger_rate,1.0,1.0,1.0,6,paired_trace,5000 paired-trace bootstrap resamples,measured,
E3,e3_test_results.json,7bf6071371b849620514db3f0d3ea4ee766c8e17299da04fbdb293c2df48ed64,failure_probe,attack_dup_sweep_continuous,benign_continuous,200,old_B5,FNR,1.0,1.0,1.0,6,paired_trace,5000 paired-trace bootstrap resamples,measured,
E3,e3_test_results.json,7bf6071371b849620514db3f0d3ea4ee766c8e17299da04fbdb293c2df48ed64,failure_probe,attack_dup_sweep_continuous,benign_continuous,200,old_B5,balanced_precision,0.0,0.0,0.0,6,paired_trace,5000 paired-trace bootstrap resamples,measured,
E3,e3_test_results.json,7bf6071371b849620514db3f0d3ea4ee766c8e17299da04fbdb293c2df48ed64,failure_probe,attack_dup_sweep_continuous,benign_continuous,200,old_B5,J,-1.0,-1.0,-1.0,6,paired_trace,5000 paired-trace bootstrap resamples,measured,
E3,e3_test_results.json,7bf6071371b849620514db3f0d3ea4ee766c8e17299da04fbdb293c2df48ed64,negative_control,attack_random_continuous,benign_continuous,24,B2,attack_alert_rate,0.49333333333333335,0.4466666666666667,0.5466666666666667,6,paired_trace,5000 paired-trace bootstrap resamples,measured,
E3,e3_test_results.json,7bf6071371b849620514db3f0d3ea4ee766c8e17299da04fbdb293c2df48ed64,negative_control,attack_random_continuous,benign_continuous,24,B2,benign_trigger_rate,0.49333333333333335,0.4388888888888889,0.5422222222222223,6,paired_trace,5000 paired-trace bootstrap resamples,measured,
E3,e3_test_results.json,7bf6071371b849620514db3f0d3ea4ee766c8e17299da04fbdb293c2df48ed64,negative_control,attack_random_continuous,benign_continuous,24,B2,FNR,0.5066666666666667,0.4533333333333333,0.5534444444444429,6,paired_trace,5000 paired-trace bootstrap resamples,measured,
E3,e3_test_results.json,7bf6071371b849620514db3f0d3ea4ee766c8e17299da04fbdb293c2df48ed64,negative_control,attack_random_continuous,benign_continuous,24,B2,balanced_precision,0.5,0.5,0.5,6,paired_trace,5000 paired-trace bootstrap resamples,measured,
E3,e3_test_results.json,7bf6071371b849620514db3f0d3ea4ee766c8e17299da04fbdb293c2df48ed64,negative_control,attack_random_continuous,benign_continuous,24,B2,J,0.0,0.0,0.0,6,paired_trace,5000 paired-trace bootstrap resamples,measured,
E3,e3_test_results.json,7bf6071371b849620514db3f0d3ea4ee766c8e17299da04fbdb293c2df48ed64,negative_control,attack_random_continuous,benign_continuous,24,new_B5,attack_alert_rate,0.0,0.0,0.0,6,paired_trace,5000 paired-trace bootstrap resamples,measured,
E3,e3_test_results.json,7bf6071371b849620514db3f0d3ea4ee766c8e17299da04fbdb293c2df48ed64,negative_control,attack_random_continuous,benign_continuous,24,new_B5,benign_trigger_rate,0.0,0.0,0.0,6,paired_trace,5000 paired-trace bootstrap resamples,measured,
E3,e3_test_results.json,7bf6071371b849620514db3f0d3ea4ee766c8e17299da04fbdb293c2df48ed64,negative_control,attack_random_continuous,benign_continuous,24,new_B5,FNR,1.0,1.0,1.0,6,paired_trace,5000 paired-trace bootstrap resamples,measured,
E3,e3_test_results.json,7bf6071371b849620514db3f0d3ea4ee766c8e17299da04fbdb293c2df48ed64,negative_control,attack_random_continuous,benign_continuous,24,new_B5,balanced_precision,0.5,0.5,0.5,6,paired_trace,5000 paired-trace bootstrap resamples,measured,
E3,e3_test_results.json,7bf6071371b849620514db3f0d3ea4ee766c8e17299da04fbdb293c2df48ed64,negative_control,attack_random_continuous,benign_continuous,24,new_B5,J,0.0,0.0,0.0,6,paired_trace,5000 paired-trace bootstrap resamples,measured,
E3,e3_test_results.json,7bf6071371b849620514db3f0d3ea4ee766c8e17299da04fbdb293c2df48ed64,negative_control,attack_random_continuous,benign_continuous,24,old_B5,attack_alert_rate,0.49333333333333335,0.44111111111111106,0.5466666666666667,6,paired_trace,5000 paired-trace bootstrap resamples,measured,
E3,e3_test_results.json,7bf6071371b849620514db3f0d3ea4ee766c8e17299da04fbdb293c2df48ed64,negative_control,attack_random_continuous,benign_continuous,24,old_B5,benign_trigger_rate,0.49333333333333335,0.44,0.5466666666666667,6,paired_trace,5000 paired-trace bootstrap resamples,measured,
E3,e3_test_results.json,7bf6071371b849620514db3f0d3ea4ee766c8e17299da04fbdb293c2df48ed64,negative_control,attack_random_continuous,benign_continuous,24,old_B5,FNR,0.5066666666666667,0.4577777777777778,0.5577777777777778,6,paired_trace,5000 paired-trace bootstrap resamples,measured,
E3,e3_test_results.json,7bf6071371b849620514db3f0d3ea4ee766c8e17299da04fbdb293c2df48ed64,negative_control,attack_random_continuous,benign_continuous,24,old_B5,balanced_precision,0.5,0.5,0.5,6,paired_trace,5000 paired-trace bootstrap resamples,measured,
E3,e3_test_results.json,7bf6071371b849620514db3f0d3ea4ee766c8e17299da04fbdb293c2df48ed64,negative_control,attack_random_continuous,benign_continuous,24,old_B5,J,0.0,0.0,0.0,6,paired_trace,5000 paired-trace bootstrap resamples,measured,
E3,e3_test_results.json,7bf6071371b849620514db3f0d3ea4ee766c8e17299da04fbdb293c2df48ed64,negative_control,attack_random_continuous,benign_continuous,60,B2,attack_alert_rate,1.0,1.0,1.0,6,paired_trace,5000 paired-trace bootstrap resamples,measured,
E3,e3_test_results.json,7bf6071371b849620514db3f0d3ea4ee766c8e17299da04fbdb293c2df48ed64,negative_control,attack_random_continuous,benign_continuous,60,B2,benign_trigger_rate,1.0,1.0,1.0,6,paired_trace,5000 paired-trace bootstrap resamples,measured,
E3,e3_test_results.json,7bf6071371b849620514db3f0d3ea4ee766c8e17299da04fbdb293c2df48ed64,negative_control,attack_random_continuous,benign_continuous,60,B2,FNR,0.0,0.0,0.0,6,paired_trace,5000 paired-trace bootstrap resamples,measured,
E3,e3_test_results.json,7bf6071371b849620514db3f0d3ea4ee766c8e17299da04fbdb293c2df48ed64,negative_control,attack_random_continuous,benign_continuous,60,B2,balanced_precision,0.5,0.5,0.5,6,paired_trace,5000 paired-trace bootstrap resamples,measured,
E3,e3_test_results.json,7bf6071371b849620514db3f0d3ea4ee766c8e17299da04fbdb293c2df48ed64,negative_control,attack_random_continuous,benign_continuous,60,B2,J,0.0,0.0,0.0,6,paired_trace,5000 paired-trace bootstrap resamples,measured,
E3,e3_test_results.json,7bf6071371b849620514db3f0d3ea4ee766c8e17299da04fbdb293c2df48ed64,negative_control,attack_random_continuous,benign_continuous,60,new_B5,attack_alert_rate,0.26333333333333336,0.20555555555555557,0.32222222222222224,6,paired_trace,5000 paired-trace bootstrap resamples,measured,
E3,e3_test_results.json,7bf6071371b849620514db3f0d3ea4ee766c8e17299da04fbdb293c2df48ed64,negative_control,attack_random_continuous,benign_continuous,60,new_B5,benign_trigger_rate,0.2688888888888889,0.2222222222222222,0.31444444444444447,6,paired_trace,5000 paired-trace bootstrap resamples,measured,
E3,e3_test_results.json,7bf6071371b849620514db3f0d3ea4ee766c8e17299da04fbdb293c2df48ed64,negative_control,attack_random_continuous,benign_continuous,60,new_B5,FNR,0.7366666666666667,0.6766666666666667,0.7955555555555556,6,paired_trace,5000 paired-trace bootstrap resamples,measured,
E3,e3_test_results.json,7bf6071371b849620514db3f0d3ea4ee766c8e17299da04fbdb293c2df48ed64,negative_control,attack_random_continuous,benign_continuous,60,new_B5,balanced_precision,0.49722222222222223,0.4894444444444444,0.505,6,paired_trace,5000 paired-trace bootstrap resamples,measured,
E3,e3_test_results.json,7bf6071371b849620514db3f0d3ea4ee766c8e17299da04fbdb293c2df48ed64,negative_control,attack_random_continuous,benign_continuous,60,new_B5,J,-0.005555555555555554,-0.021111111111111105,0.009999999999999995,6,paired_trace,5000 paired-trace bootstrap resamples,measured,
E3,e3_test_results.json,7bf6071371b849620514db3f0d3ea4ee766c8e17299da04fbdb293c2df48ed64,negative_control,attack_random_continuous,benign_continuous,60,old_B5,attack_alert_rate,1.0,1.0,1.0,6,paired_trace,5000 paired-trace bootstrap resamples,measured,
E3,e3_test_results.json,7bf6071371b849620514db3f0d3ea4ee766c8e17299da04fbdb293c2df48ed64,negative_control,attack_random_continuous,benign_continuous,60,old_B5,benign_trigger_rate,1.0,1.0,1.0,6,paired_trace,5000 paired-trace bootstrap resamples,measured,
E3,e3_test_results.json,7bf6071371b849620514db3f0d3ea4ee766c8e17299da04fbdb293c2df48ed64,negative_control,attack_random_continuous,benign_continuous,60,old_B5,FNR,0.0,0.0,0.0,6,paired_trace,5000 paired-trace bootstrap resamples,measured,
E3,e3_test_results.json,7bf6071371b849620514db3f0d3ea4ee766c8e17299da04fbdb293c2df48ed64,negative_control,attack_random_continuous,benign_continuous,60,old_B5,balanced_precision,0.5,0.5,0.5,6,paired_trace,5000 paired-trace bootstrap resamples,measured,
E3,e3_test_results.json,7bf6071371b849620514db3f0d3ea4ee766c8e17299da04fbdb293c2df48ed64,negative_control,attack_random_continuous,benign_continuous,60,old_B5,J,0.0,0.0,0.0,6,paired_trace,5000 paired-trace bootstrap resamples,measured,
E3,e3_test_results.json,7bf6071371b849620514db3f0d3ea4ee766c8e17299da04fbdb293c2df48ed64,negative_control,attack_random_continuous,benign_continuous,120,B2,attack_alert_rate,1.0,1.0,1.0,6,paired_trace,5000 paired-trace bootstrap resamples,measured,
E3,e3_test_results.json,7bf6071371b849620514db3f0d3ea4ee766c8e17299da04fbdb293c2df48ed64,negative_control,attack_random_continuous,benign_continuous,120,B2,benign_trigger_rate,1.0,1.0,1.0,6,paired_trace,5000 paired-trace bootstrap resamples,measured,
E3,e3_test_results.json,7bf6071371b849620514db3f0d3ea4ee766c8e17299da04fbdb293c2df48ed64,negative_control,attack_random_continuous,benign_continuous,120,B2,FNR,0.0,0.0,0.0,6,paired_trace,5000 paired-trace bootstrap resamples,measured,
E3,e3_test_results.json,7bf6071371b849620514db3f0d3ea4ee766c8e17299da04fbdb293c2df48ed64,negative_control,attack_random_continuous,benign_continuous,120,B2,balanced_precision,0.5,0.5,0.5,6,paired_trace,5000 paired-trace bootstrap resamples,measured,
E3,e3_test_results.json,7bf6071371b849620514db3f0d3ea4ee766c8e17299da04fbdb293c2df48ed64,negative_control,attack_random_continuous,benign_continuous,120,B2,J,0.0,0.0,0.0,6,paired_trace,5000 paired-trace bootstrap resamples,measured,
E3,e3_test_results.json,7bf6071371b849620514db3f0d3ea4ee766c8e17299da04fbdb293c2df48ed64,negative_control,attack_random_continuous,benign_continuous,120,new_B5,attack_alert_rate,1.0,1.0,1.0,6,paired_trace,5000 paired-trace bootstrap resamples,measured,
E3,e3_test_results.json,7bf6071371b849620514db3f0d3ea4ee766c8e17299da04fbdb293c2df48ed64,negative_control,attack_random_continuous,benign_continuous,120,new_B5,benign_trigger_rate,1.0,1.0,1.0,6,paired_trace,5000 paired-trace bootstrap resamples,measured,
E3,e3_test_results.json,7bf6071371b849620514db3f0d3ea4ee766c8e17299da04fbdb293c2df48ed64,negative_control,attack_random_continuous,benign_continuous,120,new_B5,FNR,0.0,0.0,0.0,6,paired_trace,5000 paired-trace bootstrap resamples,measured,
E3,e3_test_results.json,7bf6071371b849620514db3f0d3ea4ee766c8e17299da04fbdb293c2df48ed64,negative_control,attack_random_continuous,benign_continuous,120,new_B5,balanced_precision,0.5,0.5,0.5,6,paired_trace,5000 paired-trace bootstrap resamples,measured,
E3,e3_test_results.json,7bf6071371b849620514db3f0d3ea4ee766c8e17299da04fbdb293c2df48ed64,negative_control,attack_random_continuous,benign_continuous,120,new_B5,J,0.0,0.0,0.0,6,paired_trace,5000 paired-trace bootstrap resamples,measured,
E3,e3_test_results.json,7bf6071371b849620514db3f0d3ea4ee766c8e17299da04fbdb293c2df48ed64,negative_control,attack_random_continuous,benign_continuous,120,old_B5,attack_alert_rate,1.0,1.0,1.0,6,paired_trace,5000 paired-trace bootstrap resamples,measured,
E3,e3_test_results.json,7bf6071371b849620514db3f0d3ea4ee766c8e17299da04fbdb293c2df48ed64,negative_control,attack_random_continuous,benign_continuous,120,old_B5,benign_trigger_rate,1.0,1.0,1.0,6,paired_trace,5000 paired-trace bootstrap resamples,measured,
E3,e3_test_results.json,7bf6071371b849620514db3f0d3ea4ee766c8e17299da04fbdb293c2df48ed64,negative_control,attack_random_continuous,benign_continuous,120,old_B5,FNR,0.0,0.0,0.0,6,paired_trace,5000 paired-trace bootstrap resamples,measured,
E3,e3_test_results.json,7bf6071371b849620514db3f0d3ea4ee766c8e17299da04fbdb293c2df48ed64,negative_control,attack_random_continuous,benign_continuous,120,old_B5,balanced_precision,0.5,0.5,0.5,6,paired_trace,5000 paired-trace bootstrap resamples,measured,
E3,e3_test_results.json,7bf6071371b849620514db3f0d3ea4ee766c8e17299da04fbdb293c2df48ed64,negative_control,attack_random_continuous,benign_continuous,120,old_B5,J,0.0,0.0,0.0,6,paired_trace,5000 paired-trace bootstrap resamples,measured,
E3,e3_test_results.json,7bf6071371b849620514db3f0d3ea4ee766c8e17299da04fbdb293c2df48ed64,negative_control,attack_random_continuous,benign_continuous,200,B2,attack_alert_rate,1.0,1.0,1.0,6,paired_trace,5000 paired-trace bootstrap resamples,measured,
E3,e3_test_results.json,7bf6071371b849620514db3f0d3ea4ee766c8e17299da04fbdb293c2df48ed64,negative_control,attack_random_continuous,benign_continuous,200,B2,benign_trigger_rate,1.0,1.0,1.0,6,paired_trace,5000 paired-trace bootstrap resamples,measured,
E3,e3_test_results.json,7bf6071371b849620514db3f0d3ea4ee766c8e17299da04fbdb293c2df48ed64,negative_control,attack_random_continuous,benign_continuous,200,B2,FNR,0.0,0.0,0.0,6,paired_trace,5000 paired-trace bootstrap resamples,measured,
E3,e3_test_results.json,7bf6071371b849620514db3f0d3ea4ee766c8e17299da04fbdb293c2df48ed64,negative_control,attack_random_continuous,benign_continuous,200,B2,balanced_precision,0.5,0.5,0.5,6,paired_trace,5000 paired-trace bootstrap resamples,measured,
E3,e3_test_results.json,7bf6071371b849620514db3f0d3ea4ee766c8e17299da04fbdb293c2df48ed64,negative_control,attack_random_continuous,benign_continuous,200,B2,J,0.0,0.0,0.0,6,paired_trace,5000 paired-trace bootstrap resamples,measured,
E3,e3_test_results.json,7bf6071371b849620514db3f0d3ea4ee766c8e17299da04fbdb293c2df48ed64,negative_control,attack_random_continuous,benign_continuous,200,new_B5,attack_alert_rate,1.0,1.0,1.0,6,paired_trace,5000 paired-trace bootstrap resamples,measured,
E3,e3_test_results.json,7bf6071371b849620514db3f0d3ea4ee766c8e17299da04fbdb293c2df48ed64,negative_control,attack_random_continuous,benign_continuous,200,new_B5,benign_trigger_rate,0.9988888888888888,0.9966666666666666,1.0,6,paired_trace,5000 paired-trace bootstrap resamples,measured,
E3,e3_test_results.json,7bf6071371b849620514db3f0d3ea4ee766c8e17299da04fbdb293c2df48ed64,negative_control,attack_random_continuous,benign_continuous,200,new_B5,FNR,0.0,0.0,0.0,6,paired_trace,5000 paired-trace bootstrap resamples,measured,
E3,e3_test_results.json,7bf6071371b849620514db3f0d3ea4ee766c8e17299da04fbdb293c2df48ed64,negative_control,attack_random_continuous,benign_continuous,200,new_B5,balanced_precision,0.5005555555555555,0.5,0.5016666666666667,6,paired_trace,5000 paired-trace bootstrap resamples,measured,
E3,e3_test_results.json,7bf6071371b849620514db3f0d3ea4ee766c8e17299da04fbdb293c2df48ed64,negative_control,attack_random_continuous,benign_continuous,200,new_B5,J,0.0011111111111111183,0.0,0.003333333333333355,6,paired_trace,5000 paired-trace bootstrap resamples,measured,
E3,e3_test_results.json,7bf6071371b849620514db3f0d3ea4ee766c8e17299da04fbdb293c2df48ed64,negative_control,attack_random_continuous,benign_continuous,200,old_B5,attack_alert_rate,1.0,1.0,1.0,6,paired_trace,5000 paired-trace bootstrap resamples,measured,
E3,e3_test_results.json,7bf6071371b849620514db3f0d3ea4ee766c8e17299da04fbdb293c2df48ed64,negative_control,attack_random_continuous,benign_continuous,200,old_B5,benign_trigger_rate,1.0,1.0,1.0,6,paired_trace,5000 paired-trace bootstrap resamples,measured,
E3,e3_test_results.json,7bf6071371b849620514db3f0d3ea4ee766c8e17299da04fbdb293c2df48ed64,negative_control,attack_random_continuous,benign_continuous,200,old_B5,FNR,0.0,0.0,0.0,6,paired_trace,5000 paired-trace bootstrap resamples,measured,
E3,e3_test_results.json,7bf6071371b849620514db3f0d3ea4ee766c8e17299da04fbdb293c2df48ed64,negative_control,attack_random_continuous,benign_continuous,200,old_B5,balanced_precision,0.5,0.5,0.5,6,paired_trace,5000 paired-trace bootstrap resamples,measured,
E3,e3_test_results.json,7bf6071371b849620514db3f0d3ea4ee766c8e17299da04fbdb293c2df48ed64,negative_control,attack_random_continuous,benign_continuous,200,old_B5,J,0.0,0.0,0.0,6,paired_trace,5000 paired-trace bootstrap resamples,measured,
E3,e3_test_results.json,7bf6071371b849620514db3f0d3ea4ee766c8e17299da04fbdb293c2df48ed64,primary_macro,primary_sweeps,matching_benign,macro_8_cells,B2,attack_alert_rate,0.87125,0.8644444444444445,0.8784722222222222,6 per cell x 8 cells,paired_trace,5000 stratified paired-trace bootstrap resamples,measured,
E3,e3_test_results.json,7bf6071371b849620514db3f0d3ea4ee766c8e17299da04fbdb293c2df48ed64,primary_macro,primary_sweeps,matching_benign,macro_8_cells,B2,benign_trigger_rate,0.87125,0.8644444444444445,0.8783333333333333,6 per cell x 8 cells,paired_trace,5000 stratified paired-trace bootstrap resamples,measured,
E3,e3_test_results.json,7bf6071371b849620514db3f0d3ea4ee766c8e17299da04fbdb293c2df48ed64,primary_macro,primary_sweeps,matching_benign,macro_8_cells,B2,FNR,0.12875,0.12166666666666667,0.13569444444444445,6 per cell x 8 cells,paired_trace,5000 stratified paired-trace bootstrap resamples,measured,
E3,e3_test_results.json,7bf6071371b849620514db3f0d3ea4ee766c8e17299da04fbdb293c2df48ed64,primary_macro,primary_sweeps,matching_benign,macro_8_cells,B2,balanced_precision,0.5,0.5,0.5,6 per cell x 8 cells,paired_trace,5000 stratified paired-trace bootstrap resamples,measured,
E3,e3_test_results.json,7bf6071371b849620514db3f0d3ea4ee766c8e17299da04fbdb293c2df48ed64,primary_macro,primary_sweeps,matching_benign,macro_8_cells,B2,J,0.0,0.0,0.0,6 per cell x 8 cells,paired_trace,5000 stratified paired-trace bootstrap resamples,measured,
E3,e3_test_results.json,7bf6071371b849620514db3f0d3ea4ee766c8e17299da04fbdb293c2df48ed64,primary_macro,primary_sweeps,matching_benign,macro_8_cells,new_B5,attack_alert_rate,0.59125,0.5833333333333334,0.5990277777777777,6 per cell x 8 cells,paired_trace,5000 stratified paired-trace bootstrap resamples,measured,
E3,e3_test_results.json,7bf6071371b849620514db3f0d3ea4ee766c8e17299da04fbdb293c2df48ed64,primary_macro,primary_sweeps,matching_benign,macro_8_cells,new_B5,benign_trigger_rate,0.5804166666666667,0.5729166666666666,0.5876388888888888,6 per cell x 8 cells,paired_trace,5000 stratified paired-trace bootstrap resamples,measured,
E3,e3_test_results.json,7bf6071371b849620514db3f0d3ea4ee766c8e17299da04fbdb293c2df48ed64,primary_macro,primary_sweeps,matching_benign,macro_8_cells,new_B5,FNR,0.40875,0.4008298611111111,0.41638888888888886,6 per cell x 8 cells,paired_trace,5000 stratified paired-trace bootstrap resamples,measured,
E3,e3_test_results.json,7bf6071371b849620514db3f0d3ea4ee766c8e17299da04fbdb293c2df48ed64,primary_macro,primary_sweeps,matching_benign,macro_8_cells,new_B5,balanced_precision,0.5054166666666666,0.5039583333333333,0.506875,6 per cell x 8 cells,paired_trace,5000 stratified paired-trace bootstrap resamples,measured,
E3,e3_test_results.json,7bf6071371b849620514db3f0d3ea4ee766c8e17299da04fbdb293c2df48ed64,primary_macro,primary_sweeps,matching_benign,macro_8_cells,new_B5,J,0.010833333333333337,0.007777777777777782,0.013750000000000004,6 per cell x 8 cells,paired_trace,5000 stratified paired-trace bootstrap resamples,measured,
E3,e3_test_results.json,7bf6071371b849620514db3f0d3ea4ee766c8e17299da04fbdb293c2df48ed64,primary_macro,primary_sweeps,matching_benign,macro_8_cells,old_B5,attack_alert_rate,0.87125,0.8644444444444445,0.8783368055555555,6 per cell x 8 cells,paired_trace,5000 stratified paired-trace bootstrap resamples,measured,
E3,e3_test_results.json,7bf6071371b849620514db3f0d3ea4ee766c8e17299da04fbdb293c2df48ed64,primary_macro,primary_sweeps,matching_benign,macro_8_cells,old_B5,benign_trigger_rate,0.87125,0.8644444444444445,0.8783333333333333,6 per cell x 8 cells,paired_trace,5000 stratified paired-trace bootstrap resamples,measured,
E3,e3_test_results.json,7bf6071371b849620514db3f0d3ea4ee766c8e17299da04fbdb293c2df48ed64,primary_macro,primary_sweeps,matching_benign,macro_8_cells,old_B5,FNR,0.12875,0.12166666666666667,0.13569444444444445,6 per cell x 8 cells,paired_trace,5000 stratified paired-trace bootstrap resamples,measured,
E3,e3_test_results.json,7bf6071371b849620514db3f0d3ea4ee766c8e17299da04fbdb293c2df48ed64,primary_macro,primary_sweeps,matching_benign,macro_8_cells,old_B5,balanced_precision,0.5,0.5,0.5,6 per cell x 8 cells,paired_trace,5000 stratified paired-trace bootstrap resamples,measured,
E3,e3_test_results.json,7bf6071371b849620514db3f0d3ea4ee766c8e17299da04fbdb293c2df48ed64,primary_macro,primary_sweeps,matching_benign,macro_8_cells,old_B5,J,0.0,0.0,0.0,6 per cell x 8 cells,paired_trace,5000 stratified paired-trace bootstrap resamples,measured,
